url,name,cost_sgd,sell_sgd,sold,reviews,rating,images,shop
https://shopee.sg/sg-premium-waterproof-mattress-protector-fitted-bedsheet-king-queen-single-kids-baby-plastic-sheet-b-i.13842071.1711355351,"SG Premium Waterproof Mattress Protector - Fitted Bedsheet King Queen Single Kids Baby Plastic Sheet Bed Cover",5.5,39,20000,16973,4.87,9,"Lovihome"
https://shopee.sg/sunnysunny-sg-luxury-100-waterproof-mattress-protector-premium-brushed-fitted-bedsheet-soft-anti-bac-i.277390263.18510585241,"SunnySunny SG Luxury 100% Waterproof Mattress Protector Premium Brushed Fitted Bedsheet Soft Anti Bacterial Bedsheet Cover Single/Queen/King Size",4.99,29,10000,8566,4.83,9,"SunnySunny"
https://shopee.sg/kitchenz-3v-single-bed-frame-katil-besi-katil-kayu-katil-powder-coat-metal-katil-wooden-double-bed-f-i.1911420491.44665541175,"KitchenZ 3V Single Bed Frame Katil Besi Katil Kayu Katil Powder Coat Metal Katil Wooden Double Bed Frame",175.83,269,10000,8356,4.91,9,"kitchenz22.sg"
https://shopee.sg/living-mall-all-size-mattress-available-free-delivery-available-i.92727875.5554299896,"Living Mall - All Size Mattress Available - FREE Delivery Available",67.95,109,10000,7232,4.83,9,"Living Mall"
https://shopee.sg/single-mattress-tilam-bujang-1-5-2-3-4inch-i.526157577.29306003467,"Single Mattress Tilam Bujang *1.5/2/3/4inch",34.01,59,10000,7043,4.79,6,"spowermattressbl.sg"
https://shopee.sg/ready-stock-adjustable-upgraded-shoe-organizer-shoe-rack-shoe-stacker-shoe-organiser-simple-style-i.471653796.20012684738,"【Ready stock】Adjustable Upgraded Shoe Organizer | Shoe Rack | Shoe Stacker | Shoe Organiser - simple style",0.59,29,10000,6170,4.83,9,"Home living Market"
https://shopee.sg/jiji-sg-manzo-zola-laptop-table-stand-space-saving-foldable-laptop-table-computer-table-i.31165845.5847866238,"(JIJI SG) MANZO / ZOLA Laptop Table Stand  Space Saving / Foldable / Laptop Table / Computer Table",7.48,39,10000,5594,4.84,5,"JIJI.SG Official Store"
https://shopee.sg/new-fitted-bedsheet-single-super-single-queen-king-cadar-with-rubber-premium-cotton-mattress-cover-s-i.277390150.17583930525,"New Fitted Bedsheet Single/Super Single/Queen/King Cadar With Rubber Premium Cotton Mattress Cover Soft Bed Sheet",3.59,29,10000,5452,4.81,9,"mercurymarket.sg"
https://shopee.sg/sg-stock-multi-layer-shoe-rack-plastic-simple-shoe-racks-space-saving-diy-shoe-organizer-i.1389128163.28926642927,"SG Stock Multi-Layer Shoe Rack Plastic Simple Shoe Racks Space Saving DIY Shoe Organizer 鞋架",14.85,39,10000,5183,4.81,9,"LILI Home"
https://shopee.sg/deliver-in-1-2-days-foldable-mattress-single-and-queen-size-i.10435812.3543996643,"[Deliver in 1-2 days] FOLDABLE mattress Single and Queen Size",64.8,99,5000,5059,4.91,9,"SnoozeBedding"
https://shopee.sg/koala-home-bedsheet-set-bed-sheet-fitted-sheet-single-super-single-queen-king-size-bedsheet-mattres-i.785454343.20611580675,"🇸🇬Koala Home🔥Bedsheet Set/Bed Sheet/fitted sheet/Single/Super Single/Queen/King Size Bedsheet Mattress Protector1000TC",3.98,29,5000,4777,4.83,9,"Koala Home Lifestyle "
https://shopee.sg/living-mall-ortho-foam-hd-foam-mattress-and-mattress-topper-2-3-4-6-8-inches-all-sizes-available-i.92727875.1529468127,"Living Mall Ortho Foam HD Foam Mattress and Mattress Topper. 2/3/4/6/8 Inches. All Sizes Available.",50.2,79,5000,4513,4.8,9,"Living Mall"
https://shopee.sg/sg-cupboard-hanging-basket-rack-under-shelf-wardrobe-organizer-laundry-closet-clothes-hook-storage-k-i.13842071.1692841116,"SG Cupboard Hanging Basket Rack - Under Shelf Wardrobe Organizer Laundry Closet Clothes Hook Storage Kitchen Organiser",6.22,39,5000,4382,4.89,9,"Lovihome"
https://shopee.sg/kasut-plastic-shoes-rack-multi-layer-shoe-storage-cabinet-space-saving-diy-multi-tier-simple-shoe-ra-i.446883697.20295402112,"Kasut Plastic Shoes Rack/ Multi-layer Shoe/ Storage Cabinet Space Saving DIY Multi-tier Simple Shoe Racks",6.43,39,5000,4379,4.86,8,"baking_panda.sg"
https://shopee.sg/kokosyhilton-waterproof-fitted-mattress-protector-and-bedsheet-i.165046552.2575646101,"KOKOSYHilton Waterproof fitted Mattress protector and Bedsheet",9.6,39,5000,4320,4.88,9,"ereksg"
https://shopee.sg/next-day-delivery-foldable-storage-box-organiser-transparent-storage-cabinet-with-wheels-kitchen-ca-i.1374621362.28163350030,"【Next Day Delivery】Foldable Storage Box Organiser Transparent Storage Cabinet With Wheels Kitchen Cabinet Wardrobe",10.18,39,5000,4282,4.81,9,"Salvo Home"
https://shopee.sg/jiji-sg-titan-steel-shoe-rack-steel-pp-4-tier-5-tier-6-tier-easy-assemble-sg-i.31165845.5038262391,"(JIJI.SG) (TITAN Steel Shoe Rack) /Steel/ PP / 4 Tier / 5 Tier / 6 Tier / Easy Assemble / (SG)",7.41,39,5000,4236,4.8,9,"JIJI.SG Official Store"
https://shopee.sg/sg-stock-bundle-big-capacity-stackable-acrylic-magnetic-shoes-sneakers-storage-shoe-display-box-shel-i.20591056.4515286212,"SG Stock | Bundle | Big Capacity Stackable Acrylic Magnetic Shoes Sneakers Storage Shoe Display Box Shelf Rack Organizer",7.11,39,5000,4176,4.83,9,"BOX PRO"
https://shopee.sg/waterproof-mattress-protector-fitted-sheet-anti-dust-mite-cover-single-queen-king-i.9175583.7879720025,"🇸🇬Waterproof Mattress Protector Fitted Sheet - Anti-Dust Mite Cover-Single/Queen/King",5.56,39,5000,4063,4.85,8,"X-FACTOR"
https://shopee.sg/sea-horse-3fo914s1v-model-foldable-foam-mattress-3-fold-mattress-for-single-size-i.83541083.28753490911,"SEA HORSE 3FO914S1V Model Foldable Foam Mattress - 3-fold Mattress for Single Size",80.49,129,5000,3952,4.88,5,"SEA HORSE "
https://shopee.sg/easyhome-sg-modular-retractable-shelf-storage-rack-drawer-clothes-closet-wardrobe-organiser-i.7595687.1910336705,"Easyhome.sg Modular Retractable Shelf / Storage Rack Drawer Clothes Closet Wardrobe organiser",3.17,29,5000,3710,4.7,8,"easyhome.sg"
https://shopee.sg/mattress-protector-waterproof-bedsheet-pillow-bolster-case-anti-dust-mite-i.15050500.1540553901,"mattress protector 🇸🇬waterproof bedsheet pillow bolster case anti dust mite",6,39,5000,3666,4.9,9,"maternityexpress"
https://shopee.sg/mattress-protector-bed-bug-bedbugs-proof-waterproof-zipper-encasement-pillow-bolster-case-i.15050500.1540519896,"mattress protector 🇸🇬 Bed Bug bedbugs proof Waterproof zipper encasement pillow bolster case",6,39,5000,3599,4.9,9,"maternityexpress"
https://shopee.sg/koala-home-multi-purpose-foldable-laptop-table-lazy-table-bed-table-with-tablet-holder-for-work-stu-i.785454343.20607791887,"🇸🇬Koala Home🔥Multi-purpose Foldable Laptop Table Lazy Table Bed Table with Tablet Holder for Work Study",20.67,49,5000,3351,4.82,9,"Koala Home Lifestyle "
https://shopee.sg/sg-seller-mattress-protector-mattress-topper-anti-mite-breathable-with-elastic-band-i.624002679.15523901008,"SG Seller Mattress Protector Mattress Topper Anti Mite Breathable With Elastic Band",10,39,5000,3344,4.91,9,"jiajiahong"
https://shopee.sg/jiji-sg-portable-aluminium-folding-table-outdoor-foldable-table-fold-office-furniture-i.31165845.6643128148,"(JIJI SG) PORTABLE ALUMINIUM FOLDING TABLE Outdoor | Foldable Table | Fold  | Office  | Furniture",26.56,59,5000,3147,4.72,9,"JIJI.SG Official Store"
https://shopee.sg/sgs-certified-no-1-popular-in-japan-tatami-mattress-3-fold-4-size-option-i.2889150.1933722708,"🥇SGS Certified No.1 Popular in Japan! ★ TATAMI Mattress 3 Fold  (4 size option)",38.15,69,5000,3063,4.77,6,"krafter.sg"
https://shopee.sg/sg-stock-sgs-certified-no-1-popular-in-japan-tatami-mattress-cover-4-size-option-i.2889150.2470787981,"🥇【SG STOCK】SGS Certified No.1 Popular in Japan! ★Tatami Mattress Cover 🌟 [4 size option]",11.93,39,5000,2899,4.87,9,"krafter.sg"
https://shopee.sg/4-foam-bamboo-knitted-foldable-mattress-i.318646851.22214621168,"4' Foam Bamboo Knitted Foldable Mattress",92,139,5000,2863,4.95,7,"SleepMeMoments"
https://shopee.sg/dreamax-equinox-rest-8-inch-comfort-pocket-spring-mattress-i.486967120.14668989918,"DREAMAX Equinox Rest 8 Inch Comfort Pocket Spring Mattress",76.34,119,5000,2861,4.8,9,"DREAMAX"
https://shopee.sg/plastic-storage-box-dust-proof-and-moisture-proof-shoe-rack-shoe-storage-cabinet-household-simple-tr-i.704355887.18372904549,"Plastic storage box dust-proof and moisture-proof shoe rack shoe storage cabinet household simple transparent shoe box",1.81,29,5000,2834,4.6,9,"HOME+SG"
https://shopee.sg/furnituresg-ready-stock-local-seller-spring-pocket-mattress-single-super-single-queen-king-soft-ext-i.9880889.9889567406,"(FurnitureSG) (Ready Stock) Local Seller Spring Pocket Mattress Single/Super Single/Queen/King Soft Extra Firm",314.41,479,5000,2756,4.81,9,"FurnitureSG"
https://shopee.sg/deliver-in-1-2-days-all-size-foam-mattress-available-i.10435812.4748310120,"[Deliver in 1-2 days] All Size Foam Mattress Available",83.8,129,5000,2746,4.88,7,"SnoozeBedding"
https://shopee.sg/bamboo-shoe-rack-bench-seat-wearing-taking-off-shoes-strong-organizer-i.96953349.1619975370,"Bamboo Shoe Rack Bench/Seat Wearing Taking off Shoes Strong Organizer",19.8,49,5000,2697,4.73,9,"Lucky Baby Mummy SG"
https://shopee.sg/somnuz-comfy-10inch-individual-pocketed-spring-mattress-i.154665307.2337840960,"Somnuz Comfy 10inch Individual Pocketed Spring Mattress",252.43,379,5000,2627,4.78,9,"Megafurniture Official Store"
https://shopee.sg/premium-bamboo-installation-free-foldable-bamboo-shoe-rack-storage-shelves-organization-i.280158947.21850200827,"<Premium Bamboo> Installation Free Foldable Bamboo Shoe Rack Storage Shelves Organization",14.57,39,5000,2564,4.83,9,"JIAJIA HOME MART"
https://shopee.sg/metal-shoe-rack-minimalist-design-shoe-rack-bto-choice-high-density-polyethylene-metal-4-tier-5-tie-i.115295362.8538130563,"🇸🇬 Metal Shoe Rack/ Minimalist Design Shoe Rack/ BTO Choice/ High-Density Polyethylene & Metal/ 4 Tier & 5 Tier",10.45,39,5000,2465,4.72,8,"EVERLAND"
https://shopee.sg/updated-version-bto-shoe-rack-shoe-cabinet-hdb-shoe-rack-furniture-white-shoe-rack-diy-shoe-rack-i.116640572.1782553466,"UPDATED VERSION BTO shoe rack Shoe cabinet HDB shoe rack Furniture White shoe rack DIY shoe rack",13.6,39,5000,2461,4.8,9,"Ceople2015"
https://shopee.sg/epitex-cooling-waterproof-mattress-protector-bed-protector-fitted-protector-antibacterial-and-anti-m-i.27122064.2005786213,"Epitex Cooling Waterproof Mattress Protector | Bed Protector | Fitted Protector | Antibacterial And Anti-Mite",50.94,79,5000,2452,4.91,4,"Epitex Official Store"
https://shopee.sg/weich-100-waterproof-bedsheet-mattress-protector-pillow-protector-breathable-mattress-cover-i.84652429.1427724872,"WEICH 100% Waterproof Bedsheet Mattress Protector & Pillow Protector Breathable Mattress Cover",5.8,39,5000,2440,4.91,9,"Weich HomeTextile"
https://shopee.sg/intex-inflatable-air-bed-mattress-single-super-single-queen-super-queen-travel-camping-outdoor-i.13676621.2079177819,"Intex Inflatable Air Bed / Mattress (SIngle / Super Single / Queen / Super Queen) Travel * Camping * Outdoor",8.9,39,5000,2351,4.87,7,"RTR Online"
https://shopee.sg/plastic-panel-shoe-rack-cabinet-with-translucent-door-i.79495367.6949592946,"Plastic Panel Shoe Rack Cabinet with Translucent Door",16.23,49,5000,2313,4.74,9,"urbargainhunter"
https://shopee.sg/sg-ready-stock-foldable-shoe-box-3-pcs-6-pcs-bundle-installation-free-shoe-cabinet-shoe-rack-i.814796766.29800435713,"【SG READY STOCK】Foldable Shoe Box (3 Pcs/6 PCS Bundle)Installation Free shoe cabinet | shoe rack",8.16,39,5000,2190,4.91,9,"Love Storage Home"
https://shopee.sg/living-mall-6-inch-high-density-foam-mattress-single-super-single-queen-king-sizes-i.92727875.28811040036,"Living Mall 6-inch High Density Foam Mattress - Single / Super Single / Queen / King Sizes",61.55,99,5000,2169,4.89,8,"Living Mall"
https://shopee.sg/v-home-wardrobe-divider-organizer-for-closet-bookshelf-cabinet-no-drill-no-nail-free-shelf-support-i.20720050.2171837657,"[V.Home] Wardrobe Divider Organizer/ for Closet Bookshelf Cabinet /No drill no nail / Free Shelf Support Pegs included!",4.39,29,5000,2145,4.8,8,"Verihome"
https://shopee.sg/jean-perry-fitted-mattress-protector-i-mattress-topper-i-fitted-protector-i-mattress-pad-i-bed-prote-i.261548406.3157848997,"Jean Perry Fitted Mattress Protector I Mattress Topper I Fitted Protector I Mattress Pad I Bed Protector",37.15,69,5000,2088,4.93,5,"Jean Perry Official Store.SG"
https://shopee.sg/waterproof-mattress-protector-baby-crib-cover-i.15050500.3177481855,"Waterproof Mattress protector baby crib cover",6,39,5000,2083,4.93,9,"maternityexpress"
https://shopee.sg/bamboo-shoe-rack-shoe-bench-for-changing-shoes-waterproof-strong-durable-bamboo-i.1022508.534784603,"Bamboo Shoe Rack Shoe Bench for Changing Shoes Waterproof Strong Durable Bamboo",17.18,49,5000,2063,4.77,9,"GTHome (Singapore) "
https://shopee.sg/snb-90-foldable-multifunctional-laptop-study-table-desk-movable-computer-bedroom-table-sofa-side-tab-i.1093115257.25462474209,"SNB 90° Foldable Multifunctional Laptop Study Table Desk Movable Computer Bedroom Table Sofa Side Table With Wheels",27.1,59,5000,2017,3.81,9,"SUNNY BIERE OS.sg "
https://shopee.sg/snb-foldable-table-folding-computer-table-dining-table-study-tables-long-desk-training-table-office-i.1093115257.24760771718,"SNB Foldable Table Folding Computer Table Dining Table Study Tables Long Desk Training Table Office DeskFreeinstallation",40.6,69,5000,1998,4.33,9,"SUNNY BIERE OS.sg "
https://shopee.sg/jiji-sg-floor-chairs-cotton-suede-bean-bag-floor-sofa-lazy-sofa-i.31165845.7941976133,"JIJI.SG Floor Chairs (Cotton Suede) Bean Bag Floor Sofa Lazy Sofa",25.44,59,5000,1990,4.88,7,"JIJI.SG Official Store"
https://shopee.sg/sexy-mama-hdb-bto-upgraded-shoe-rack-multi-layer-storage-rack-in-sg-stock-i.858734984.18849141682,"sexy mama hdb bto upgraded shoe rack multi-layer storage rack in SG stock",27,59,5000,1989,4.72,8,"SEXY MAMA"
https://shopee.sg/epinova-fitted-waterproof-fitted-mattress-protector-4-sizes-bed-protector-antibacterial-and-anti-mit-i.27122064.2005786201,"Epinova Fitted Waterproof Fitted Mattress Protector [4 Sizes] | Bed Protector | Antibacterial And Anti-Mite",33.93,59,5000,1988,4.91,4,"Epitex Official Store"
https://shopee.sg/homie-ultrasoft-babycot-waterproof-bamboo-mattress-protector-cooling-waterproof-bedsheet-breathable-i.760726.7646494246,"🏅HOMIE UltraSoft BabyCot Waterproof Bamboo Mattress Protector/Cooling Waterproof Bedsheet/Breathable",7.99,39,5000,1979,4.96,9,"HOMIE Official Store"
https://shopee.sg/lili-3-10-layers-foldable-shoe-box-transparent-shoe-cabinet-stackable-shoe-storage-box-home-shoe-rac-i.1389128163.29370159896,"LILI 3-10 Layers Foldable Shoe Box Transparent Shoe Cabinet Stackable Shoe Storage Box Home Shoe Rack Cabinet",10.18,39,5000,1959,4.89,9,"LILI Home"
https://shopee.sg/mixshop-adjustable-upgraded-shoe-organizer-shoe-organiser-shoe-rack-shoe-stacker-i.286076538.24972514990,"mixshop Adjustable Upgraded Shoe Organizer, Shoe Organiser, Shoe Rack, Shoe Stacker",0.81,29,5000,1950,4.88,9,"mixshopsg"
https://shopee.sg/black-bamboo-shoe-rack-bench-seat-wearing-taking-off-shoes-strong-organizer-i.96953349.20625520788,"Black Bamboo Shoe Rack Bench/Seat Wearing Taking off Shoes Strong Organizer",20.7,49,5000,1936,4.79,9,"Lucky Baby Mummy SG"
https://shopee.sg/wardrobe-foldable-wardrobe-baby-wardrobe-transparent-double-door-wardrobe-cabinet-storage-snacks-sto-i.559085948.19286625586,"wardrobe Foldable Wardrobe  baby wardrobe   Transparent double door wardrobe cabinet storage /Snacks Storage Cabinet",64.9,99,5000,1914,4.79,9,"ABC Bear Home Storage"
https://shopee.sg/kapas-living-waterproof-tencel-mattress-protector-or-pillow-protector-tencel-cooling-i.934763865.19373899412,"KAPAS LIVING | Waterproof Tencel Mattress Protector or Pillow Protector | TENCEL | Cooling",25.06,59,5000,1911,4.94,7,"kapasliving"
https://shopee.sg/mums-choice-anti-dust-mite-bamboo-high-density-foam-mattress-with-breathable-holes-suitable-for-baby-i.5651988.1790732797,"Mums Choice Anti-Dust Mite Bamboo High Density Foam Mattress With breathable Holes Suitable for Baby Cot or Playpen",58.65,89,5000,1906,4.93,9,"Mums Choice"
https://shopee.sg/cotton-mattress-protector-elastic-band-sofe-comfy-anti-mite-breathable-otector-double-side-padded-en-i.507765009.8488660698,"Cotton Mattress Protector Elastic Band sofe&comfy Anti Mite Breathable otector Double side padded Envelope type",6.8,39,2000,1892,4.9,9,"HAVE A GOOD DAY"
https://shopee.sg/deliver-in-1-3-days-foldable-foam-mattress-i.136328682.2078146172,"[DELIVER IN 1 - 3 DAYS] FOLDABLE FOAM MATTRESS",55.9,89,2000,1892,4.9,9,"Moments Home And Living Pte Ltd"
https://shopee.sg/sg-stocks-upgraded-metal-shoe-rack-multi-layer-shoe-rack-minimalist-anti-rust-shoe-rack-bto-hdb-cho-i.115295362.17134438883,"⭐SG STOCKS⭐ Upgraded Metal Shoe Rack/ Multi-layer Shoe Rack/Minimalist Anti Rust Shoe Rack/ BTO HDB Choice",8.54,39,2000,1826,4.75,9,"EVERLAND"
https://shopee.sg/next-day-delivery-shoe-cabinet-stackable-multifunctional-shoe-storage-cabinet-home-shoe-box-shoe-ra-i.1389128163.29668724903,"【Next-Day Delivery】 Shoe Cabinet Stackable Multifunctional Shoe Storage Cabinet Home Shoe Box Shoe Rack Cabinet",14.85,39,2000,1806,4.8,9,"LILI Home"
https://shopee.sg/baby-mattress-adult-mattress-standard-customize-size-i.198897195.6706967970,"Baby Mattress/ Adult Mattress - Standard / Customize Size",67.9,109,2000,1794,4.92,8,"sgmommiesandbabies"
https://shopee.sg/lucky-home-multi-purpose-foldable-laptop-table-lazy-table-bed-table-with-tablet-holder-for-work-stu-i.1132987842.22987851216,"🇸🇬Lucky Home🔥Multi-purpose Foldable Laptop Table Lazy Table Bed Table with Tablet Holder for Work Study",7.62,39,2000,1756,4.83,6,"Lucky Home Lifestyle"
https://shopee.sg/sg-stock-xpanse-smart-desk-ergonomic-standing-electric-height-adjustable-pc-gaming-desk-table-offic-i.1096801819.24260871965,"【SG Stock】Xpanse Smart Desk Ergonomic Standing Electric Height Adjustable PC Gaming Desk Table Office Study Table Computer Desk",136.8,209,2000,1751,4.9,9,"Xpanse"
https://shopee.sg/mums-choice-100-cotton-baby-cot-fitted-sheet-crib-mattress-cover-i.5651988.4761869991,"Mums Choice 100% Cotton baby cot fitted sheet crib mattress cover",13.34,39,2000,1745,4.92,9,"Mums Choice"
https://shopee.sg/sg-stock-movable-computer-laptop-table-bedside-study-desk-dining-i.274578160.7053124330,"(SG STOCK) Movable Computer Laptop Table / Bedside Study Desk / Dining",33.41,59,2000,1736,4.79,9,"Happy Living"
https://shopee.sg/sea-horse-mattress-protector-f-mp-i.83541083.23634701647,"SEA HORSE Mattress Protector (F-MP)",22.27,49,2000,1728,4.86,5,"SEA HORSE "
https://shopee.sg/livingmall-munich-series-1-2-3-4-5-6-doors-soft-closing-wardrobe-with-drawers-top-cabinet-i.92727875.27253115313,"Livingmall Munich Series 1/2/3/4/5/6 Doors Soft Closing Wardrobe with Drawers & Top Cabinet",86.24,129,2000,1713,4.81,9,"Living Mall"
https://shopee.sg/sg-stock-1-2-3-4-seater-sofa-cover-waterproof-sofa-cover-protector-recliner-chair-cover-i.16524014.684348228,"*SG STOCK* 1/2/3/4 Seater Sofa Cover Waterproof Sofa Cover Protector Recliner Chair Cover",14.9,39,2000,1687,4.83,9,"lovehome.sg"
https://shopee.sg/living-mall-sabrina-bed-frame-with-mattress-package-i.92727875.1964875258,"Living Mall Sabrina Bed Frame with Mattress Package",155.34,239,2000,1681,4.73,9,"Living Mall"
https://shopee.sg/05-3-movable-computer-laptop-table-height-adjustable-i.96953349.1619195800,"05-3 Movable Computer Laptop Table/ Height Adjustable",22.8,49,2000,1678,4.68,9,"Lucky Baby Mummy SG"
https://shopee.sg/sg-seller-emmamy-baby-100-cotton-bedsheet-newborn-cot-fitted-sheet-crib-mattress-cover-washable-mat-i.290478948.5545805546,"SG Seller EmmAmy® Baby 100% Cotton Bedsheet Newborn Cot Fitted Sheet Crib Mattress Cover Washable Mat",9.45,39,2000,1676,4.92,9,"EmmAmy"
https://shopee.sg/soy-latex-fiber-mattress-memory-foam-cotton-single-queen-king-foldable-antibacterial-household-beddi-i.96953349.24081368361,"Soy Latex Fiber Mattress Memory Foam Cotton Single Queen King Foldable Antibacterial Household Bedding",40.7,69,2000,1663,4.7,9,"Lucky Baby Mummy SG"
https://shopee.sg/sg-stock-thick-tatami-mattress-filled-with-velvet-soft-down-folding-floor-mattress-hotel-standard-i.1283586799.25785259112,"SG Stock Thick tatami mattress filled with velvet soft down folding floor mattress Hotel Standard",34.8,59,2000,1646,4.64,9,"Jamie0.sg"
https://shopee.sg/home-multi-purpose-foldable-laptop-table-lazy-table-bed-table-i.704355887.17030364261,"(HOME+) Multi-purpose Foldable Laptop Table Lazy Table Bed Table",8.54,39,2000,1636,4.81,9,"HOME+SG"
https://shopee.sg/5-7-10-14-tiers-vertical-shoe-rack-cabinet-for-indoor-and-outdoor-i.79495367.1969129790,"5/7/10/14 Tiers Vertical Shoe Rack Cabinet for Indoor and Outdoor",11.43,39,2000,1631,4.79,9,"urbargainhunter"
https://shopee.sg/lazy-sofa-chair-double-seater-sofa-bean-bag-cover-with-filling-fullset-lazy-chair-kerusi-malas-besar-i.538670383.27752320230,"Lazy Sofa Chair Double Seater Sofa Bean Bag Cover with Filling fullset Lazy Chair Kerusi Malas Besar Siap isi 懒人沙发带填充选项",53.56,89,2000,1555,4.82,9,"littlequeenzr8.sg"
https://shopee.sg/etoz-950tc-fitted-bed-sheet-set-quilt-cover-sold-separately-fits-up-to-16-inches-mattress-i.15933442.1617821198,"ETOZ 950TC Fitted Bed Sheet Set - Quilt Cover sold Separately - Fits up to 16 inches Mattress",18.66,49,2000,1512,4.87,7,"ETOZ.SG Official Store"
https://shopee.sg/akemi-sleep-essentials-anti-dustmite-fitted-mattress-protector-s-single-single-queen-king-i.163790165.3837429086,"AKEMI Sleep Essentials Anti-Dustmite Fitted Mattress Protector (S. Single/ Single/ Queen/ King)",26.5,59,2000,1511,4.93,6,"AKEMI Official Store"
https://shopee.sg/sg-ready-stock-colorful-stackable-plastic-extra-large-stackable-shoes-box-rack-shoe-storage-cabinet-i.236813629.7579235505,"[✅Sg Ready Stock] Colorful Stackable Plastic Extra Large Stackable Shoes Box Rack Shoe Storage Cabinet Shelf",2.32,29,2000,1488,4.47,9,"TMAL1688"
https://shopee.sg/intex-air-beds-fiber-tech-dura-beam-foldable-air-mattress-self-inflate-inflatable-travel-camping-bed-i.10359.150934,"INTEX Air Beds - Fiber Tech Dura Beam Foldable Air Mattress ,Self Inflate Inflatable Travel Camping Bed",18.9,49,2000,1481,4.88,9,"ishopz"
https://shopee.sg/novelle-handy-mattress-i-travel-mattress-i-sofa-cushion-i-single-mattress-i-portable-mattress-i-fold-i.261548406.6860784766,"Novelle Handy Mattress I Travel Mattress I Sofa Cushion I Single Mattress I Portable Mattress I Foldable Mattress",20.87,49,2000,1476,4.83,3,"Jean Perry Official Store.SG"
https://shopee.sg/sg-ready-stocks-jomo-height-adjustable-beside-table-hdpe-table-folding-computer-desk-lifting-multi-i.263720366.16367218610,"✅SG Ready Stocks✅ JOMO Height Adjustable Beside Table HDPE Table Folding Computer Desk Lifting Multi-Purpose 可折叠床边电脑桌",28.7,59,2000,1473,4.64,9,"JOMO Living"
https://shopee.sg/spring-mattress-zinus-comfort-motion-isolation-25cm-i.255323447.7432028790,"Spring Mattress Zinus Comfort Motion Isolation 25cm",130.74,199,2000,1473,4.88,9,"Zinus Singapore Official Store"
https://shopee.sg/easyhome-sg-y3-multifunctional-laptop-study-table-desk-adjustable-height-rolling-wheels-bedside-stud-i.7595687.947240199,"Easyhome.sg | Y3 Multifunctional Laptop Study Table Desk | Adjustable Height, Rolling Wheels, Bedside & Study Use",38.9,69,2000,1445,4.8,7,"easyhome.sg"
https://shopee.sg/novelle-foldable-mattress-i-travel-mattress-i-single-mattress-i-portable-mattress-i-foldable-mattres-i.261548406.7653150351,"Novelle Foldable Mattress I Travel Mattress I Single Mattress I Portable Mattress I Foldable Mattress I Mattress",38.17,69,2000,1442,4.88,6,"Jean Perry Official Store.SG"
https://shopee.sg/dreamax-achika-mattress-protector-pad-single-super-single-queen-king-i.486967120.21410614259,"DREAMAX Achika Mattress Protector Pad Single Super Single Queen King",14.88,39,2000,1441,4.89,9,"DREAMAX"
https://shopee.sg/hxr-foldable-bamboo-shoe-rack-no-installation-multi-layer-space-saving-doorway-shoes-organizer-for-h-i.174052095.22442881377,"HXR Foldable Bamboo Shoe Rack No Installation Multi-layer Space-Saving Doorway Shoes Organizer For Home Bedroom Entrance",11.82,39,2000,1425,4.76,9,"Hxr Mobile"
https://shopee.sg/new-carved-doorway-shoe-rack-shoe-cabinet-diy-shoe-rack-furniture-white-shoes-rack-bto-shoe-rack-i.96953349.4321213487,"【New】Carved Doorway Shoe rack/Shoe cabinet/DIY shoe rack/Furniture/ White shoes rack/BTO shoe rack",21.7,49,2000,1419,4.69,9,"Lucky Baby Mummy SG"
https://shopee.sg/living-mall-tiana-series-4ft-5ft-6ft-2-door-sliding-door-wardrobe-in-white-wash-or-walnut-i.92727875.25433062252,"Living Mall Tiana Series 4FT/5FT/6FT 2-Door Sliding Door Wardrobe in White Wash or Walnut",309.52,469,2000,1402,4.77,9,"Living Mall"
https://shopee.sg/new-study-table-computer-table-pc-desk-i.96953349.7523886695,"New Study Table / Computer Table/ PC Desk",54.8,89,2000,1394,4.65,9,"Lucky Baby Mummy SG"
https://shopee.sg/a51-modern-study-computer-table-office-desk-i.96953349.5969102990,"【A51】Modern Study Computer Table / Office Desk",34.5,59,2000,1378,4.62,8,"Lucky Baby Mummy SG"
https://shopee.sg/d168-doorway-single-shoe-rack-wooden-shoe-shelf-6-7-8-tier-shoe-rack-i.96953349.2870309811,"D168 Doorway Single Shoe Rack Wooden Shoe Shelf/ 6/7/8 Tier Shoe Rack",23.8,49,2000,1372,4.65,8,"Lucky Baby Mummy SG"
https://shopee.sg/azure-cool-max-12-inch-euro-top-cooling-ice-silk-fabric-latex-cool-gel-pocketed-spring-mattress-i.230445974.15496789480,"Azure™ Cool Max | 12 Inch Euro Top, Cooling Ice silk Fabric + Latex + Cool Gel Pocketed Spring Mattress.",364.94,549,2000,1361,4.96,8,"Azure_sg"
https://shopee.sg/sleeptech-cooling-posture-firm-hotel-pocket-spring-mattress-euro-top-7-8-10-12-13-inch-single-super-i.70650596.10910242431,"Sleeptech™ Cooling Posture Firm Hotel Pocket Spring Mattress| Euro Top 7 8 10 12 13 inch |Single Super Single Queen King",183.08,279,2000,1351,4.78,9,"Home And Style"
https://shopee.sg/reclining-lazy-tatami-floor-sofa-foldable-chair-furniture-adjustable-lazy-chair-relax-bean-bag-balc-i.8360517.1974254864,"🇸🇬 Reclining Lazy Tatami Floor Sofa / Foldable Chair Furniture Adjustable lazy chair / Relax Bean Bag / Balcony / Kids",28.7,59,2000,1342,4.64,6,"JRKSG"
https://shopee.sg/furnituresg-high-density-single-super-single-queen-size-king-foam-mattress-sale-i.9880889.2677873999,"(FurnitureSG) High Density Single/Super Single/Queen Size/King Foam Mattress Sale",59.23,89,2000,1307,4.88,6,"FurnitureSG"
https://shopee.sg/sg-stock-modular-retractable-multi-storey-stackable-drawer-storage-box-big-multi-purpose-wardrobe-c-i.332820633.9815741309,"【SG Stock】Modular Retractable Multi Storey Stackable Drawer Storage Box Big Multi Purpose Wardrobe Clothes Organizer",4.93,29,2000,1302,4.87,9,"SGreat Life"
https://shopee.sg/360-swivel-lazy-sofa-multi-fold-lazy-chair-i.96953349.2415330833,"360 Swivel Lazy sofa multi-fold lazy chair",79.8,119,2000,1284,4.87,9,"Lucky Baby Mummy SG"
https://shopee.sg/furnituresg-1-2-3-door-wooden-wardrobe-3-colours-i.9880889.7722879626,"(FurnitureSG) 1/2/3 Door Wooden Wardrobe (3 Colours)",181.75,279,2000,1254,4.75,8,"FurnitureSG"
https://shopee.sg/shoe-rack-with-plastic-panel-4-5-tiers-keep-dust-and-dirt-out-i.79495367.16623468220,"Shoe Rack With Plastic Panel 4 / 5 Tiers Keep Dust and Dirt Out",15.27,49,2000,1240,4.5,9,"urbargainhunter"
https://shopee.sg/k-frame-computer-study-table-desk-i.96953349.7159291865,"K Frame Computer / Study Table/Desk",35.8,69,2000,1232,4.71,9,"Lucky Baby Mummy SG"
https://shopee.sg/jiji-sg-minimalist-full-foldable-table-folding-table-computer-table-i.31165845.7741978099,"(JIJI SG) Minimalist Full Foldable Table / Folding Table / Computer Table",41.39,69,2000,1185,4.63,7,"JIJI.SG Official Store"
https://shopee.sg/simple-minimalist-shoe-rack-3-4-5-tiers-i.79495367.17784781136,"Simple Minimalist Shoe Rack 3/4/5 Tiers",7.99,39,2000,1185,4.75,7,"urbargainhunter"
https://shopee.sg/spring-mattress-zinus-euro-top-pocketed-spring-30cm-i.255323447.7332029512,"Spring Mattress Zinus Euro Top Pocketed Spring 30cm",139.56,209,2000,1163,4.84,9,"Zinus Singapore Official Store"
https://shopee.sg/living-mall-orthocoil-diomire-flamingo-posture-care-series-spring-mattress-all-sizes-i.92727875.7563283530,"Living Mall OrthoCoil + Diomire + Flamingo - Posture Care Series Spring Mattress - All Sizes",127.91,199,2000,1163,4.77,9,"Living Mall"
https://shopee.sg/nordic-minimalist-shoes-rack-bench-shoe-storage-i.96953349.17865894920,"Nordic Minimalist Shoes Rack Bench/Shoe Storage",29.9,59,2000,1120,4.71,6,"Lucky Baby Mummy SG"
https://shopee.sg/living-mall-ortho-foam-hd-royal-foam-mattress-4-inches-single-in-colour-foam-i.92727875.5891636509,"Living Mall Ortho Foam HD Royal Foam Mattress.4 Inches Single in Colour Foam",31.38,59,2000,1117,4.88,5,"Living Mall"
https://shopee.sg/salvo-hdb-bto-shoe-rack-simple-multi-layer-shoe-rack-space-saving-storage-shoe-organizer-suit-i.1374621362.29476657796,"Salvo HDB/BTO Shoe Rack Simple Multi-layer Shoe Rack Space Saving Storage Shoe Organizer Suit 鞋架",12.05,39,2000,1112,4.82,9,"Salvo Home"
https://shopee.sg/snb-boltless-rack-home-kitchen-storage-rack-adjustable-rack-metal-rack-shelf-high-load-bearing-easy-i.1093115257.24104901305,"SNB Boltless Rack Home kitchen Storage Rack Adjustable Rack Metal Rack Shelf High Load-Bearing Easy To Install",31.62,59,2000,1108,4.11,9,"SUNNY BIERE OS.sg "
https://shopee.sg/b5-foldable-tatami-lazy-sofa-floor-chair-foldable-chair-cushion-floor-sofa-i.96953349.11498004184,"B5 Foldable Tatami Lazy Sofa / Floor Chair/ Foldable Chair / Cushion/ Floor Sofa",49.7,79,2000,1102,4.91,9,"Lucky Baby Mummy SG"
https://shopee.sg/azure-xtra-firm-10-inch-latex-hybrid-mattress-pocketed-spring-single-super-single-queen-king-mattres-i.230445974.25634511273,"Azure™ Xtra-Firm | 10 Inch Latex Hybrid Mattress | Pocketed Spring | Single, Super Single, Queen, King Mattress",162.06,249,2000,1097,4.94,8,"Azure_sg"
https://shopee.sg/100-bamboo-terry-waterproof-breathable-mattress-pillow-protector-by-dunlopillo-indonesia-dplatex-i.269333953.5536120339,"100% Bamboo Terry - Waterproof & Breathable Mattress/ Pillow Protector - by Dunlopillo Indonesia - DPLatex -透气防水床罩",39,69,2000,1096,4.85,6,"Slumberloft Store"
https://shopee.sg/epitex-3-fold-high-density-foam-mattress-4cm-8cm-11cm-bed-mattress-bedding-i.27122064.7542528292,"Epitex 3 fold High Density Foam Mattress | 4cm | 8cm | 11cm | Bed | Mattress | Bedding",79.42,119,2000,1077,4.89,6,"Epitex Official Store"
https://shopee.sg/living-mall-basic-faux-leather-linen-fabric-divan-bed-frame-with-5cm-legs-w-petfriendly-option-i.92727875.6166738251,"Living Mall Basic Faux Leather/Linen Fabric Divan Bed Frame With 5cm Legs w/ PetFriendly Option",73.05,109,2000,1077,4.7,9,"Living Mall"
https://shopee.sg/foldable-folding-cabinet-wardrobe-with-wheels-collapsible-drawer-stackable-storage-box-clothes-toys-i.417738002.22658114763,"Foldable Folding Cabinet Wardrobe with Wheels | Collapsible Drawer Stackable Storage Box Clothes Toys | Home Organizer",44.2,69,2000,1065,4.91,8,"Chime Living"
https://shopee.sg/study-computer-table-office-desk-i.96953349.1619976169,"Study Computer Table/Office Desk",49.8,79,2000,1051,4.63,9,"Lucky Baby Mummy SG"
https://shopee.sg/next-day-delivery-box-pro-60-65-70-75-83-cm-foldable-kids-wardrobe-cabinet-drawer-storage-kids-organ-i.20591056.28601627915,"Next Day Delivery | Box Pro | 60/65/70/75/83 cm Foldable Kids Wardrobe Cabinet Drawer Storage Kids Organizer Rack Boxpro",73.86,119,2000,1048,4.78,8,"BOX PRO"
https://shopee.sg/v-home-quilted-water-proof-fitted-mattress-cover-protector-sizes-from-baby-cot-to-king-i.20720050.8522771214,"[V.Home] Quilted Water-proof Fitted Mattress Cover Protector/Sizes from Baby Cot to King",7.13,39,2000,1013,4.86,9,"Verihome"
https://shopee.sg/easyhome-sg-foldable-storage-cabinet-kids-wardrobe-clothes-organizer-space-saving-i.7595687.24558611364,"Easyhome.sg Foldable Storage Cabinet | Kids Wardrobe & Clothes Organizer (Space-Saving)",21.65,49,2000,1005,4.85,8,"easyhome.sg"
https://shopee.sg/mattress-by-diomire-latex-memory-foam-pocketed-spring-bonnell-spring-all-sizes-available-i.92727875.11870668255,"Mattress by Diomire - Latex/Memory Foam/Pocketed Spring/Bonnell Spring, All Sizes Available",109.71,169,2000,997,4.77,9,"Living Mall"
https://shopee.sg/azure-cooling-gel-mattress-pocketed-springs-10-inch-quality-euro-top-single-ss-queen-king-size-mattr-i.230445974.19475869465,"Azure™ Cooling Gel Mattress | Pocketed Springs | 10 Inch Quality Euro Top | Single, SS, Queen, King Size Mattress",181.29,279,2000,986,4.93,8,"Azure_sg"
https://shopee.sg/azure-cool-hybrid-10-inch-orthopedic-euro-top-tencel-fabric-cooling-gel-latex-mattress-pocketed-spri-i.230445974.23031231380,"Azure™ Cool Hybrid 10 Inch | Orthopedic Euro Top, Tencel Fabric + Cooling Gel + Latex Mattress | Pocketed Spring.",268.79,409,2000,976,4.94,8,"Azure_sg"
https://shopee.sg/yayu-foldable-mattress-single-mattress-and-queen-foldable-bed-4-fold-8cm-thickened-sponge-floor-tata-i.958337971.19375770455,"YAYU Foldable Mattress Single Mattress And Queen Foldable Bed / 4 Fold / 8cm Thickened Sponge Floor Tatami Mattress Sleeping Mat",26.3,59,2000,971,4.67,9,"yuande1.sg"
https://shopee.sg/living-mall-angela-storage-bed-frame-sbd12-petfriendly-in-50-colors-with-mattress-option-i.92727875.9602120277,"Living Mall Angela Storage Bed Frame SBD12"" PetFriendly In 50 Colors / With Mattress Option",292.48,439,2000,968,4.67,9,"Living Mall"
https://shopee.sg/azure-hotel-deluxe-25cm-motion-isolation-spring-mattress-single-super-single-queen-king-size-mattres-i.230445974.25138263371,"Azure™ Hotel Deluxe 25cm | Motion Isolation Spring Mattress | Single, Super Single, Queen, King Size Mattress",200.52,309,2000,962,4.95,9,"Azure_sg"
https://shopee.sg/gr-furniture-2-and-3-door-wardrobe-cabinet-cupboard-clothes-with-hanging-rod-walnut-and-oak-color-i.1017791466.24903907182,"GR Furniture 2 And 3 Door Wardrobe Cabinet Cupboard Clothes with Hanging Rod Walnut And Oak Color",115.6,179,2000,961,4.82,9,"GR Furniture"
https://shopee.sg/cotton-baby-bed-sheet-fitted-mattress-cover-for-cots-and-cribs-i.83318079.8478286962,"Cotton Baby Bed Sheet Fitted Mattress Cover for Cots and Cribs",9.5,39,2000,960,4.94,5,"cuteboid"
https://shopee.sg/sea-horse-very-hard-2-model-foam-mattress-about-25-30-days-delivery-i.83541083.7212168266,"SEA HORSE Very Hard 2 Model Foam Mattress! About 25~30 Days Delivery!",179.25,269,2000,947,4.84,4,"SEA HORSE "
https://shopee.sg/ready-stock-foldable-stackable-shoe-storage-box-rack-transparent-organiser-organizer-cabinet-with-l-i.1072973436.22054972921,"🇸🇬 Ready Stock Foldable Stackable Shoe Storage Box Rack Transparent Organiser Organizer Cabinet with Lid No Installation",11.5,39,2000,941,4.92,9,"Shiok Home"
https://shopee.sg/bamboo-fiber-waterproof-mattress-protector-fitted-sheet-i.15050500.23008882635,"bamboo fiber waterproof mattress protector fitted sheet",8,39,2000,939,4.91,8,"maternityexpress"
https://shopee.sg/waterproof-mattress-protector-fully-fitted-bed-protector-cover-i.224525024.4458178568,"Waterproof Mattress Protector (Fully Fitted) Bed Protector Cover",14.9,39,2000,932,4.9,2,"RTRliving"
https://shopee.sg/spring-mattress-zinus-latex-extra-firm-25cm-i.255323447.7778109314,"Spring Mattress Zinus Latex Extra Firm 25cm",200.23,309,2000,930,4.86,9,"Zinus Singapore Official Store"
https://shopee.sg/sg-stock-electric-height-adjustable-desk-ergonomic-standing-desk-4-memory-height-120cm-office-study-i.951174012.20373206320,"SG Stock Electric Height Adjustable Desk Ergonomic Standing Desk 4 Memory Height 120cm Office Study Table Desk",172.72,259,2000,928,4.75,9,"Oveeleo.SG"
https://shopee.sg/sg-ready-stock-free-installation-foldable-bamboo-shoe-rack-portable-folding-shoe-closet-shelf-cabin-i.306869927.21480058392,"【SG Ready Stock】Free Installation Foldable Bamboo Shoe Rack Portable Folding Shoe Closet Shelf Cabinet",11.5,39,2000,926,4.84,9,"INTUD"
https://shopee.sg/living-mall-dorcas-2-3-seater-sofa-set-ottoman-with-pet-friendly-scratch-resist-options-i.92727875.6760764621,"Living Mall Dorcas 2, 3 Seater Sofa Set + Ottoman with Pet-Friendly Scratch-Resist Options",145.67,219,2000,899,4.76,9,"Living Mall"
https://shopee.sg/lucky-baby-air-filled-rubber-cot-sheet-5-design-option-mid-large-i.951842.2879340970,"Lucky Baby Air-Filled Rubber Cot Sheet(5 Design Option) Mid/Large",11.9,39,2000,892,4.94,9,"Lucky Baby Official Store"
https://shopee.sg/jarrons-co-happy-cot-4-baby-cot-mattress-117x59cm-120x60cm-131x71cm-i.45380955.4550358368,"[Jarrons & Co] Happy Cot 4"" Baby Cot Mattress (117x59cm/120x60cm/131x71cm)",49,79,2000,892,4.89,9,"Jarrons & Co Official Store"
https://shopee.sg/m018-2021-new-arrival-wooden-shoe-rack-bench-convenient-seat-wearing-i.96953349.1621114814,"【M018】2021 New Arrival Wooden Shoe Rack Bench Convenient Seat Wearing",29.7,59,2000,890,4.36,9,"Lucky Baby Mummy SG"
https://shopee.sg/inflatable-mattress-with-electric-air-pump-outdoor-camping-moisture-proof-bed-foldable-portable-lazy-i.1382307633.25440387517,"Inflatable mattress with electric air pump outdoor camping moisture-proof bed Foldable portable lazy bed Ergonomic air bed 充气床垫",18.99,49,2000,885,4.82,9,"SAURON.SG"
https://shopee.sg/eliving-sg-stock-nordic-study-table-computer-desk-work-table-study-desk-minimalist-desk-student-tabl-i.395347097.9726724793,"eLIVING 🇸🇬SG STOCK Nordic Study Table Computer Desk Work Table Study Desk Minimalist Desk Student Table Home Furniture",44.89,69,2000,882,4.67,9,"e_LIVING"
https://shopee.sg/foam-mattress-zinus-green-tea-memory-foam-20cm-i.255323447.3147534469,"Foam Mattress Zinus Green Tea Memory Foam 20cm",126.62,189,2000,881,4.86,9,"Zinus Singapore Official Store"
https://shopee.sg/intex-airbed-air-mattress-single-super-single-double-super-queen-king-i.158129579.2887732609,"Intex Airbed Air Mattress - Single, Super Single, Double, Super Queen & King",10.5,39,2000,873,4.91,6,"Outdoors Equipment Shop and More"
https://shopee.sg/snb-140cm-home-office-table-study-writing-table-computer-desk-room-desk-office-student-desk-for-bedr-i.1093115257.24556394560,"SNB 140cm Home Office Table Study Writing Table Computer Desk Room Desk Office Student Desk For Bedroom Living Room",62.64,99,2000,866,3.88,9,"SUNNY BIERE OS.sg "
https://shopee.sg/furnituresg-wooden-shoe-cabinets-racks-free-installation-and-delivery-i.9880889.9624050983,"(FurnitureSG) Wooden Shoe Cabinets Racks Free Installation and Delivery",56.28,89,2000,864,4.81,9,"FurnitureSG"
https://shopee.sg/ortho-foam-4-inch-single-grey-high-density-foam-mattress-i.92727875.13951130577,"Ortho Foam 4 Inch Single Grey High Density Foam Mattress",36.87,69,2000,856,4.84,4,"Living Mall"
https://shopee.sg/furnituresg-ready-stock-seahorse-5-or-7-inches-crystal-foam-mattress-hard-single-super-single-queen-i.9880889.5618096853,"(FurnitureSG) Ready Stock Seahorse 5 or 7 inches Crystal Foam Mattress (Hard) Single Super Single Queen King",159.9,239,2000,853,4.86,2,"FurnitureSG"
https://shopee.sg/dreamax-nora-trifold-guest-mattress-single-size-foldable-with-hand-carry-bag-i.486967120.22281119706,"DREAMAX Nora Trifold Guest Mattress Single Size Foldable with Hand Carry Bag",46.84,79,2000,848,4.88,9,"DREAMAX"
https://shopee.sg/deliver-in-1-3-days-single-pu-foam-mattress-portable-low-density-polyurethane-foam-i.136328682.7843777378,"[DELIVER IN 1 - 3 DAYS] Single PU Foam mattress - Portable & Low Density Polyurethane Foam",28,59,2000,846,4.87,9,"Moments Home And Living Pte Ltd"
https://shopee.sg/next-day-delivery-box-pro-65-75cm-adult-foldable-wardrobe-cabinet-drawer-closet-organizer-clothes-ra-i.20591056.44307480867,"Next Day Delivery | Box Pro | 65/75cm Adult Foldable Wardrobe Cabinet Drawer Closet Organizer Clothes Rack Boxpro",108.25,169,2000,839,4.6,9,"BOX PRO"
https://shopee.sg/nature-basics-tencel-fitted-waterproof-mattress-protector-fabric-tencel-dimension-s-s-s-q-k-sk-i.268015327.4636221064,"Nature Basics Tencel Fitted Waterproof Mattress Protector | Fabric: Tencel | Dimension: S,S/S,Q,K,SK",29.9,59,2000,825,4.9,3,"Nature Basics"
https://shopee.sg/diy-stackable-shoe-rack-multi-layer-storage-free-combination-outdoor-bamboo-wooden-cabinet-organizer-i.280158947.22078453082,"DIY Stackable Shoe Rack Multi-Layer Storage Free Combination Outdoor Bamboo Wooden Cabinet Organizer Storag Shelf",4.67,29,2000,824,4.64,9,"JIAJIA HOME MART"
https://shopee.sg/houze-slim-monochrome-steel-shoe-rack-4-5-6-tiers-length-70cm-i.45828982.22979247908,"[HOUZE] 'SLIM' Monochrome Steel Shoe Rack - 4  | 5  | 6 Tiers [Length - 70cm]",29.9,59,2000,816,4.89,8,"HOUZE Official Store"
https://shopee.sg/hxr-diy-plastic-stackable-multilayer-shoe-rack-0-26-space-saving-easy-to-install-bedroom-household-s-i.174052095.28254781521,"HXR DIY Plastic Stackable Multilayer Shoe Rack | 0.26㎡ Space-Saving | Easy To Install | Bedroom Household Shoe Cabinet",8.9,39,2000,802,4.54,9,"Hxr Mobile"
https://shopee.sg/waterproof-mattress-protector-washable-underpads-adult-underpad-incontinence-pad-urine-pad-mat-i.911606878.17895042858,"Waterproof Mattress Protector Washable Underpads Adult underpad Incontinence Pad Urine Pad Mat",12.6,39,2000,796,4.91,6,"MedyeZQT.sg"
https://shopee.sg/living-mall-kenzo-series-5ft-sliding-glass-and-mirror-door-wardrobe-in-40-designs-i.92727875.2718206081,"Living Mall Kenzo Series 5ft Sliding Glass And Mirror Door Wardrobe in 40 designs",281.18,429,2000,789,4.64,9,"Living Mall"
https://shopee.sg/living-mall-solid-wooden-bed-frame-flat-plywood-base-in-single-super-single-size-i.92727875.12851612789,"Living Mall Solid Wooden Bed Frame Flat Plywood Base In Single/Super Single Size",155.34,239,2000,787,4.74,9,"Living Mall"
https://shopee.sg/jean-perry-elastic-straps-mattress-protector-i-mattress-pad-i-mattress-topper-i-bed-protector-i-matt-i.261548406.5245410845,"Jean Perry Elastic Straps Mattress Protector I Mattress Pad I Mattress Topper I Bed Protector I Mattress Protector",33.34,59,2000,779,4.87,5,"Jean Perry Official Store.SG"
https://shopee.sg/japan-krafter-500-pocketed-spring-mattress-6-inch-3-fold-foldable-mattress-sofa-bed-tri-fold-i.2889150.2893752871,"Japan Krafter 500 Pocketed Spring Mattress / 6 Inch / 3-Fold/ Foldable mattress / sofa bed / Tri-fold",148.9,229,2000,779,4.91,9,"krafter.sg"
https://shopee.sg/jiji-sg-lindsey-table-in-white-square-round-corner-minimalist-i.31165845.21356076871,"JIJI.SG Lindsey Table in White / Square / Round Corner / Minimalist",48.76,79,2000,775,4.72,9,"JIJI.SG Official Store"
https://shopee.sg/foldable-sofabed-2-foldable-sofa-foldable-mattress-lazy-folding-bed-i.96953349.4825091957,"Foldable Sofabed 2 / Foldable Sofa / Foldable Mattress/Lazy/Folding/Bed",128,199,2000,775,4.83,9,"Lucky Baby Mummy SG"
https://shopee.sg/bamboo-foldable-shoe-rack-no-installation-multi-layer-space-saving-easy-storage-doorway-shoes-organi-i.174052095.18857141550,"Bamboo Foldable Shoe Rack No Installation Multi-layer Space Saving Easy Storage Doorway Shoes Organizer For Home Bedroom",10.43,39,2000,774,4.75,9,"Hxr Mobile"
https://shopee.sg/easyhome-sg-foldable-shoe-box-stackable-shoe-storage-cabinet-clear-door-shoe-organizer-rack-i.7595687.12386080070,"Easyhome.sg | Foldable Shoe Box | Stackable Shoe Storage Cabinet | Clear Door Shoe Organizer Rack",11.68,39,2000,769,4.91,9,"easyhome.sg"
https://shopee.sg/serene-sg-metal-folding-bed-single-foldable-portable-bedroom-black-white-folding-bed-single-heavy-d-i.1374659759.29264604374,"🔥Serene.SG🔥 Metal Folding Bed  Single Foldable Portable Bedroom Black/White Folding Bed Single Heavy Duty Bed Frame",64,99,2000,763,4.69,9,"Serene Furniture Official.sg"
https://shopee.sg/sg-seller-mutra-simple-sliding-door-wardrobe-price-inclusive-delivery-and-installation-i.68947061.7613032813,"🇸🇬SG Seller🇸🇬 MUTRA Simple Sliding Door Wardrobe (Price inclusive Delivery and Installation)",164.37,249,2000,749,4.71,8,"LuluFuniture.SG"
https://shopee.sg/jiji-sg-dreamax-equinox-rest-8-inch-comfort-pocket-spring-mattress-i.31165845.5478310266,"JIJI.SG DREAMAX Equinox Rest 8 Inch Comfort Pocket Spring Mattress",76.34,119,2000,728,4.82,9,"JIJI.SG Official Store"
https://shopee.sg/local-stock-lazy-sofa-foldable-reclining-tatami-safe-haven-floor-chair-adjustable-lying-folding-bed-i.5354812.5061738459,"🔥Local Stock🔥 Lazy Sofa Foldable Reclining Tatami Safe Haven Floor Chair Adjustable Lying Folding Bed w Cushion Pillow",19.9,49,2000,720,4.7,9,"Ology Warehouse"
https://shopee.sg/a68-computer-tables-with-bookshelf-study-table-laptop-table-desk-i.96953349.1619974836,"【A68】Computer Tables with Bookshelf/Study Table/Laptop Table/Desk",55.8,89,2000,719,4.46,9,"Lucky Baby Mummy SG"
https://shopee.sg/sg-stock-basishome-simple-modern-shoe-rack-multi-layer-shoe-organizer-iron-bto-shoe-rack-hdb-rack-i.854304479.18247375969,"【SG StocK】BASISHOME Simple Modern Shoe Rack Multi-layer Shoe Organizer Iron BTO Shoe Rack HDB Rack",20.4,49,2000,716,4.76,9,"BASISHOME Store"
https://shopee.sg/azure-comfy-20cm-motion-isolation-pocketed-spring-single-super-single-queen-king-size-mattress-i.230445974.25865046836,"Azure™ Comfy 20cm, Motion Isolation | Pocketed Spring | Single, Super Single, Queen, King Size Mattress.",123.6,189,2000,715,4.91,8,"Azure_sg"
https://shopee.sg/intex-inflatable-air-bed-mattress-single-super-single-queen-super-queen-king-i.428241227.9564726990,"🏅Intex Inflatable Air Bed Mattress Single / Super Single / Queen / Super Queen / King",18.9,49,2000,714,4.89,9,"THECARINGHUT"
https://shopee.sg/next-day-delivery-box-pro-60-65-70-75-83cm-foldable-wardrobe-cabinet-drawer-kids-closet-clothes-orga-i.20591056.28501560360,"Next Day Delivery | Box Pro | 60/65/70/75/83cm Foldable Wardrobe Cabinet Drawer Kids Closet Clothes Organizer Rack",66.42,99,2000,712,4.78,9,"BOX PRO"
https://shopee.sg/cuddle-silky-cooling-fitted-mattress-protector-cooling-mattress-protector-lyocell-anti-bacterial-dus-i.497345.23515175380,"Cuddle™ Silky Cooling Fitted Mattress Protector | Cooling Mattress Protector Lyocell | Anti Bacterial & Dust Mite Proof",23.9,49,2000,706,4.87,9,"CUDDLE Beddings"
https://shopee.sg/sg-seller-shoe-rack-shoe-cabinet-diy-shoe-rack-furniture-white-shoes-rack-bto-shoe-rack-i.231308268.3518297282,"(SG SELLER)Shoe rack/Shoe cabinet/DIY shoe rack/Furniture/ White shoes rack/BTO shoe rack",9.5,39,2000,701,4.72,9,"myfashionstory.com"
https://shopee.sg/snb-ready-stock-120cm-student-study-desk-computer-table-modern-writing-living-room-furniture-double-i.1093115257.22689293941,"SNB 【Ready Stock】120CM Student study Desk Computer Table modern writing living room furniture Double Layer Office desk",24.9,49,2000,694,4.09,9,"SUNNY BIERE OS.sg "
https://shopee.sg/jiji-sg-titanium-rotational-lazy-sofa-80x56x57cm-floor-chair-recliner-floor-chair-sg-i.31165845.6641985341,"(JIJI SG) Titanium Rotational Lazy Sofa (80x56x57CM) - (Floor Chair) Recliner Floor chair/ (SG)",66.54,99,2000,694,4.88,9,"JIJI.SG Official Store"
https://shopee.sg/sg-study-table-computer-table-pc-desk-offic-desk-80-100-120cm-i.957702882.17498121363,"【SG】Study Table Computer Table PC Desk offic Desk 80/100/120cm",28,59,2000,691,4.76,9,"Walsid"
https://shopee.sg/foldable-mattress-foladable-mat-tatami-mattress-i.96953349.1619977191,"Foldable Mattress/Foladable Mat/Tatami Mattress",46.8,79,2000,681,4.84,9,"Lucky Baby Mummy SG"
https://shopee.sg/zinus-mattress-cooling-cover-memory-foam-25cm-i.255323447.5032026768,"Zinus Mattress Cooling Cover Memory Foam 25cm",139.56,209,2000,677,4.85,7,"Zinus Singapore Official Store"
https://shopee.sg/ao-home-rak-kasut-simple-shoe-rack-dormitory-door-metal-shoe-multi-layer-assembly-shoe-cabinet-stora-i.268024400.26970787068,"AO Home Rak Kasut Simple Shoe Rack Dormitory Door Metal Shoe Multi-Layer Assembly Shoe Cabinet Storage Rack",9.4,39,2000,676,4.83,9,"aohome.os.sg"
https://shopee.sg/snb-140cm-120cm-100cm-computer-desk-study-table-notebook-table-office-table-student-study-table-comp-i.1093115257.25262361347,"SNB 140CM/120CM/100CM Computer Desk Study Table Notebook table office table Student Study table Computer Table",59.7,89,2000,659,4.23,9,"SUNNY BIERE OS.sg "
https://shopee.sg/zinus-ecofirm-12cm-mattress-i.255323447.10027024422,"Zinus EcoFirm 12cm Mattress",94.19,149,2000,659,4.87,6,"Zinus Singapore Official Store"
https://shopee.sg/living-mall-orthocoil-12-14-16-depth-storage-bed-base-pet-friendly-scratch-resistant-w-mattress-i.92727875.23282729992,"Living Mall OrthoCoil 12""/14""/16"" Depth Storage Bed Base Pet Friendly Scratch-Resistant W/ Mattress",396.38,599,2000,657,4.79,9,"Living Mall"
https://shopee.sg/sexy-mama-in-stock-hdb-bto-choice-shoe-rack-metal-rust-proof-shoe-cabinet-furniture-shoe-storage-i.858734984.13796722576,"SEXY MAMA In stock hdb bto choice shoe rack metal rust-proof shoe cabinet furniture shoe storage",25,49,2000,648,4.71,9,"SEXY MAMA"
https://shopee.sg/whc-hotel-mattress-topper-down-alternative-fiber-i.116658232.1784479889,"WHC Hotel Mattress Topper Down Alternative Fiber",109.44,169,2000,648,4.9,8,"White Hotel Collection Official"
https://shopee.sg/dreamax-kikuko-foldable-sofabed-mattress-sofa-folding-bed-easy-storage-i.31165845.12794131588,"DREAMAX Kikuko Foldable Sofabed Mattress Sofa Folding Bed Easy Storage",92.56,139,2000,641,4.91,6,"JIJI.SG Official Store"
https://shopee.sg/v-home-mattress-topper-mattress-pad-plush-soft-with-elastic-deep-pocket-hotel-filling-i.20720050.9234201230,"[V.Home] Mattress Topper, Mattress pad, Plush Soft with Elastic Deep Pocket, Hotel filling",12.61,39,2000,639,4.88,9,"Verihome"
https://shopee.sg/easyhome-sg-doorway-shoe-rack-storage-organizer-shelf-stackable-bto-space-saving-shoe-rack-ga-i.7595687.10501968327,"Easyhome.sg | Doorway Shoe Rack / Storage Organizer Shelf | Stackable BTO Space-Saving Shoe Rack GA",7.7,39,2000,636,4.81,9,"easyhome.sg"
https://shopee.sg/local-seller-baby-mattress-protector-changing-mat-i.42588802.17779979753,"Local Seller - Baby Mattress Protector/ Changing Mat",4.7,29,2000,633,4.88,1,"Happy Abby"
https://shopee.sg/sg-spot-metal-shoe-rack-minimalist-design-shoe-rack-bto-shoe-rack-hdb-shoe-rack-rust-proof-shoe-rac-i.757808120.18749507335,"[SG spot] metal shoe rack minimalist design shoe rack BTO shoe rack HDB shoe rack rust-proof shoe rack 5-9 layers",22.07,49,2000,631,4.75,9,"SG Plaza"
https://shopee.sg/next-day-multi-layer-shoe-rack-stainless-steel-shoes-storage-rack-home-shoe-cabinet-shoe-organizer-i.1514745495.26442451835,"Next Day Multi-Layer Shoe Rack Stainless Steel Shoes Storage Rack Home Shoe Cabinet Shoe Organizer",14.85,39,2000,624,4.74,8,"MEIJU"
https://shopee.sg/gr-furniture-2-and-3-door-white-and-walnut-colour-wardrobe-cabinet-cupboard-clothes-with-hanging-rod-i.1017791466.24131222200,"GR Furniture 2 And 3 Door White and Walnut Colour Wardrobe Cabinet Cupboard Clothes with Hanging Rod",125.2,189,2000,619,4.66,9,"GR Furniture"
https://shopee.sg/living-mall-gonzo-divan-bed-frame-w-pet-friendly-scratch-resist-option-all-sizes-w-mattress-option-i.92727875.25357976063,"Living Mall Gonzo Divan Bed Frame w/ Pet-Friendly Scratch-Resist Option All Sizes w/ Mattress Option",126.47,189,2000,612,4.81,9,"Living Mall"
https://shopee.sg/5-inch-high-density-foam-mattress-i.96886142.2894544790,"5 Inch High Density Foam Mattress",75.42,119,2000,610,4.88,4,"yongheng206"
https://shopee.sg/steel-wood-computer-tables-study-table-with-various-size-and-color-options-i.96953349.11215874463,"Steel Wood Computer Tables/study table with various size and color options",48.8,79,2000,609,4.59,7,"Lucky Baby Mummy SG"
https://shopee.sg/spring-mattress-zinus-motion-isolation-20cm-i.255323447.5089731231,"Spring Mattress Zinus Motion Isolation 20cm",106.05,159,2000,608,4.85,7,"Zinus Singapore Official Store"
https://shopee.sg/sg-stock-3-folding-memory-foam-mattress-2-3-4inch-single-tatami-foldable-floor-mattress-non-slip-bo-i.1561332513.40806899008,"【SG Stock】3 Folding Memory Foam Mattress 2/3/4Inch Single Tatami Foldable Floor Mattress Non-Slip Bottom Breathable",75.4,119,2000,607,4.88,8,"DreamHaus SG"
https://shopee.sg/sg-seller-mutra-sliding-wardrobe-price-inclusive-delivery-and-installation-i.68947061.3312724594,"🇸🇬SG Seller🇸🇬 MUTRA Sliding Wardrobe (Price inclusive Delivery and Installation)",268.74,409,2000,606,4.79,6,"LuluFuniture.SG"
https://shopee.sg/single-queen-king-tatami-foldable-mattress-thick-mattress-topper-ready-stock-i.1152771138.41000312050,"Single/ Queen/King Tatami Foldable Mattress Thick Mattress Topper Ready Stock",33.81,59,2000,606,4.48,9,"yxccecai.sg"
https://shopee.sg/black-hawk-ergonomic-standing-desk-standing-table-electric-desk-height-adjustable-i.20107879.16034866468,"🦅 (𝐒𝐆 𝐒𝐓𝐎𝐂𝐊) Black Hawk Ergonomic Standing Desk / Standing Table / Electric Desk / Height Adjustable",279,419,2000,605,4.87,9,"BlackHawkSG"
https://shopee.sg/livingmall-scotland-1-2-3-4-5-doors-wardrobe-with-drawers-in-white-oak-and-wenge-colour-i.92727875.12528900980,"Livingmall Scotland 1/2/3/4/5 Doors Wardrobe with Drawers In White, Oak and Wenge Colour",101.4,159,2000,604,4.56,9,"Living Mall"
https://shopee.sg/lazy-sofa-tatami-reclining-fordable-floor-sofa-bedroom-balcony-chair-i.196795415.7122749698,"Lazy Sofa Tatami Reclining Fordable Floor Sofa Bedroom Balcony Chair",31.48,59,2000,598,4.82,9,"cjhome"
https://shopee.sg/intex-downy-inflatable-air-bed-mattress-airbed-4-sizes-i.231308268.19539373936,"Intex Downy Inflatable Air Bed Mattress/ Airbed (4 Sizes)",8.54,39,2000,596,4.87,7,"myfashionstory.com"
https://shopee.sg/snb-2-color-study-table-desk-with-wheels-adjustable-table-foldable-desk-portable-side-table-bedroom-i.1093115257.25639159441,"SNB【2 Color】Study Table Desk With Wheels Adjustable Table Foldable Desk Portable Side Table Bedroom For Room",33.24,59,2000,592,4.26,9,"SUNNY BIERE OS.sg "
https://shopee.sg/seller-waterproof-mattress-protector-baby-changing-mat-washable-i.16391635.2887305029,"🇸🇬 Seller Waterproof Mattress Protector Baby Changing Mat Washable",5.73,39,2000,592,4.86,6,"My Rocket Store"
https://shopee.sg/jiji-sg-multi-fold-lazy-sofa-chair-fabric-205-floor-chairs-i.31165845.6842000548,"(JIJI SG) Multi-Fold Lazy Sofa Chair /  (Fabric) 205  - Floor Chairs",72.76,109,2000,589,4.8,5,"JIJI.SG Official Store"
https://shopee.sg/sg-seller-bamboo-shoes-bench-shoe-rack-seat-convenient-seat-wearing-taking-off-shoes-durable-organi-i.231308268.3320543581,"(SG SELLER) ♦Bamboo Shoes Bench Shoe Rack Seat/Convenient Seat Wearing Taking off Shoes Durable Organizer♦Shoes Storage",15.11,49,2000,583,4.69,8,"myfashionstory.com"
https://shopee.sg/sea-horse-pvc-sofabed-foldable-sofa-sb56-q-p-sofa-chair-about-5-25-days-to-deliver-i.83541083.19285377377,"SEA HORSE PVC  Sofabed Foldable Sofa (SB56-Q-P) Sofa Chair! About 5~25 Days to Deliver!",136.75,209,2000,582,4.91,9,"SEA HORSE "
https://shopee.sg/livingmall-berlin-carb-p2-certified-board-1-5-door-tall-wardrobe-with-drawers-and-top-cabinet-i.92727875.23642006907,"Livingmall BERLIN CARB-P2 Certified Board 1-5 Door Tall Wardrobe with Drawers and Top Cabinet",204.38,309,2000,578,4.68,9,"Living Mall"
https://shopee.sg/40-75cm-classic-shoe-rack-with-bench-narrow-shoe-bench-with-2-shelves-comfortable-and-very-stable-i.28159485.2813159381,"🇸🇬 (40/75cm) Classic Shoe Rack with Bench - Narrow Shoe Bench with 2 Shelves - Comfortable and Very Stable",21.02,49,2000,574,4.69,8,"NO1.SHOP"
https://shopee.sg/furnituresg-ready-stock-seahorse-3-fold-mattress-2inches-or-4-inches-foldable-i.9880889.20493784830,"(FurnitureSG) (Ready Stock) Seahorse 3-Fold Mattress 2inches  or 4 inches (Foldable)",64.9,99,2000,574,4.87,8,"FurnitureSG"
https://shopee.sg/osum-adjustable-laptop-table-space-saving-foldable-mobile-computer-desk-rotating-writing-bedside-ove-i.1286408733.25433358377,"OSUM Adjustable Laptop Table Space Saving Foldable Mobile Computer Desk Rotating Writing Bedside Overbed Desk 床边桌",33.38,59,2000,573,3.92,9,"OSUM Official Store"
https://shopee.sg/living-mall-lanny-3-4-seater-l-shaped-sofa-with-stool-add-on-coffee-table-w-pet-friendly-option-i.92727875.27807870447,"Living Mall Lanny 3/4-Seater L-Shaped Sofa with Stool & Add On Coffee Table w/ Pet-Friendly Option",667.98,1009,2000,571,4.87,9,"Living Mall"
https://shopee.sg/next-day-delivery-single-super-single-queen-king-size-latex-mattress-20-25cm-spring-mattress-with-p-i.711356535.24693830231,"【Next Day Delivery】Single/Super Single/Queen/King Size Latex Mattress 20/25cm Spring Mattress With Pocket Anti-Mite",95.6,149,2000,568,4.86,9,"Dreamer living"
https://shopee.sg/sg-stock-bundle-of-2-4-12-shoe-storage-organizer-rack-space-saving-stackable-shoe-stand-cabinet-sho-i.79363539.15880638889,"[SG STOCK] Bundle of 2, 4 & 12- Shoe Storage Organizer Rack | Space Saving Stackable Shoe Stand | Cabinet Shoe Stacker",10.5,39,2000,565,4.81,9,"LeHome Co"
https://shopee.sg/living-mall-endo-series-sofa-set-2-seater-and-3-seater-sofa-in-48-colour-w-petfriendly-options-i.92727875.6803841665,"Living Mall Endo Series Sofa Set 2-Seater and 3-Seater Sofa in 48 Colour - w/ PetFriendly Options",378.1,569,2000,565,4.72,9,"Living Mall"
https://shopee.sg/dreamax-cygnus-8-inch-pocket-spring-mattress-20cm-bed-air-flow-index-4-sizes-i.486967120.17136520682,"DREAMAX Cygnus 8 Inch Pocket Spring Mattress 20cm Bed Air Flow Index 4 Sizes",124.34,189,2000,564,4.89,5,"DREAMAX"
https://shopee.sg/living-mall-flamingo-mattress-with-bed-frame-packages-6-8-10-11-mattresses-all-sizes-available-i.92727875.9608819844,"Living Mall Flamingo Mattress With Bed Frame Packages.6”/8”/10”/11” Mattresses - All Sizes Available",82.2,129,2000,560,4.76,9,"Living Mall"
https://shopee.sg/koala-home-tatami-lazy-sofa-tatami-chair-floor-chair-foldable-reclining-chair-cushion-floor-sofa-do-i.785454343.20807791985,"🇸🇬Koala Home🔥Tatami Lazy Sofa /tatami chair/ Floor Chair/ Foldable Reclining Chair / Cushion / Floor Sofa Dormitory",8.94,39,2000,558,4.68,9,"Koala Home Lifestyle "
https://shopee.sg/snb-study-table-simple-modern-side-table-computer-table-writing-living-room-furniture-office-desk-i.1093115257.24156395535,"SNB Study Table Simple Modern Side Table Computer Table Writing living room furniture Office Desk",32,59,2000,554,4.29,9,"SUNNY BIERE OS.sg "
https://shopee.sg/extendable-wardrobe-shelf-adjustable-telescopic-closet-organizer-space-saving-solution-i.268028767.18347250794,"Extendable Wardrobe Shelf - Adjustable, Telescopic Closet Organizer, Space-Saving Solution",5.99,39,2000,550,4.76,9,"BOUGHTNEX"
https://shopee.sg/zip-bedsheet-set-3in1-2in1-sarung-tilam-kapas-cadar-berzip-pillow-bolster-case-cotton-zipper-cover-i.215639480.21515465277,"Zip Bedsheet SET 3in1 2in1 Sarung Tilam Kapas Cadar Berzip Pillow Bolster Case Cotton Zipper Cover",6.43,39,2000,550,4.86,9,"Living Mart"
https://shopee.sg/shoe-rack-cabinet-cube-plastic-diy-multi-layer-creativity-space-storage-organiser-i.174051545.3686578483,"🌈Shoe Rack Cabinet Cube Plastic DIY Multi-layer creativity space storage organiser",17.9,49,2000,541,4.7,9,"Surprise Gifts Shop"
https://shopee.sg/u-frame-computer-table-study-table-computer-desk-with-shelf-multiple-sizes-available-i.96953349.8787434931,"【U Frame Computer Table】Study Table / Computer Desk with Shelf Multiple Sizes Available",45.8,79,2000,539,4.47,9,"Lucky Baby Mummy SG"
https://shopee.sg/sg-seller-foldable-lightweight-camping-cot-bed-heavy-duty-portable-cushion-sleeping-mattress-easy-s-i.19754095.208195896,"[SG SELLER] Foldable Lightweight Camping Cot Bed Heavy Duty Portable Cushion Sleeping Mattress Easy Set-up Carry Bag Bed",38.4,69,2000,531,4.87,9,"VOZUKO"
https://shopee.sg/sg-stock-hdb-bto-door-side-shoe-rack-doorway-cabinet-diy-furniture-storage-organizer-waterproof-7-8-i.17823595.3762236635,"《SG STOCK》HDB BTO door side shoe rack doorway cabinet DIY furniture/storage Organizer waterproof  7/8/9 tiers",29.7,59,2000,524,4.73,9,"top1sg"
https://shopee.sg/jean-perry-waterproof-fitted-mattress-protector-i-waterproof-mattress-pad-i-mattress-pad-i-mattress-i.261548406.4154696019,"Jean Perry Waterproof Fitted Mattress Protector I Waterproof Mattress Pad I Mattress Pad I Mattress Topper",42.87,69,2000,515,4.92,4,"Jean Perry Official Store.SG"
https://shopee.sg/sg-ready-stock-thickened-shoe-box-free-installation-shoe-cabinet-foldable-shoe-box-shoe-rack-i.814796766.28900620836,"【SG READY STOCK】Thickened shoe box | Free installation shoe cabinet | foldable shoe box | shoe rack",23.5,49,1000,511,4.87,9,"Love Storage Home"
https://shopee.sg/100-natural-latex-mattress-topper-by-pt-dunlopillo-dplatex-5-i.269333953.9235915660,"100% Natural Latex Mattress Topper by Pt.Dunlopillo - DPLatex - 天然乳胶薄床垫（5公分)",539,809,1000,508,4.82,4,"Slumberloft Store"
https://shopee.sg/living-mall-brew-fabric-and-leather-storage-divan-sbd-12-16-w-petfriendly-mattress-option-i.92727875.2728740304,"Living Mall Brew Fabric And Leather Storage Divan SBD 12""/ 16"" w/ PetFriendly -  Mattress Option",237.62,359,1000,506,4.66,9,"Living Mall"
https://shopee.sg/canvas-clothes-wardrobe-good-quality-dust-cw-s15-6ca-i.79495367.1969321021,"Canvas Clothes Wardrobe Good Quality Dust  (CW - S15 - 6CA)",21.9,49,1000,505,4.65,6,"urbargainhunter"
https://shopee.sg/hot-sale-free-installation-of-baby-wardrobe-children-s-clothing-sorting-box-baby-wardrobe-home-stor-i.428623130.25752224080,"【Hot sale】Free installation of baby wardrobe | children's clothing sorting box | baby wardrobe | home storage cabinet",17.18,49,1000,502,4.81,9,"❤Brand Franchise Store❤"
https://shopee.sg/deliver-in-1-2-days-kids-foldable-mattress-3-inch-foam-material-i.10435812.4568510905,"[Deliver in 1-2 days] Kids Foldable Mattress 3 inch foam material",65.9,99,1000,502,4.86,9,"SnoozeBedding"
https://shopee.sg/living-mall-zooey-leather-bed-frame-with-mattress-in-3-colours-all-sizes-available-i.92727875.19493524813,"LIVING MALL Zooey Leather Bed Frame with Mattress in 3 Colours - All Sizes Available",359.71,539,1000,493,4.79,9,"Living Mall"
https://shopee.sg/sg-metal-shoe-rack-4-tier-5-tier-6-tier-shoe-storage-organizer-rack-multifunctional-shelves-easy-as-i.410204135.2958502957,"{SG} Metal Shoe Rack 4 Tier 5 Tier 6 Tier Shoe Storage Organizer Rack Multifunctional Shelves Easy Assemble Shoe Cabinet",5.5,39,1000,489,4.7,9,"Luxton House"
https://shopee.sg/snb-computer-table-with-book-shelf-student-study-desk-writing-desk-steel-wood-home-office-table-pc-g-i.1093115257.25805445375,"SNB Computer Table with Book Shelf Student Study Desk Writing Desk Steel Wood Home Office Table PC Gaming Desk",56.26,89,1000,487,4.28,9,"SUNNY BIERE OS.sg "
https://shopee.sg/sg-stocks-baby-mattress-cover-for-cot-portable-bed-playpen-bedsheets-100-cotton-i.497308831.11349079455,"[SG STOCKS] Baby Mattress Cover for Cot Portable Bed Playpen Bedsheets 100% Cotton",12.9,39,1000,487,4.9,9,"BABYGOGO Official Store"
https://shopee.sg/single-size-metal-bed-frame-durable-bedframe-free-and-fast-delivery-installation-i.250244757.7634809266,"Single size metal bed frame. Durable bedframe. FREE and FAST DELIVERY + INSTALLATION",94,149,1000,487,4.81,9,"TheGoodFurniture"
https://shopee.sg/youneed-hdb-bto-shoe-rack-simple-multi-layer-shoe-rack-space-saving-storage-shoe-organizer-suit-i.1430486636.26727252443,"YOUNEED HDB/BTO Shoe Rack Simple Multi-layer Shoe Rack Space Saving Storage Shoe Organizer Suit 塑料鞋架",14.85,39,1000,486,4.75,9,"YOUNAI"
https://shopee.sg/sg-study-table-with-shelves-computer-desk-office-table-walnut-black-white-80-100-120cm-i.957702882.14399124900,"【SG】Study Table  with shelves Computer Desk Office Table Walnut/Black/White 80/100/120CM",128.34,199,1000,485,4.69,9,"Walsid"
https://shopee.sg/ship-in-12h-camping-sleeping-mat-with-pillow-inflatable-mattress-portable-air-bed-sleeping-pad-i.886718462.23631993371,"【Ship in 12h】Camping Sleeping Mat with Pillow Inflatable Mattress Portable Air Bed Sleeping Pad",24.64,49,1000,485,4.86,9,"VIVIBELL"
https://shopee.sg/sg-stock-mattress-topper-velvet-bed-foldable-12cm-thick-tatami-topper-mattress-single-queen-king-si-i.1152771138.26522488018,"【SG STOCK】Mattress topper Velvet Bed Foldable 12cm Thick Tatami Topper Mattress Single/Queen/King Size foldable mattress",24.79,49,1000,481,4.61,9,"yxccecai.sg"
https://shopee.sg/100cm-electric-height-adjustable-table-usb-standing-desk-with-4-memory-height-standing-desk-study-ta-i.951174012.20974093037,"100cm Electric Height Adjustable Table USB Standing Desk With 4 Memory Height Standing Desk Study Table",172.72,259,1000,478,4.8,9,"Oveeleo.SG"
https://shopee.sg/deliver-in-1-3-days-2in1-foldable-sofabed-mattress-suitable-for-guest-stayover-i.136328682.2132230476,"[Deliver in 1-3 days ] 2in1 FOLDABLE Sofabed / Mattress - Suitable for guest stayover",119,179,1000,476,4.89,7,"Moments Home And Living Pte Ltd"
https://shopee.sg/jiji-sg-stanford-1-seater-recliner-sofa-pre-assembled-recliner-chair-side-panel-i.31165845.7669894710,"(JIJI SG) Stanford 1-Seater Recliner Sofa (Pre-Assembled) / Recliner Chair / Side Panel",200.64,309,1000,471,4.85,9,"JIJI.SG Official Store"
https://shopee.sg/zinus-bed-frame-black-metal-35cm-i.255323447.2970700827,"Zinus Bed Frame Black Metal 35cm",90.42,139,1000,465,4.87,9,"Zinus Singapore Official Store"
https://shopee.sg/sg-local-stock-betensh-new-20cm-25cm-pocket-spring-mattress-single-super-single-mattress-queen-king-i.1545518635.40854751501,"🔥SG LOCAL STOCK🔥Betensh NEW 20cm/25cm Pocket Spring Mattress Single/ Super Single Mattress Queen /King Mattress  (8"")",120.8,189,1000,459,4.89,9,"Betensh Mattress Store"
https://shopee.sg/japanese-tatami-mattress-foldable-futon-mattress-floor-mat-soft-sleeping-pad-queen-double-thick-stud-i.254797718.4938303342,"Japanese Tatami Mattress, Foldable Futon Mattress Floor Mat Soft Sleeping Pad Queen Double Thick Student Dormitory",25.2,59,1000,457,4.78,4,"Miscellaneous Store "
https://shopee.sg/jiji-sg-okemia-foldable-mattress-4-fold-compact-medium-soft-kids-i.31165845.21538741537,"(JIJI.SG) OKEMIA Foldable Mattress / 4 Fold / Compact / Medium Soft / Kids",50,79,1000,456,4.84,6,"JIJI.SG Official Store"
https://shopee.sg/b3-foldable-tatami-lazy-sofa-floor-chair-foldable-chair-cushion-floor-sofa-i.96953349.13787656706,"B3 Foldable Tatami Lazy Sofa / Floor Chair/ Foldable Chair / Cushion/ Floor Sofa",59.8,89,1000,456,4.79,9,"Lucky Baby Mummy SG"
https://shopee.sg/ready-stock-fording-table-foldable-table-lockable-wheel-movable-laptop-table-computer-study-desk-i.1232768558.27457878995,"🇸🇬Ready Stock🚚Fording Table/Foldable Table Lockable Wheel/ Movable Laptop Table/ Computer Study Desk",29.9,59,1000,454,4.48,9,"KiKi Living SG"
https://shopee.sg/yhl-6-inch-high-density-foam-mattress-divan-bed-frame-i.96886142.4285734838,"YHL 6 Inch High Density Foam Mattress + Divan Bed Frame",175.99,269,1000,454,4.88,5,"yongheng206"
https://shopee.sg/mattress-lifter-help-you-lift-your-mattress-to-change-bedsheet-quickly-and-without-backache-i.1022508.16279546962,"Mattress Lifter - Help You Lift your Mattress to change bedsheet Quickly and without backache",8.16,39,1000,452,4.8,6,"GTHome (Singapore) "
https://shopee.sg/zinus-bed-frame-maya-upholstered-platform-dark-grey-i.255323447.5244435966,"Zinus Bed Frame Maya Upholstered Platform Dark Grey",139.42,209,1000,450,4.89,8,"Zinus Singapore Official Store"
https://shopee.sg/living-mall-adele-sbd-16-storage-bed-frame-w-mattress-option-in-3-colors-i.92727875.14906036747,"Living Mall Adele SBD 16"" Storage Bed Frame w/ Mattress Option In 3 Colors",301.62,459,1000,446,4.81,7,"Living Mall"
https://shopee.sg/plastic-waterproof-mattress-protector-zip-transparent-plastic-mattress-cover-zip-bed-mattress-storag-i.216155110.5135427829,"Plastic Waterproof Mattress Protector Zip Transparent Plastic Mattress Cover Zip Bed Mattress Storage Bag",27.99,59,1000,438,4.85,9,"MyMusee"
https://shopee.sg/dreamax-kikuko-foldable-sofabed-mattress-sofa-folding-bed-easy-storage-i.486967120.22384442487,"DREAMAX Kikuko Foldable Sofabed Mattress Sofa Folding Bed Easy Storage",101.66,159,1000,435,4.88,6,"DREAMAX"
https://shopee.sg/mattress-protector-4-size-single-supersingle-queen-king-singapore-standard-size-i.264007932.12255579963,"Mattress protector/4 size /single/supersingle/queen/king Singapore standard size",5.9,39,1000,431,4.89,6,"opperra"
https://shopee.sg/inflatable-mattress-with-electric-air-pump-outdoor-camping-moisture-proof-bed-foldable-portable-lazy-i.1520151629.26887204222,"Inflatable mattress with electric air pump outdoor camping moisture-proof bed Foldable portable lazy bed Ergonomic air",24.45,49,1000,431,4.81,9,"SURMOUNT   STORE"
https://shopee.sg/snb-60cm-80cm-adjustable-height-lifting-table-with-wheel-bedside-laptop-table-portable-movable-compu-i.1093115257.24231527804,"SNB 60cm/80cm Adjustable Height Lifting Table With Wheel Bedside Laptop Table Portable Movable Computer Sofa Side Table",37.4,69,1000,430,4.47,9,"SUNNY BIERE OS.sg "
https://shopee.sg/furnituresg-faux-leather-or-fabric-bed-frame-single-super-single-queen-king-metal-legs-i.9880889.65331662,"(FurnitureSG) Faux Leather or Fabric Bed frame (Single/Super Single/Queen/King) Metal Legs",81.37,129,1000,429,4.81,3,"FurnitureSG"
https://shopee.sg/foldable-laptop-table-laptop-table-desk-on-bed-laptop-table-laptop-desk-adjustable-ergonomic-i.78971813.3151422692,"Foldable Laptop Table | Laptop Table Desk on bed | Laptop Table | Laptop Desk adjustable Ergonomic",109.9,169,1000,427,4.81,9,"MultiMall Official Store"
https://shopee.sg/jayce-1-door-wardrobe-walnut-white-i.53927834.2720952759,"**Jayce 1-Door Wardrobe (Walnut / White)",89.1,139,1000,427,4.91,7,"LCF Furniture Store"
https://shopee.sg/curved-frame-steel-wood-computer-table-e-sport-design-study-desk-home-office-desk-gaming-table-i.96953349.22185980382,"Curved Frame Steel Wood Computer Table, E-sport Design Study Desk, Home Office Desk, Gaming Table",39.7,69,1000,426,4.6,9,"Lucky Baby Mummy SG"
https://shopee.sg/zinus-bed-frame-suzanne-low-metal-wooden-headboard-i.255323447.7644439723,"Zinus Bed Frame Suzanne Low Metal Wooden Headboard",157.85,239,1000,426,4.86,8,"Zinus Singapore Official Store"
https://shopee.sg/sg-carbon-fibre-computer-table-organizer-gaming-table-monitor-stand-study-office-table-desk-i.1290345192.26956669225,"[ SG ]Carbon Fibre Computer Table Organizer Gaming Table Monitor Stand Study Office Table Desk",74.26,119,1000,425,4.86,9,"liuhuan10.sg"
https://shopee.sg/koala-home-foldable-storage-cabinet-drawer-chest-stackable-storage-box-drawer-cabinet-wardrobe-home-i.785454343.24350979962,"🇸🇬Koala Home🔥Foldable Storage Cabinet Drawer Chest Stackable Storage box Drawer Cabinet Wardrobe Home Organizer Folding",12.34,39,1000,425,4.8,9,"Koala Home Lifestyle "
https://shopee.sg/front-side-door-big-capacity-aj-magnetic-stackable-shoes-sneakers-display-storage-shoe-sneaker-box-r-i.20591056.2114834483,"Front / Side Door Big Capacity AJ Magnetic Stackable Shoes Sneakers Display Storage Shoe Sneaker Box Rack Cabinet Bench",18.14,49,1000,424,4.65,8,"BOX PRO"
https://shopee.sg/mixlegend-nev3-gaming-desk-computer-table-office-study-desk-ergonomic-pc-mesa-gaming-desk-for-gamer-i.17025264.10854128626,"Mixlegend NEV3 Gaming Desk Computer Table Office Study Desk Ergonomic PC Mesa Gaming Desk for Gamer (SG Stock)",89,139,1000,421,4.9,8,"MixCart"
https://shopee.sg/hanging-wardrobe-organiser-foldable-closet-clothes-storage-hanger-rack-container-bag-drawer-i.17824459.23241339007,"Hanging Wardrobe Organiser - Foldable Closet Clothes Storage Hanger Rack Container Bag Drawer",4.67,29,1000,421,4.85,9,"Singapore Dream"
https://shopee.sg/sg-seller-luna-tatami-bed-frame-headboard-storage-drawers-single-to-queen-size-i.68947061.15784470502,"🇸🇬SG Seller🇸🇬 LUNA Tatami Bed frame Headboard Storage Drawers Single to Queen Size",278.34,419,1000,418,4.86,9,"LuluFuniture.SG"
https://shopee.sg/yhl-pvc-leather-divan-bed-frame-available-in-4-sizes-i.96886142.4425385758,"YHL PVC Leather  Divan  Bed Frame (Available In 4 Sizes)",83.08,129,1000,418,4.86,3,"yongheng206"
https://shopee.sg/knitted-latex-mattress-topper-with-elastic-band-4-sizes-antibacterial-tatami-fluffy-soft-padded-hous-i.96953349.25964274488,"Knitted Latex Mattress Topper with Elastic Band 4 Sizes Antibacterial Tatami Fluffy Soft Padded Household Bedding",42.8,69,1000,417,4.52,9,"Lucky Baby Mummy SG"
https://shopee.sg/sg-seller-pocketed-spring-bamboo-with-latex-mattress-and-bedframe-i.94185530.1585409655,"[SG Seller] POCKETED SPRING BAMBOO WITH LATEX MATTRESS AND BEDFRAME",229,349,1000,417,4.71,6,"Furniture Specialist"
https://shopee.sg/mycorner-sg-stock-adjustable-shoe-organizer-shoe-rack-shoe-stacker-shoe-slots-i.813701519.23436420917,"MyCorner SG Stock | Adjustable Shoe Organizer Shoe Rack Shoe Stacker Shoe Slots",1.33,29,1000,415,4.9,9,"MyCorner Home & Living"
https://shopee.sg/sg-corner-l-shape-table-computer-table-organizer-gaming-carbon-fibre-office-table-study-desk-with-s-i.1290345192.27656540525,"[ SG ]Corner L Shape Table Computer Table Organizer Gaming Carbon Fibre Office Table Study Desk with Shelves",94.26,149,1000,414,4.73,9,"liuhuan10.sg"
https://shopee.sg/living-mall-faux-leather-fabric-pet-friendly-fabric-divan-bed-frame-available-in-4-sizes-i.92727875.14300093226,"Living Mall Faux Leather/Fabric/ Pet Friendly Fabric Divan Bed Frame - Available in 4 Sizes",86.77,139,1000,414,4.72,8,"Living Mall"
https://shopee.sg/baby-cot-bedsheet-kids-fitted-sheet-for-crib-playpen-childcare-mattress-cover-pillow-bed-sheet-i.16391635.2826295716,"Baby Cot Bedsheet | Kids Fitted Sheet for Crib Playpen Childcare | Mattress Cover & Pillow Bed Sheet",8.89,39,1000,412,4.93,6,"My Rocket Store"
https://shopee.sg/bed-frame-zinus-smart-base-metal-black-i.255323447.4244441422,"Bed Frame Zinus Smart Base Metal Black",62.99,99,1000,412,4.89,9,"Zinus Singapore Official Store"
https://shopee.sg/living-mall-ollie-fabric-divan-bed-frame-with-mattress-package-all-sizes-available-i.92727875.21853502023,"Living Mall Ollie Fabric Divan Bed Frame With Mattress Package - All Sizes Available",91.34,139,1000,410,4.72,9,"Living Mall"
https://shopee.sg/foldable-table-laptop-desk-study-table-liftable-portable-outdoor-foldable-table-office-desk-dining-t-i.704355887.21710609318,"Foldable Table - Laptop Desk / Study Table / Liftable / Portable / Outdoor Foldable Table / Office Desk / Dining Table",38.3,69,1000,407,4.9,9,"HOME+SG"
https://shopee.sg/algo-zigzag-shoe-rack-al-5527-al5537-al-5529-al-55211-i.98540060.1617577446,"Algo Zigzag Shoe Rack (AL-5527, AL5537, AL-5529, AL-55211)",32.9,59,1000,406,4.82,5,"LocknLock Singapore Official Store"
https://shopee.sg/furnituresg-rounded-corners-pet-friendly-scratch-resistant-divan-bed-frame-single-super-single-quee-i.9880889.20431057237,"(FurnitureSG) Rounded Corners Pet Friendly Scratch Resistant Divan Bed Frame Single, Super Single,Queen,King Metal Wood",105.96,159,1000,401,4.83,6,"FurnitureSG"
https://shopee.sg/youneed-10layers-shoe-cabinet-shoe-rack-plastic-dustproof-organizer-stackable-large-capacity-shoe-bo-i.1430486636.27973977254,"YOUNEED 10Layers Shoe Cabinet Shoe Rack Plastic Dustproof Organizer Stackable Large Capacity Shoe Box Storage",14.85,39,1000,400,4.81,9,"YOUNAI"
https://shopee.sg/radiant-bamboo-shoe-cabinet-arch-rattan-shoe-cabinet-multifunctiona-wood-shoe-cabinet-fast-delivery-i.1207024576.27686759413,"⚡RADIANT Bamboo Shoe Cabinet Arch Rattan shoe cabinet Multifunctiona wood Shoe Cabinet[Fast delivery]拱门设计鞋柜",30,59,1000,399,4.44,9,"RADIANT RETREAT HOME FURNISHINGS"
https://shopee.sg/somnuz-comforto-10-inch-bamboo-fabric-latex-individual-pocketed-spring-mattress-i.154665307.2337840944,"Somnuz Comforto 10 Inch Bamboo Fabric Latex Individual Pocketed Spring Mattress",244.63,369,1000,396,4.79,7,"Megafurniture Official Store"
https://shopee.sg/high-grade-folding-bed-foldable-single-bed-thick-portable-mattress-wide-metal-bed-frame-i.96953349.22766824599,"High Grade Folding Bed Foldable Single Bed Thick Portable Mattress Wide Metal Bed Frame",68.8,109,1000,396,4.76,9,"Lucky Baby Mummy SG"
https://shopee.sg/hinomi-s1-ergonomic-home-office-standing-desk-electric-height-adjustable-dual-motor-table-i.608846679.10484528759,"Hinomi S1 Ergonomic Home Office Standing Desk Electric Height Adjustable Dual Motor Table",688.9,1039,1000,395,4.82,9,"HINOMI Official Store"
https://shopee.sg/sg-ready-stock-new-2-door-wardrobe-with-shelves-km8008h-i.75757672.5237556829,"SG Ready Stock New 2 Door Wardrobe with Shelves KM8008H",317,479,1000,395,4.87,5,"furnituresale.sg"
https://shopee.sg/back-support-pocketed-spring-mattress-by-pt-dunlopillo-dplatex-i.269333953.11769202351,"Back Support Pocketed Spring Mattress by Pt. Dunlopillo - dpLatex  - 袋装弹簧床垫",878,1319,1000,395,4.87,5,"Slumberloft Store"
https://shopee.sg/lazy-sofa-floor-chair-bean-bag-foldable-chair-cushion-floor-sofa-i.352404490.10119284037,"Lazy Sofa / Floor Chair / Bean Bag / Foldable Chair / Cushion/ Floor Sofa",32.7,59,1000,395,4.82,9,"Lazy Bear"
https://shopee.sg/toyogo-4-tier-shoe-shelf-multi-purpose-plastic-rack-342-4-i.1012462.9555429,"TOYOGO 4 Tier Shoe Shelf – Multi-Purpose Plastic Rack (342-4)",26,59,1000,393,4.76,4,"TOYOGO Flagship Store"
https://shopee.sg/fullset-bedframe-mattress-bed-frame-with-mattress-package-mattress-bedframe-bundle-i.84602591.7400648390,"🔥FULLSET BEDFRAME+MATTRESS🔥 Bed Frame with Mattress Package / Mattress / Bedframe Bundle",115.1,179,1000,393,4.83,9,"INNDESIGN"
https://shopee.sg/charlton-2-door-wardrobe-i.53927834.7504372367,"**Charlton 2-Door Wardrobe",116,179,1000,392,4.9,7,"LCF Furniture Store"
https://shopee.sg/canvas-clothes-wardrobe-good-quality-dust-free-cw-s15-2ca-i.79495367.1354073719,"Canvas Clothes Wardrobe Good Quality Dust Free (CW - S15 - 2CA)",18.5,49,1000,392,4.61,6,"urbargainhunter"
https://shopee.sg/snb-shoe-cabinet-shoe-rack-large-capacity-multi-layer-shoe-rack-home-space-saving-shoe-shelf-storage-i.1093115257.28561182177,"SNB Shoe Cabinet Shoe Rack Large Capacity Multi-layer Shoe Rack Home Space Saving Shoe Shelf Storage Thin Shoe Cabinet鞋柜",37.66,69,1000,388,4.12,9,"SUNNY BIERE OS.sg "
https://shopee.sg/jojo-stainless-steel-shoe-rack-mini-shoe-rack-simple-shoe-rack-shelf-multilayer-shelf-shoe-cabinet-r-i.1306134918.26910841526,"JOJO Stainless Steel Shoe Rack mini Shoe Rack Simple Shoe Rack Shelf Multilayer Shelf  Shoe Cabinet Rack 不锈钢鞋架",20.8,49,1000,388,4.36,9,"JOJO-HOME"
https://shopee.sg/azure-latex-hybrid-plush-bamboo-top-10-inch-cooling-gel-natural-latex-pocket-spring-mattress-i.230445974.22831139919,"Azure™ Latex Hybrid, Plush Bamboo top | 10 Inch | Cooling Gel | Natural Latex | Pocket Spring Mattress.",209.62,319,1000,384,4.92,8,"Azure_sg"
https://shopee.sg/4-inch-single-high-density-foam-mattress-i.96886142.2894518995,"4 Inch Single High Density Foam Mattress",65.18,99,1000,381,4.91,4,"yongheng206"
https://shopee.sg/living-mall-piana-queen-size-woven-fabric-divan-bed-frame-with-mattress-package-i.92727875.24329414945,"Living Mall Piana Queen Size Woven Fabric Divan Bed Frame with Mattress Package",231.81,349,1000,381,4.85,9,"Living Mall"
https://shopee.sg/4-fold-8cm-thickness-foldable-mattress-topper-single-mattress-sponge-folding-bed-sofa-sleeping-mat-i.96953349.23859606224,"4-Fold 8cm Thickness Foldable Mattress Topper Single Mattress Sponge Folding Bed Sofa Sleeping Mat",69.8,109,1000,376,4.88,9,"Lucky Baby Mummy SG"
https://shopee.sg/living-mall-freya-series-2-3-door-wardrobe-in-3-colors-available-i.92727875.15086471312,"Living Mall FREYA Series 2/3 Door Wardrobe in 3 Colors Available",101.4,159,1000,375,4.75,8,"Living Mall"
https://shopee.sg/sliding-wardrobe-with-mirror-cupboard-sliding-4ft-5ft-wardrobe-clothes-cabinet-112cm-2-door-wardrobe-i.123616217.22835337818,"Sliding Wardrobe With Mirror Cupboard Sliding 4ft 5ft Wardrobe Clothes Cabinet 112cm 2 Door Wardrobe Cloth Hanging Wardr",269,409,1000,373,4.85,7,"my home furnishing pte ltd"
https://shopee.sg/living-mall-carlin-single-and-super-single-pull-out-bed-frame-petfriendly-with-mattress-add-on-i.92727875.3469273786,"Living Mall Carlin Single and Super Single Pull Out Bed Frame PetFriendly with Mattress Add On",244.02,369,1000,372,4.66,9,"Living Mall"
https://shopee.sg/living-mall-metal-single-queen-folding-and-double-decker-bed-frames-with-foam-mattresses-i.92727875.6958766731,"Living Mall Metal Single, Queen, Folding and Double Decker Bed Frames With Foam Mattresses",73.05,109,1000,367,4.73,8,"Living Mall"
https://shopee.sg/top-one-foldable-shoe-rack-shoe-box-multi-functional-transparent-storage-box-large-capacity-drawer-i.428623130.29950448415,"【TOP ONE】Foldable shoe rack shoe box Multi-functional transparent storage box Large capacity drawer storage organizer",16.32,49,1000,358,4.92,9,"❤Brand Franchise Store❤"
https://shopee.sg/salvo-storage-drawers-box-stackable-chest-storage-box-wardrobe-organizers-transparent-plastic-organi-i.1374621362.27977560564,"Salvo Storage Drawers Box Stackable Chest Storage Box Wardrobe Organizers Transparent Plastic Organizer",18.59,49,1000,357,4.9,9,"Salvo Home"
https://shopee.sg/baa-baa-sheepz-cot-mattress-sheet-26-designs-i.215845413.7255347071,"Baa Baa Sheepz Cot Mattress Sheet (26 Designs)",49,79,1000,357,4.98,9,"Pupsik SG Official Store"
https://shopee.sg/furnituresg-solid-wooden-bed-frame-flat-plywood-base-single-super-single-size-i.9880889.3664541613,"(FurnitureSG) Solid Wooden Bed frame Flat Plywood Base (Single/Super Single Size)",136.23,209,1000,355,4.78,5,"FurnitureSG"
https://shopee.sg/sg-seller-twentyone-adam-faux-leather-fabric-sofa-1-2-3-4-seater-and-with-chaise-i.269227881.6841391536,"[SG Seller]Twentyone ADAM FAUX LEATHER/FABRIC SOFA (1/2/3/4 SEATER AND WITH CHAISE)",259,389,1000,350,4.73,9,"TWENTYONE"
https://shopee.sg/sg-seller-mattress-protector-mattress-topper-single-super-single-queen-king-available-i.94185530.1658764874,"[SG Seller] MATTRESS PROTECTOR / MATTRESS TOPPER（SINGLE/SUPER SINGLE/ QUEEN/KING/AVAILABLE）",17.9,49,1000,347,4.8,8,"Furniture Specialist"
https://shopee.sg/snb-computer-desk-white-study-table-simple-modern-office-writing-desk-home-dining-table-i.1093115257.25410786874,"SNB Computer Desk White Study Table Simple Modern Office Writing Desk Home Dining Table",35.7,69,1000,346,4.18,9,"SUNNY BIERE OS.sg "
https://shopee.sg/queen-size-mattress-6-9cm-high-density-latex-foam-firm-spine-support-breathable-comfortable-bed-for-i.1391751369.42418608782,"Queen Size Mattress 6/9cm High Density Latex Foam Firm Spine Support Breathable Comfortable Bed for HDB Bedroom",78.03,119,1000,345,4.69,9,"Dream Hug.SG"
https://shopee.sg/osum-study-table-80-100-120cm-space-saving-computer-desk-modern-office-table-for-student-bedroom-hom-i.1286408733.25682987206,"OSUM Study Table 80/100/120cm Space Saving Computer Desk Modern Office Table for Student Bedroom Home 家具 桌子",23.92,49,1000,342,4.11,9,"OSUM Official Store"
https://shopee.sg/square-leg-round-corner-no-installation-needed-foldable-table-computer-laptop-study-desk-pc-i.96953349.18348138362,"【Square Leg Round Corner】No Installation Needed / Foldable table / Computer Laptop Study Desk/PC",48.8,79,1000,342,4.6,9,"Lucky Baby Mummy SG"
https://shopee.sg/living-mall-gracie-divan-bed-frame-with-linen-fabric-or-faux-leather-w-mattress-all-sizes-i.92727875.25693723869,"Living Mall Gracie Divan Bed Frame with Linen Fabric or Faux Leather w/ Mattress - All Sizes",305.8,459,1000,342,4.82,8,"Living Mall"
https://shopee.sg/no-assembly-required-foldable-table-computer-desk-study-computer-movable-tables-i.96953349.10765615017,"【No Assembly Required】Foldable Table Computer Desk Study Computer Movable Tables",48.8,79,1000,339,4.88,9,"Lucky Baby Mummy SG"
https://shopee.sg/white-bamboo-shoe-rack-bench-seat-wearing-taking-off-shoe-organizer-waterproof-strong-durable-househ-i.96953349.28303856756,"White Bamboo Shoe Rack Bench/Seat Wearing Taking off Shoe Organizer Waterproof Strong Durable Household",20.7,49,1000,339,4.7,8,"Lucky Baby Mummy SG"
https://shopee.sg/toyogo-5-tier-shoe-rack-sturdy-plastic-storage-shelf-342-5-i.1012462.9556365,"TOYOGO 5-Tier Shoe Rack – Sturdy Plastic Storage Shelf (342-5)",30.3,59,1000,339,4.79,4,"TOYOGO Flagship Store"
https://shopee.sg/hxr-multi-purpose-foldable-laptop-table-lazy-table-bed-table-computer-table-portable-desk-tablet-hol-i.174052095.22254190145,"HXR Multi-purpose Foldable laptop Table lazy Table Bed Table Computer Table Portable Desk Tablet Holder",27.64,59,1000,338,4.79,9,"Hxr Mobile"
https://shopee.sg/bed-frame-zinus-kai-industrial-i.255323447.25436136486,"Bed Frame Zinus Kai Industrial",93.21,139,1000,337,4.82,9,"Zinus Singapore Official Store"
https://shopee.sg/sg-local-stock-betensh-20cm-pocket-spring-mattress-single-super-single-mattress-queen-mattress-king-i.1545518635.40904355908,"🔥SG LOCAL STOCK🔥BETENSH 20cm Pocket Spring Mattress Single/ Super Single Mattress Queen Mattress King Mattress (8"")",119,179,1000,335,4.89,9,"Betensh Mattress Store"
https://shopee.sg/free-installation-kenzzo-wooden-single-bed-frame-with-headboard-pull-out-bed-bed-frame-single-stora-i.99825399.26959660422,"[FREE INSTALLATION] KENZZO: Wooden single bed frame with headboard /pull out bed/bed frame single/storage bed/single bed",97.07,149,1000,334,4.48,9,"kenzzo.sg"
https://shopee.sg/type-b-new-corner-l-shape-computer-study-table-i.96953349.8880624765,"Type B (New) Corner L Shape Computer Study Table",79.8,119,1000,332,4.78,8,"Lucky Baby Mummy SG"
https://shopee.sg/etoz-100-tencel-waterproof-fitted-mattress-protector-100-tencel-fabric-mattress-protector-4-sizes-i.15933442.2278073145,"ETOZ 100% Tencel Waterproof Fitted Mattress Protector - 100% Tencel fabric- Mattress Protector- 4 sizes",31.92,59,1000,331,4.9,5,"ETOZ.SG Official Store"
https://shopee.sg/divan-base-4-sizes-synthetic-leather-color-choice-free-and-fast-delivery-i.30336969.440559759,"Divan Base_4 sizes_Synthetic Leather_Color choice_Free and Fast delivery",135,209,1000,331,4.86,9,"univonna"
https://shopee.sg/jiji-sg-laria-foldable-nap-mattress-single-foam-foldable-mattress-guest-s-mattress-i.31165845.27657052368,"(JIJI SG) LARIA Foldable Nap Mattress (SINGLE) / Foam / Foldable Mattress / Guest‘s Mattress",30.99,59,1000,330,4.83,9,"JIJI.SG Official Store"
https://shopee.sg/sea-horse-sea-all-model-latex-like-texture-foam-mattress-one-side-medium-soft-and-one-side-hard-avai-i.83541083.4318533421,"SEA HORSE SEA ALL Model Latex-like Texture Foam Mattress One Side Medium Soft and One Side Hard! Available on Both Sides",326.83,499,1000,324,4.89,8,"SEA HORSE "
https://shopee.sg/livingmall-xanti-bed-frame-with-pull-out-folding-leg-bed-option-in-2-colour-single-and-super-single-i.92727875.12242121550,"Livingmall Xanti Bed Frame With Pull Out/Folding Leg Bed Option In 2 Colour- Single and Super Single",182.77,279,1000,320,4.78,7,"Living Mall"
https://shopee.sg/moozzz-tasha-3inch-topper-mattress-tatami-available-in-single-super-single-queen-and-king-i.154892296.4810560059,"mooZzz Tasha 3inch Topper | Mattress | Tatami | Available in Single, Super Single, Queen and King",99,149,1000,319,4.95,8,"mooZzz Official Store"
https://shopee.sg/sg-local-seller-2026-upgrade-double-layer-shoe-cabinet-17-24cm-outdoor-shoe-rack-110cm-large-capaci-i.911550113.23769296103,"【SG Local Seller】🔥2026 Upgrade🔥Double Layer Shoe Cabinet 17/24cm  Outdoor Shoe Rack 110cm Large Capacity Multifunctional Space Saving Ultra Thin Shoe Cabinet 鞋柜 鞋架",3.5,29,1000,318,4.4,9,"QY Home Living."
https://shopee.sg/deliver-in-1-2-day-4-6-8-high-density-bamboo-fabric-mattress-i.318646851.6157439063,"[Deliver in 1-2 Day] 4/6/8"" High Density Bamboo Fabric Mattress",69,109,1000,318,4.93,5,"SleepMeMoments"
https://shopee.sg/sea-horse-kd-2fold-foldable-solid-wood-bed-frame-folding-single-bed-i.83541083.23817012059,"SEA HORSE (KD-2FOLD) Foldable Solid Wood Bed Frame Folding Single Bed",81.02,129,1000,318,4.8,5,"SEA HORSE "
https://shopee.sg/luxe-metal-shoe-rack-4-tier-5-tier-6-tier-shoe-storage-organizer-rack-multifunctional-shelves-easy-a-i.1181429045.28101180473,"Luxe Metal Shoe Rack 4 Tier 5 Tier 6 Tier Shoe Storage Organizer Rack Multifunctional Shelves Easy Assemble不锈钢鞋架",20.38,49,1000,316,4.42,9,"Luxes HOME"
https://shopee.sg/ship-in-24h-upgraded-version-trikings-compression-sofa-untuk-rumah-flat-1-5-2-4meters-2-3seats-acce-i.1630901039.43468721267,"【SHIP IN 24H】【Upgraded Version】Trikings Compression Sofa untuk Rumah Flat 1.5~2.4Meters 2~3Seats Accept customization",174.3,269,1000,316,4.97,9,"Trikings Factory"
https://shopee.sg/foldable-bed-frame-with-metal-support-i.96953349.23675807159,"Foldable Bed Frame with Metal Support",78,119,1000,313,4.8,9,"Lucky Baby Mummy SG"
https://shopee.sg/snb-free-installation-80-100-120cm-folding-table-dining-table-foldable-computer-table-study-writing-i.1093115257.25478377185,"SNB【Free installation】80/100/120cm Folding Table Dining Table Foldable Computer Table Study Writing Desk Foldable Table",52.3,79,1000,312,4.33,9,"SUNNY BIERE OS.sg "
https://shopee.sg/snb-100-120-140cm-nordic-solid-rubber-wood-dining-table-modern-minimalist-wooden-table-for-dining-ro-i.1093115257.23289864083,"SNB 100/120/140cm Nordic Solid Rubber Wood Dining Table Modern Minimalist Wooden Table for Dining Room Furniture Set",54.9,89,1000,311,4.38,9,"SUNNY BIERE OS.sg "
https://shopee.sg/smart-ergo-height-adjustable-computer-table-with-drawers-ergonomic-standing-desk-motion-series-i.795918229.20912245583,"Smart Ergo Height Adjustable Computer Table with Drawers | Ergonomic Standing Desk ( Motion Series )",101.12,159,1000,310,4.87,9,"Smart Ergo Official Store"
https://shopee.sg/living-mall-vitta-series-4ft-sliding-wardrobe-scratch-resistant-in-50-designs-i.92727875.2178249973,"Living Mall Vitta Series 4ft Sliding Wardrobe Scratch Resistant in 50 Designs",179.7,269,1000,310,4.49,9,"Living Mall"
https://shopee.sg/salvo-multi-layer-kitchen-cabinet-with-wheels-kitchen-rack-kitchen-organiser-space-saving-shelf-rack-i.1374621362.27763549912,"Salvo Multi Layer Kitchen Cabinet With Wheels Kitchen Rack Kitchen Organiser Space Saving Shelf Rack",18.59,49,1000,307,4.83,9,"Salvo Home"
https://shopee.sg/foldable-tatami-mattress-mattress-topper-protector-i.66232769.6236868390,"Foldable tatami Mattress / Mattress Topper Protector",25.9,59,1000,307,4.7,9,"❤️ Nat's World ❤️"
https://shopee.sg/local-seller-waterproof-mattress-cover-fitted-type-single-super-single-queen-king-i.223977218.3542648609,"Local Seller Waterproof Mattress Cover Fitted Type/ Single / Super Single / Queen / King",11.35,39,1000,306,4.89,7,"YVNshop"
https://shopee.sg/yhl-cheapest-2-feet-2-doors-3-feet-3-door-wardrobe-free-installation-i.96886142.29002533161,"YHL Cheapest 2 Feet 2 Doors / 3 Feet 3 Door Wardrobe (Free Installation)",63.13,99,1000,305,4.83,7,"yongheng206"
https://shopee.sg/sg-foldable-mattress-4-fold-8cm-thickened-foam-mattress-for-single-and-queen-size-sleeping-mat-i.1289483228.42850729739,"(SG) Foldable Mattress 4 Fold / 8cm Thickened Foam Mattress for Single and Queen Size Sleeping Mat",60.3,99,1000,305,4.87,9,"YEAST.sg"
https://shopee.sg/jiji-sg-dreamax-nora-trifold-guest-mattress-single-size-foldable-mattress-i.31165845.23509929670,"JIJI.SG DREAMAX Nora Trifold Guest Mattress Single Size Foldable Mattress",46.22,79,1000,304,4.86,8,"JIJI.SG Official Store"
https://shopee.sg/gr-furniture-2-and-3-door-wardrobe-cabinet-cupboard-clothes-with-hanging-rod-walnut-natural-and-whit-i.1017791466.44261171341,"GR Furniture 2 and 3 Door Wardrobe Cabinet Cupboard Clothes with Hanging Rod Walnut Natural and White",125.2,189,1000,303,4.76,9,"GR Furniture"
https://shopee.sg/hotel-luxury-mattress-euro-top-spring-bed-single-super-single-queen-king-cooling-breathable-hotel-co-i.634941710.15135436339,"Hotel Luxury Mattress Euro Top Spring Bed - Single/Super Single/Queen/King | Cooling, Breathable, Hotel Comfort Quality",329,499,1000,303,4.82,9,"Hotel Bed Company"
https://shopee.sg/sg-local-send-shoe-rack-multi-layer-thickened-shoe-stool-stainless-steel-simple-new-shoe-rack-p-i.1409083811.29672635396,"【SG local send】Shoe rack multi-layer thickened shoe stool stainless steel simple new shoe rack P",6.78,39,1000,301,4.68,9,"wolaiye1.sg"
https://shopee.sg/flexidesignx-yumi-shoe-rack-2-3-door-soft-close-8-4-tier-tall-cabinet-walnut-beech-shoe-cabinet-i.179838813.14149141615,"Flexidesignx YUMI Shoe Rack 2/3 Door Soft Close 8/4 Tier Tall Cabinet Walnut/Beech Shoe Cabinet",91.3,139,1000,301,4.79,8,"Flexidesignx Furnitures"
https://shopee.sg/dunlopillo-klasik-generasi-z-foldable-mattress-190-x-91-x-8cm-i.790130121.24452378925," Dunlopillo Klasik Generasi Z Foldable Mattress (190 x 91 x 8cm)",138,209,1000,297,4.88,7,"Dunlopillo Singapore"
https://shopee.sg/koala-home-tatami-mattress-topper-foldable-protector-floor-mattress-japanese-90x200-120x200-150x200-i.785454343.27808858311,"🇸🇬Koala Home🔥TATAMI Mattress Topper / Foldable Protector Floor Mattress Japanese 90x200/120x200/150x200",39.9,69,1000,297,4.93,9,"Koala Home Lifestyle "
https://shopee.sg/sg-stock-foldable-bed-portable-folding-bed-metal-foldable-portable-bedroom-black-white-single-heavy-i.1377639721.27537519264,"SG Stock Foldable Bed Portable Folding Bed Metal Foldable Portable Bedroom Black/white Single Heavy Duty Bed Frame 70/100/120【installation-free】",47.02,79,1000,297,4.61,9,"chenxueqi01.sg"
https://shopee.sg/sg-adjustable-upgraded-shoe-organizer-shoe-organiser-shoe-rack-shoe-stacker-i.68168943.22844566577,"[SG] Adjustable Upgraded Shoe Organizer, Shoe Organiser, Shoe Rack, Shoe Stacker",1.53,29,1000,294,4.86,9,"Konbini"
https://shopee.sg/mums-choice-customize-size-baby-mattress-anti-dust-mite-high-density-foam-mattress-with-holes-i.5651988.6850881525,"Mums Choice customize size baby mattress ( Anti Dust Mite High Density Foam Mattress With Holes)",1,29,1000,293,4.92,9,"Mums Choice"
https://shopee.sg/home-desk-computer-desk-dining-table-apartment-study-bedroom-simple-modern-student-study-desk-woode-i.704355887.21946765252,"(HOME+) Desk/computer desk/dining table apartment study bedroom simple modern student study desk wooden economic",22.84,49,1000,292,4.54,8,"HOME+SG"
https://shopee.sg/tatami-mat-japanese-foldable-bed-mattress-topper-anti-bacteria-bedding-floor-cushion-i.5354812.47828531,"Tatami Mat Japanese Foldable Bed Mattress Topper Anti-bacteria Bedding Floor Cushion",52.8,79,1000,292,4.83,9,"Ology Warehouse"
https://shopee.sg/kujira-homes-intex-inflatable-air-bed-mattress-single-super-single-queen-king-free-air-pump-i.868531282.20353610988,"Kujira Homes - Intex Inflatable Air Bed / Mattress (Single /Super Single, Queen , King) + Free Air Pump",41.79,69,1000,291,4.83,9,"Kujira Homes"
https://shopee.sg/foldable-storage-box-stackable-storage-drawer-cabinet-wardrobe-home-organizer-storage-boxes-book-box-i.976606060.22674328534,"Foldable Storage Box Stackable Storage Drawer Cabinet Wardrobe Home Organizer Storage Boxes book box",16.27,49,1000,289,4.89,9,"kitchen folding shelf  sg"
https://shopee.sg/living-mall-lewyn-storage-bed-frame-with-drawers-petfriendly-scratch-resistant-option-i.92727875.28668793144,"Living Mall Lewyn Storage Bed Frame with Drawers - PetFriendly Scratch-resistant Option",432.95,649,1000,289,4.81,9,"Living Mall"
https://shopee.sg/sg-stock-kids-study-table-and-chair-set-i.424834708.22534296107,"[SG Stock] Kids Study Table and Chair Set",20,49,1000,287,4.96,5,"AtoZ Homely"
https://shopee.sg/livingmall-zarya-series-2-3-doors-tall-wardrobe-with-top-cabinet-in-14-models-i.92727875.22200839378,"Livingmall Zarya Series 2/3 Doors Tall Wardrobe with Top Cabinet In 14 Models",101.4,159,1000,287,4.66,9,"Living Mall"
https://shopee.sg/livingmall-diomire-eco-foam-4-5-8-high-density-mattress-tricot-fabric-i.92727875.23102257005,"Livingmall Diomire Eco Foam 4""/5""/8"" High Density Mattress Tricot Fabric",62.08,99,1000,286,4.85,8,"Living Mall"
https://shopee.sg/living-mall-gina-metal-bed-frame-in-white-and-black-colors-available-in-all-sizes-i.92727875.17928459566,"Living Mall GINA Metal Bed Frame in White And Black Colors - Available in All Sizes",82.2,129,1000,286,4.72,9,"Living Mall"
https://shopee.sg/sg-stock-shoe-box-with-lid-no-need-to-assemble-transparent-shoe-rack-multi-layer-thick-shoe-storage-i.559094417.29150540421,"【SG STOCK】Shoe box with lid no need to assemble transparent shoe rack multi-layer thick shoe storage convenient and fold",8.16,39,1000,284,4.89,9,"Ding Dong home store"
https://shopee.sg/furnituresg-single-super-queen-king-bedframe-with-foam-spring-mattress-ready-stock-i.9880889.17497708063,"(FurnitureSG) Single/Super/Queen/King Bedframe with Foam/Spring Mattress *Ready Stock*",134.21,209,1000,283,4.73,4,"FurnitureSG"
https://shopee.sg/furnituresg-maxcoil-super-foam-foldable-orthopedic-mattress-i.9880889.65329251,"(FurnitureSG) MaxCoil Super Foam Foldable Orthopedic Mattress",149,229,1000,282,4.85,3,"FurnitureSG"
https://shopee.sg/living-mall-neeka-single-super-single-queen-bed-frame-w-mattress-option-4-available-colours-i.92727875.21593207866,"Living Mall Neeka Single / Super Single/Queen Bed Frame w/ Mattress Option - 4 Available Colours",203.8,309,1000,280,4.83,9,"Living Mall"
https://shopee.sg/living-mall-nico-1-2-3-seater-l-shaped-sofa-with-pet-friendly-fabric-scratch-claw-resistant-i.92727875.24784185720,"Living Mall Nico 1/2/3-Seater L-Shaped Sofa with Pet-Friendly Fabric Scratch & Claw-Resistant",405.52,609,1000,280,4.81,9,"Living Mall"
https://shopee.sg/living-mall-elizza-storage-bed-frame-sbd-16-pet-friendly-in-47-colors-with-mattress-option-i.92727875.2729291660,"Living Mall Elizza Storage Bed Frame SBD 16"" Pet-Friendly In 47 Colors / With Mattress Option",347.34,529,1000,279,4.68,9,"Living Mall"
https://shopee.sg/kaki-sg-3-foldable-thick-tatami-memory-foam-mattress-2-3-4-inch-single-size-floor-bed-with-ultra-so-i.1535261768.40159310277,"【Kaki.SG】3 Foldable Thick Tatami Memory Foam Mattress 2/3/4 Inch -Single Size  Floor Bed with Ultra-Soft Removable Cover",84.5,129,1000,279,4.85,9,"Home Kaki.sg"
https://shopee.sg/devonne-grey-fabric-bed-frame-water-repellent-i.154665307.4411292720,"Devonne Grey Fabric Bed Frame (Water Repellent)",222,339,1000,279,4.79,6,"Megafurniture Official Store"
https://shopee.sg/zip-waterproof-mattress-protector-zip-bedsheet-fitted-bed-sheet-mattress-cover-bed-encasement-i.216155110.4013781246,"Zip Waterproof Mattress Protector Zip Bedsheet Fitted Bed sheet Mattress Cover Bed Encasement",43.99,69,1000,278,4.97,9,"MyMusee"
https://shopee.sg/foldable-sofa-bed-sofabed-foldable-sofa-foldable-bed-lazy-sofa-home-seat-thickness-18cm-i.14390894.3960139834,"Foldable Sofa Bed / Sofabed / Foldable Sofa / Foldable Bed / Lazy Sofa Home Seat, Thickness 18cm",106.9,169,1000,278,4.91,7,"AIDEAL.sg"
https://shopee.sg/foldable-utility-table-chair-dining-table-i.96953349.1619977776,"Foldable Utility Table/Chair/Dining Table",16.8,49,1000,277,4.7,9,"Lucky Baby Mummy SG"
https://shopee.sg/summer-ice-silk-pillow-ice-beans-bedside-cartoon-sofa-pillow-back-soft-large-backrest-bedroom-tatami-i.1012316572.20890863742,"Summer ice silk pillow Ice Beans Bedside Cartoon Sofa Pillow Back Soft Large Backrest Bedroom Tatami Pillow",18.9,49,1000,277,4.72,9,"ptx8soouhx"
https://shopee.sg/baby-crib-bedsheet-kids-fitted-sheet-for-cot-playpen-childcare-mattress-cover-pillow-bed-sheet-i.16391635.5846244422,"Baby Crib Bedsheet | Kids Fitted Sheet for Cot Playpen Childcare | Mattress Cover & Pillow Bed Sheet",8.89,39,1000,276,4.93,5,"My Rocket Store"
https://shopee.sg/foldable-velvet-sofabed-single-sofa-bed-foldable-bed-chair-foldable-sofa-multi-functional-folding-la-i.96953349.14105022163,"Foldable Velvet SofaBed Single Sofa Bed Foldable Bed Chair Foldable Sofa Multi-functional Folding Lazy Bed Washable",185,279,1000,272,4.68,8,"Lucky Baby Mummy SG"
https://shopee.sg/sg-local-seller-half-price-double-layer-shoe-cabinet-17-24cm-shoe-rack-outdoor-shoe-cabinet-rack-ou-i.1008661105.17695398750,"🔥SG Local Seller+Half Price🔥Double Layer Shoe Cabinet 17/24cm Shoe Rack Outdoor Shoe Cabinet Rack Outdoor Rack 110cm Large Capacity Multifunctional Space Saving Ultra Thin Cabinet",9.99,39,1000,271,4.24,9,"QY Light Mall"
https://shopee.sg/osum-adjustable-table-portable-standing-computer-laptop-table-study-table-bed-side-table-wood-i.1286408733.27405065425,"OSUM Adjustable table Portable Standing Computer Laptop Table Study table Bed Side Table Wood 桌子",36.21,69,1000,267,4.44,9,"OSUM Official Store"
https://shopee.sg/free-install-99furniture-3-door-wardrobe-storage-with-hanger-multiple-storage-space-white-walnut-he-i.1054017527.22351938613,"[FREE INSTALL] 99Furniture 3 door wardrobe Storage with Hanger  & Multiple Storage Space White/Walnut (Height 180cm)",97.9,149,1000,267,4.64,8,"99 Furniture.SG"
https://shopee.sg/living-mall-diomire-7-spinal-guard-bonnell-spring-mattress-all-size-available-i.92727875.12651203608,"Living Mall Diomire 7"" Spinal Guard Bonnell Spring Mattress.  All size Available",127.91,199,1000,267,4.66,7,"Living Mall"
https://shopee.sg/sg-ready-stock-bundle-of-2-storage-shoe-rack-household-double-plastic-shoe-tray-wardrobe-shoe-stora-i.306869927.9644284836,"【SG Ready Stock】【Bundle of 2】Storage Shoe Rack Household Double Plastic Shoe Tray Wardrobe Shoe Storage Rack",2.4,29,1000,265,4.79,9,"INTUD"
https://shopee.sg/living-mall-kalila-metal-double-decker-bed-frame-w-mattress-package-in-black-white-color-i.92727875.1965102491,"Living Mall Kalila Metal Double Decker Bed Frame W/ Mattress Package In Black & White Color",118.77,179,1000,265,4.8,9,"Living Mall"
https://shopee.sg/foldable-shoe-box-transparent-shoe-cabinet-stackable-shoe-storage-box-home-rack-cabinet-no-installat-i.1200983296.28875499465,"Foldable Shoe Box Transparent Shoe Cabinet Stackable Shoe Storage Box Home Rack Cabinet No Installation",3.89,29,1000,264,4.91,9,"Home Life Store.SG"
https://shopee.sg/waterproof-mattress-protector-cadar-singe-queen-king-sanded-skin-friendly-fitted-bed-sheet-bedspread-i.365052519.4473177402,"Waterproof Mattress Protector Cadar Singe /Queen/King Sanded Skin-friendly Fitted Bed Sheet Bedspread Mattress Cover",6.43,39,1000,264,4.89,9,"localgoodsdirect.sg"
https://shopee.sg/1-2-3-4-seater-sofa-cover-100-waterproof-skidproof-sofa-cover-high-quality-sofa-cover-protector-cool-i.16524014.2106745010,"1/2/3/4 Seater Sofa Cover 100% Waterproof Skidproof Sofa Cover HIGH QUALITY Sofa Cover Protector Cooling Couch Cover",15.9,49,1000,264,4.82,6,"lovehome.sg"
https://shopee.sg/gmshop-style-multi-functional-adjustable-lazy-sofa-floor-tatami-foldable-bed-recliner-chair-78cm-x-3-i.211925245.7435641109,"GMSHOP Style Multi-functional Adjustable Lazy Sofa Floor Tatami Foldable Bed Recliner Chair (78cm x 35cm)",20.5,49,1000,264,4.66,9,"Gmshop"
https://shopee.sg/yhl-simple-solid-wooden-bed-frame-free-delivery-and-installation-i.96886142.6671096714,"YHL Simple Solid Wooden Bed Frame (Free Delivery And Installation)",156.44,239,1000,263,4.88,4,"yongheng206"
https://shopee.sg/living-mall-hazel-16-sbd-lift-up-storage-bedframe-pet-friendly-option-mattress-option-i.92727875.26253967251,"Living Mall Hazel 16"" SBD Lift Up Storage Bedframe - Pet-Friendly Option / Mattress Option",319.91,479,1000,259,4.92,9,"Living Mall"
https://shopee.sg/osum-solid-wood-bedside-table-modern-bedroom-bedside-table-storage-cabinet-bedroom-side-table-storag-i.1286408733.29669950426,"OSUM Solid Wood Bedside Table Modern Bedroom Bedside Table Storage Cabinet Bedroom Side Table Storage  Rack With Drawer",29.14,59,1000,258,4.42,9,"OSUM Official Store"
https://shopee.sg/sg-seller-twentyone-quality-mattress-topper-feather-fabric-soft-mattress-topper-i.269227881.5641387052,"[SG Seller] Twentyone Quality Mattress Topper /Feather Fabric Soft Mattress Topper",69,109,1000,258,4.76,4,"TWENTYONE"
https://shopee.sg/foldable-mattress-topper-tatami-bed-protector-fold-matt-i.66232769.3325119420,"foldable Mattress Topper Tatami bed Protector (fold matt)",28.9,59,1000,256,4.59,9,"❤️ Nat's World ❤️"
https://shopee.sg/wenbo-modern-minimalist-wardrobe-dust-cover-curtain-clothes-rack-household-storage-cabinet-multifunc-i.203744407.22047873218,"Wenbo Modern Minimalist Wardrobe Dust Cover Curtain Clothes Rack Household Storage Cabinet Multifunctional Storage Rack",26.05,59,1000,254,4.68,9,"Wenbo Official Store"
https://shopee.sg/salvo-foldable-wardrobe-movable-baby-wardrobe-drawer-chest-storage-drawer-cabinet-storage-cabinet-i.1374621362.44403318727,"Salvo Foldable Wardrobe Movable Baby Wardrobe Drawer Chest Storage Drawer Cabinet Storage Cabinet 衣柜",24.19,49,1000,254,4.86,9,"Salvo Home"
https://shopee.sg/local-stock-spandex-dining-chair-cover-cooling-chair-cover-for-dining-table-i.16524014.5207774492,"LOCAL STOCK / Spandex Dining Chair Cover COOLING Chair Cover FOR Dining Table",3.36,29,1000,254,4.94,6,"lovehome.sg"
https://shopee.sg/charlton-4-door-wardrobe-with-2-drawers-walnut-white-i.53927834.5408981935,"**Charlton 4-Door Wardrobe with 2-Drawers (Walnut/White)",205.2,309,1000,253,4.92,8,"LCF Furniture Store"
https://shopee.sg/snb-study-table-with-bookshelf-computer-table-student-study-desk-work-desk-wood-home-office-table-pc-i.1093115257.26768085140,"SNB Study Table With Bookshelf Computer Table Student Study Desk Work Desk Wood Home Office Table PC Gaming Desk",65.36,99,1000,251,4.49,9,"SUNNY BIERE OS.sg "
https://shopee.sg/shoe-rack-flexible-plastic-panel-large-18-to-24-pairs-of-shoes-stocks-sg-homebuddy-shoe-cabinet-stor-i.7190564.815570744,"Shoe Rack [flexible plastic panel. LARGE. 18 to 24 pairs of shoes]_ Stocks SG_ HomeBuddy_ shoe cabinet/ storage cabine",33.59,59,1000,251,4.75,9,"HomeBuddy.us"
https://shopee.sg/algo-double-shoe-rack-with-umbrella-holder-al-5215-al-5216-i.98540060.1617577421,"Algo Double Shoe Rack with Umbrella Holder (AL-5215, AL-5216)",31.9,59,1000,251,4.9,3,"LocknLock Singapore Official Store"
https://shopee.sg/one-kidz-70cm-x-160cm-cotton-fitted-cot-sheet-soft-comfortable-for-infant-toddler-children-fits-ikea-i.132168134.2104884896,"One Kidz 70cm x 160cm Cotton Fitted Cot Sheet – Soft & Comfortable for Infant, Toddler & Children, Fits IKEA Mattress",17.28,49,1000,251,4.94,3,"One Kidz"
https://shopee.sg/babydreams-100-cotton-baby-bedsheet-playpen-fitted-sheet-cot-mattress-cover-baby-kingdom-i.35350380.7895637101,"Babydreams 100% Cotton Baby Bedsheet Playpen Fitted Sheet Cot Mattress Cover - Baby Kingdom",13.9,39,1000,248,4.91,7,"Baby Kingdom Official Store"
https://shopee.sg/dreamax-yawn-high-density-foam-mattress-10cm-15cm-20cm-vacuum-sealed-bed-i.486967120.16671693036,"DREAMAX Yawn High Density Foam Mattress 10cm 15cm 20cm Vacuum-Sealed Bed",181.44,279,1000,248,4.92,9,"DREAMAX"
https://shopee.sg/foldable-mattress-single-4-inch-memory-foam-floor-mattress-portable-non-slip-anti-mite-breathable-i.1391751369.41919334479,"Foldable Mattress Single 4 Inch Memory Foam Floor Mattress Portable Non Slip Anti Mite Breathable",54.04,89,1000,246,4.5,9,"Dream Hug.SG"
https://shopee.sg/hxr-height-adjustable-mobile-bedside-computer-desk-3-tier-storage-0-32m-space-saving-table-with-whee-i.174052095.43604006006,"HXR Height Adjustable Mobile Bedside Computer Desk 3-Tier Storage 0.32m² Space-Saving Table With Wheels For Bedroom Dorm",37.35,69,1000,242,4.82,9,"Hxr Mobile"
https://shopee.sg/sg-local-seller-high-quality-high-density-foam-single-mattress-foldable-non-foldable-options-2-3-4-i.288617904.12128792996,"[SG Local Seller] High Quality & High-Density Foam Single Mattress - Foldable & Non-Foldable Options | 2"", 3"", 4"" Inch",13.99,39,1000,242,4.88,9,"AB Furniture - Best Mattress In SG"
https://shopee.sg/metal-ten-layer-shoe-rack-with-door-economical-multi-layer-shoe-cabinet-mesh-shoe-storage-30-pairs-i.858734984.19266853188,"Metal ten-layer shoe rack with door economical multi-layer shoe cabinet mesh shoe storage 30 pairs",32,59,1000,241,4.73,8,"SEXY MAMA"
https://shopee.sg/foldable-mattress-nap-bedding-tatami-bed-single-i.178783833.6268632511,"Foldable Mattress/ Nap bedding/ Tatami bed (single)",27.8,59,1000,241,4.51,8,"Zenka"
https://shopee.sg/sg-stock-premium-latex-hybrid-spring-mattress-with-pocket-springs-queen-king-size-dual-layer-comfor-i.1152771140.43164308518,"​[SG Stock]​​Premium Latex Hybrid Spring Mattress with Pocket Springs – Queen/King Size Dual-Layer Comfort, Motion Isolation & Silent Support​​",13.48,39,1000,240,4.32,9,"UrbanCove Home Official"
https://shopee.sg/cozy-cloud-sofa-soft-cashmere-material-chair-design-furniture-white-sofas-chairs-sitting-stool-i.290127246.9872454168,"Cozy Cloud Sofa Soft Cashmere Material Chair Design Furniture White Sofas Chairs Sitting Stool",148,229,1000,240,4.87,9,"Kumayo"
https://shopee.sg/sg-ready-stocks-jomo-ergonomic-standing-desk-converter-lifting-laptop-table-computer-table-i.263720366.12891546414,"✅SG Ready Stocks✅ JOMO Ergonomic Standing Desk Converter Lifting Laptop table Computer Table",85.94,129,1000,239,4.71,9,"JOMO Living"
https://shopee.sg/livingmall-toluca-bedroom-set-includes-wardrobe-bed-frame-mattress-all-sizes-available-i.92727875.2727891453,"Livingmall Toluca Bedroom Set Includes Wardrobe/Bed Frame/Mattress - All Sizes Available",250.1,379,1000,237,4.63,9,"Living Mall"
https://shopee.sg/d287-doorway-double-column-shoe-rack-minimalist-wooden-shoe-shelf-7-8-tier-shoe-rack-i.96953349.7676909030,"【D287 Doorway double column Shoe Rack】Minimalist Wooden Shoe Shelf/ 7/8 Tier Shoe Rack",34.8,59,1000,236,4.67,7,"Lucky Baby Mummy SG"
https://shopee.sg/sg-ready-stock-foldable-shoe-box-3-6-pcs-bundle-space-saving-shoe-cabinet-organizer-no-installation-i.1200983296.29280570772,"【SG READY STOCK】Foldable Shoe Box 3/6 PCS Bundle | Space Saving Shoe Cabinet Organizer | No Installation PP Plastic Shoe Rack Storage(Transparent/White)",3.89,29,1000,236,4.8,9,"Home Life Store.SG"
https://shopee.sg/inflatable-air-bed-mattress-camping-sleeping-pad-4-sizes-available-i.112884539.7379241248,"Inflatable Air Bed Mattress Camping Sleeping Pad. 4 Sizes Available",7.8,39,1000,236,4.84,9,"UniqueGiftsg"
https://shopee.sg/living-mall-elise-divan-faux-leather-bed-frame-w-pet-friendly-option-all-sizes-available-i.92727875.24557611485,"Living Mall Elise Divan Faux Leather Bed Frame w/ Pet-Friendly Option - All Sizes Available",80.37,129,1000,235,4.72,9,"Living Mall"
https://shopee.sg/dual-side-glossy-plywood-tabletop-with-foldable-frame-study-desk-computer-table-save-space-square-re-i.250244757.6237519873,"Dual side Glossy Plywood Tabletop with foldable frame. Study Desk.Computer table. Save space. Square.Rectangle",51.9,79,1000,234,4.88,7,"TheGoodFurniture"
https://shopee.sg/babydreams-baby-mattress-anti-dust-mite-bamboo-covered-i.35350380.21649773533,"Babydreams Baby  Mattress Anti-Dust Mite Bamboo Covered",37.05,69,1000,233,4.93,5,"Baby Kingdom Official Store"
https://shopee.sg/moozzz-kaira-no-arm-sofa-bed-available-in-single-super-single-2-seater-sizes-i.154892296.2842017296,"mooZzz Kaira No Arm Sofa Bed | Available in Single | Super Single | 2 Seater Sizes",285,429,1000,233,4.95,8,"mooZzz Official Store"
https://shopee.sg/living-mall-robby-series-single-wooden-bed-frame-in-14-designs-i.92727875.1966791028,"Living Mall Robby Series Single Wooden Bed Frame In 14 Designs",134.9,209,1000,233,4.69,9,"Living Mall"
https://shopee.sg/f5-foldable-lazy-sofa-chair-sofa-bed-with-legrest-i.96953349.8250648374,"F5 Foldable Lazy Sofa Chair / Sofa Bed with Legrest",119.8,179,1000,232,4.71,9,"Lucky Baby Mummy SG"
https://shopee.sg/sg-stock-sintered-stone-nordic-dining-table-set-dining-table-chair-sintered-stone-dining-table-marb-i.60366738.21624077365,"【Sg Stock】 Sintered Stone Nordic Dining Table Set Dining Table Chair Sintered Stone Dining Table Marble Dining Table",100,149,1000,231,4.69,9,"HopefulLove"
https://shopee.sg/sg-stock-glovosync-electric-height-adjustable-desk-ergonomic-standing-desk-4-memory-height-120cm-off-i.1171953869.27261132362,"SG Stock GlovoSync Electric Height Adjustable Desk Ergonomic Standing Desk 4 Memory Height 120cm Office Study Table Desk",30,59,1000,228,4.76,8,"GlovoSync.store"
https://shopee.sg/salvo-3-10-layers-foldable-shoe-box-transparent-stackable-folding-shoe-cabinet-shoe-storage-box-inst-i.1374621362.29313351112,"Salvo 3-10 Layers Foldable Shoe Box Transparent Stackable Folding Shoe Cabinet Shoe Storage Box Installation-Free 鞋盒",16.17,49,1000,228,4.92,9,"Salvo Home"
https://shopee.sg/free-install-99furniture-storage-bed-with-headboard-and-depth-storage-bed-base-3ft-3-5ft-5ft-6ft-si-i.1054017527.25334052205,"[FREE INSTALL] 99Furniture storage bed with headboard and Depth Storage Bed Base 3ft/3.5ft/5ft/6ft Single/S.single/queen",328.9,499,1000,228,4.86,4,"99 Furniture.SG"
https://shopee.sg/etoz-latex-mattress-topper-bamboo-cotton-fabric-4-sizes-i.15933442.13439162560,"ETOZ Latex Mattress Topper - Bamboo Cotton Fabric - 4 Sizes",135,209,1000,227,4.87,3,"ETOZ.SG Official Store"
https://shopee.sg/radiant-striped-shoe-cabinet-bamboo-shoe-cabinet-nordic-tipping-bucket-cabinet-fast-delivery-i.1207024576.27736356223,"⚡RADIANT Striped shoe cabinet Bamboo Shoe Cabinet Nordic Tipping Bucket cabinet[Fast delivery]竖条纹/百叶门",52.72,79,1000,224,4.44,9,"RADIANT RETREAT HOME FURNISHINGS"
https://shopee.sg/livingmall-pegus-single-metal-bed-frame-4-hd-foam-mattress-pillow-in-black-colour-i.92727875.1906320884,"Livingmall Pegus Single Metal Bed Frame  + 4"" HD Foam Mattress + Pillow In Black Colour",127.91,199,1000,224,4.87,6,"Living Mall"
https://shopee.sg/type-d-kids-wardrobe-closet-children-clothes-rack-cabinet-plastic-storage-box-drawer-organizer-i.96953349.4595157937,"【Type D】Kids Wardrobe / Closet Children Clothes Rack cabinet/ Plastic Storage Box Drawer Organizer",89.8,139,1000,221,4.79,8,"Lucky Baby Mummy SG"
https://shopee.sg/living-mall-ruru-series-leather-and-fabric-pet-friendly-fabric-sofa-set-with-ottoman-in-12-colours-i.92727875.5870559618,"Living Mall Ruru Series Leather and Fabric / Pet Friendly Fabric Sofa Set With Ottoman In 12 Colours",182.77,279,1000,221,4.76,9,"Living Mall"
https://shopee.sg/snb-desk-ergonomic-standing-desk-height-adjustable-pc-gaming-desk-table-office-table-study-computer-i.1093115257.29808438712,"SNB Desk Ergonomic Standing Desk Height Adjustable PC Gaming Desk Table Office Table Study Computer Table Laptop Desk",98.72,149,1000,220,4.55,9,"SUNNY BIERE OS.sg "
https://shopee.sg/prime-lazy-sofa-floor-chair-foldable-chair-cushion-floor-sofa-i.96953349.11738127446,"★ Prime Lazy Sofa / Floor Chair /Foldable Chair / Cushion/ Floor Sofa",54.8,89,1000,220,4.79,9,"Lucky Baby Mummy SG"
https://shopee.sg/jayce-2-door-wardrobe-walnut-white-i.53927834.877833044,"**JAYCE 2-Door Wardrobe (Walnut / White)",98.1,149,1000,219,4.87,8,"LCF Furniture Store"
https://shopee.sg/gr-furniture-2-3-door-wardrobe-with-drawers-and-hanging-rod-i.1017791466.23173231131,"GR Furniture 2/3 Door Wardrobe With Drawers and Hanging Rod",125.2,189,1000,218,4.78,9,"GR Furniture"
https://shopee.sg/algo-zig-zag-shoe-rack-shoe-organizer-with-wheels-i.119313110.12775898416,"Algo Zig Zag Shoe Rack Shoe Organizer with Wheels",26.98,59,1000,217,4.86,6,"Foh Foh Singapore Official Store"
https://shopee.sg/snb-fully-assembled-foldable-table-outdoor-table-folding-table-dining-table-restaurant-banquet-table-i.1093115257.42752313713,"SNB Fully Assembled Foldable Table Outdoor Table Folding Table Dining Table Restaurant Banquet Table",47.7,79,1000,216,4.56,9,"SUNNY BIERE OS.sg "
https://shopee.sg/snb-foldable-student-study-table-with-shelf-portable-computer-table-study-desk-writing-desk-i.1093115257.42417330111,"SNB 【Foldable】Student study table With Shelf Portable Computer Table Study Desk Writing Desk",22.68,49,1000,215,4.28,9,"SUNNY BIERE OS.sg "
https://shopee.sg/stackable-wardrobe-storage-cabinet-l50-70cm-1-5-tiers-clear-see-through-double-door-foldable-storage-i.814796766.40163927399,"Stackable Wardrobe Storage Cabinet L50-70cm (1-5 Tiers), Clear See-Through Double Door Foldable Storage Unit with Rollin",37.82,69,1000,214,4.81,9,"Love Storage Home"
https://shopee.sg/sg-seller-wahie-sliding-wardrobe-with-locker-wardrobe-bedroom-closet-storage-cabinet-free-installat-i.68947061.5431599623,"🇸🇬SG Seller🇸🇬 WAHIE Sliding Wardrobe with Locker Wardrobe Bedroom Closet Storage Cabinet Free Installation",251.34,379,1000,213,4.89,8,"LuluFuniture.SG"
https://shopee.sg/livingmall-moira-series-2-3-4-5-doors-wardrobe-with-drawers-in-white-i.92727875.19957427259,"Livingmall Moira Series 2/3/4/5 Doors Wardrobe with Drawers In White",152.6,229,1000,213,4.47,8,"Living Mall"
https://shopee.sg/dreamax-gemini-10-inch-7-zone-pocket-spring-mattress-25cm-bed-latex-4-sizes-i.486967120.14268993585,"DREAMAX Gemini 10 Inch 7 Zone Pocket Spring Mattress 25cm Bed Latex 4 Sizes",219.84,329,1000,213,4.88,7,"DREAMAX"
https://shopee.sg/yhl-elsa-solid-wooden-single-bed-frame-with-mattress-i.96886142.18104601720,"YHL Elsa Solid Wooden Single Bed Frame With Mattress",220,329,1000,212,4.9,9,"yongheng206"
https://shopee.sg/mattress-topper-queen-king-single-mattress-foldable-mattress-soft-tilam-i.365046567.18383310819,"Mattress Topper Queen/King/Single Mattress Foldable Mattress Soft Tilam",14.73,39,1000,212,4.81,9,"ft73xys01a.sg"
https://shopee.sg/living-mall-celine-single-and-super-single-pull-out-bed-frame-with-mattress-bundle-in-6-colours-i.92727875.5572212813,"Living Mall Celine Single and Super Single Pull-Out Bed Frame with Mattress Bundle in 6 Colours",364.71,549,1000,212,4.81,9,"Living Mall"
https://shopee.sg/sofa-bed-foldable-bed-multifunctional-storage-sofa-single-double-sofa-bed-sg-stock-i.1408065526.40058024955,"Sofa Bed Foldable Bed Multifunctional Storage Sofa Single/double Sofa Bed【SG Stock】",153.56,239,1000,211,4.7,9,"Home Collection"
https://shopee.sg/foldable-laptop-desk-with-cup-holder-anti-slip-portable-table-for-bed-eating-reading-and-working-i.268415566.19179868972,"Foldable Laptop Desk with Cup Holder Anti-Slip Portable Table for Bed Eating Reading And Working",8.99,39,1000,210,4.77,9,"Mega Mall Singapore"
https://shopee.sg/living-mall-isla-solid-rubberwood-bed-frame-flat-plywood-base-with-pull-out-bed-w-mattress-option-i.92727875.20753418981,"Living Mall Isla Solid Rubberwood Bed Frame Flat Plywood Base with Pull-out Bed w/ Mattress Option",137.05,209,1000,208,4.64,9,"Living Mall"
https://shopee.sg/eliving-4-layers-5-layers-shoe-rack-economical-dormitory-dust-proof-shoe-rack-door-shoe-cabinet-easy-i.395347097.3043770965,"eLIVING 4 Layers 5 Layers Shoe Rack  Economical Dormitory Dust-proof Shoe Rack Door Shoe Cabinet Easy Assemb SG STOCK",8.89,39,1000,207,4.69,8,"e_LIVING"
https://shopee.sg/thicker-tatami-mattress-topper-single-queen-king-feather-velvet-soft-tilam-foldable-mattress-floor-m-i.1152771138.27832463920,"Thicker Tatami Mattress Topper Single/Queen/King Feather Velvet Soft Tilam Foldable Mattress Floor Mattress",10.5,39,1000,207,4.6,9,"yxccecai.sg"
https://shopee.sg/sg-stock-q-ou-mattress-latex-mattress-thailand-natural-all-in-one-7-5cm-single-mattres-i.1321170560.29408866607,"【SG STOCK】Q-OU Mattress Latex Mattress Thailand Natural All-in-one 7.5cm Single Mattres",89.1,139,1000,206,4.82,8,"qqout.sg"
https://shopee.sg/metal-foldable-bed-frame-single-size-folding-bed-roll-away-foldup-bed-with-castor-wheels-fast-delive-i.250244757.4536473814,"Metal foldable bed frame. Single size folding bed. Roll away foldup bed with castor wheels.FAST DELIVERY",153,229,1000,206,4.88,9,"TheGoodFurniture"
https://shopee.sg/6-size-mattress-thickened-college-student-dormitory-single-soft-cushion-tatami-household-sponge-pad-i.324724533.24232384513,"6 Size Mattress Thickened College Student Dormitory Single Soft Cushion Tatami Household Sponge Pad Quilt Mattress Floor Sleeping Pad Bottom",22.25,49,1000,205,4.73,6,"tryfordream88.sg"
https://shopee.sg/sg-stock-3-folding-memory-foam-mattress-2-3-4inch-single-tatami-foldable-floor-mattress-with-ultra-i.1561332513.40306697018,"【SG Stock】3 Folding Memory Foam Mattress 2/3/4Inch Single Tatami Foldable Floor Mattress With Ultra Soft Removable Cover",84.5,129,1000,203,4.87,8,"DreamHaus SG"
https://shopee.sg/sg-ready-stock-3-door-wardrobe-storage-i.75757672.11036830750,"SG Ready Stock 3 Door Wardrobe / Storage",368,559,1000,200,4.85,9,"furnituresale.sg"
https://shopee.sg/snb-computer-table-with-drawer-shelves-office-desk-study-desk-with-cabinet-simple-home-student-bedro-i.1093115257.26630002211,"SNB Computer Table With Drawer&Shelves Office Desk Study Desk With Cabinet Simple Home Student Bedroom Desktop Desk",71.74,109,1000,199,3.97,9,"SUNNY BIERE OS.sg "
https://shopee.sg/aideal-sg-90cm-dining-table-with-chairs-meeting-table-reception-table-sg-ready-stock-i.14390894.3415053730,"AIDEAL.sg 90cm Dining table with chairs/Meeting table/Reception Table, SG ready stock",219.8,329,1000,199,4.79,9,"AIDEAL.sg"
https://shopee.sg/yhl-single-4cm-9cm-foam-mattress-in-random-fabric-i.96886142.29380885624,"YHL Single 4cm / 9cm Foam Mattress In Random Fabric",23.68,49,1000,198,4.84,9,"yongheng206"
https://shopee.sg/sg-next-day-delivery-foldable-10cm-tatami-mattress-single-queen-anti-bacterial-anti-mite-breathable-i.946575615.26979325823,"⚡SG Next Day Delivery⚡Foldable 10cm Tatami Mattress Single/Queen - Anti-Bacterial & Anti-Mite - Breathable & Lightweight",24.98,49,1000,197,4.64,9,"Ysowks.sg"
https://shopee.sg/gr-furniture-luma-wooden-storage-bedroom-bed-frame-solid-white-colour-single-bed-with-2-drawer-i.1017791466.27725116093,"GR Furniture Luma Wooden Storage Bedroom Bed Frame Solid White Colour Single Bed With 2 Drawer",99.74,149,1000,197,4.69,6,"GR Furniture"
https://shopee.sg/sg-next-day-delivery-tatami-foldable-mattress-thick-mattress-topper-single-super-single-queen-king-i.1537390877.43552965798,"🚀SG Next Day Delivery🚀Tatami Foldable Mattress Thick Mattress Topper Single/Super Single/Queen/King",39.8,69,1000,196,4.48,9,"✨Happy Dream Factory✨"
https://shopee.sg/thicker-tatami-mattress-topper-single-queen-king-feather-velvet-soft-tilam-foldable-mattress-floor-m-i.897467421.43901789012,"Thicker Tatami Mattress Topper Single/Queen/King Feather Velvet Soft Tilam Foldable Mattress Floor Mattress",11,39,1000,195,4.45,9,"Home Department Store*"
https://shopee.sg/serene-sg-80-100-120-140cm-white-study-desk-computer-table-for-bedroom-home-furniture-desk-i.1374659759.44404784738,"🔥Serene.SG🔥 80/100/120/140cm White Study Desk Computer Table for Bedroom Home Furniture Desk",31.97,59,1000,194,4.07,9,"Serene Furniture Official.sg"
https://shopee.sg/jiji-sg-beaumont-1-seater-recliner-sofa-side-panel-pre-assembled-recliner-sofa-furniture-i.31165845.11327031014,"(JIJI SG) Beaumont 1-Seater Recliner Sofa (Side Panel) (Pre-Assembled) / Recliner / Sofa / Furniture",258.24,389,1000,194,4.82,9,"JIJI.SG Official Store"
https://shopee.sg/king-koil-stylemaster-orthopaedic-i.266293125.5252472331,"King koil Stylemaster ( Orthopaedic  )",380.41,579,1000,193,4.92,1,"Valuelux Furnishing OS"
https://shopee.sg/campo-fabric-bed-frame-water-repellent-i.154665307.20709410779,"Campo Fabric Bed Frame (Water Repellent)",174.37,269,1000,193,4.75,3,"Megafurniture Official Store"
https://shopee.sg/homiest-tia-melamine-half-mirror-sliding-wardrobe-in-4ft-5ft-i.408149152.19133835594,"[HOMIEST] TIA Melamine Half mirror Sliding Wardrobe in 4ft / 5ft",287,439,1000,192,4.6,8,"HomiestLivingSG"
https://shopee.sg/foldable-fabric-sofa-bed-foam-type-single-size-medium-firm-4-designs-viro-i.244018232.7726752942,"Foldable Fabric Sofa Bed - Foam Type (Single Size) - Medium Firm - 4 designs - Viro",199,299,1000,192,4.96,9,"Save Money Lah"
https://shopee.sg/home-office-table-study-writing-table-with-drawers-computer-desk-room-desk-office-gaming-desk-table-i.1286408733.29404041533,"Home Office Table Study Writing Table With Drawers Computer Desk Room Desk Office Gaming Desk Table 电脑桌",69.23,109,1000,191,3.84,9,"OSUM Official Store"
https://shopee.sg/adjustable-computer-desk-laptop-table-for-home-use-children-s-learning-bedside-height-adjustable-off-i.1382307633.24939688724,"Adjustable computer desk Laptop Table for home use children's learning bedside Height Adjustable office Elevating",51.91,79,1000,190,4.66,9,"SAURON.SG"
https://shopee.sg/living-mall-maisie-series-wardrobe-multi-purpose-cabinets-in-6-colours-free-installation-i.92727875.17145341333,"Living Mall Maisie Series Wardrobe Multi-Purpose Cabinets in 6 Colours. Free Installation.",122.42,189,1000,190,4.86,9,"Living Mall"
https://shopee.sg/gr-furniture-solid-rubber-wood-bed-frame-only-i.1017791466.23360896149,"GR Furniture Solid Rubber Wood Bed frame Only",75.74,119,1000,190,4.6,9,"GR Furniture"
https://shopee.sg/radiant-arc-shoe-cabinet-nordic-style-dustproof-and-breathable-entrance-storage-bamboo-multi-layer-i.1207024576.27391383586,"⚡RADIANT Arc Shoe Cabinet Nordic Style Dustproof and Breathable Entrance Storage Bamboo Multi-layer Shoe Rack圆弧门设计储物柜",60.27,99,500,188,4.52,9,"RADIANT RETREAT HOME FURNISHINGS"
https://shopee.sg/sg-seller-dining-table-set-4-1-incl-installation-i.68947061.8118491202,"🇸🇬SG Seller🇸🇬 Dining Table Set (4+1) Incl. Installation",118.9,179,500,188,4.9,7,"LuluFuniture.SG"
https://shopee.sg/sg-stock-mooroo-cotton-waterproof-mat-made-in-korea-diaper-changing-potty-training-mattress-protect-i.137714596.6865624700,"{SG Stock} ★MOOROO무루★ Cotton Waterproof Mat ★Made in Korea★ {Diaper changing, Potty training, Mattress protector}",24.6,49,500,188,4.98,9,"Agi Sarang SG"
https://shopee.sg/sg-stock-maxvaluesg-multi-purpose-foldable-laptop-table-lazy-table-bed-table-with-tablet-holder-for-i.178175224.29303607589,"SG Stock Maxvaluesg® Multi-purpose Foldable Laptop Table Lazy Table Bed Table with Tablet Holder for Work Study",18.09,49,500,187,4.76,9,"maxvaluesg"
https://shopee.sg/hybrid-spring-mattress-zinus-ultima-luxe-i.255323447.42816733504,"Hybrid Spring Mattress Zinus Ultima Luxe",364.8,549,500,187,4.91,9,"Zinus Singapore Official Store"
https://shopee.sg/snb100-120-140cm-computer-table-with-drawer-writing-study-desk-modern-home-office-table-wood-pc-tabl-i.1093115257.24875867179,"SNB100/120/140CM Computer Table With Drawer Writing Study Desk Modern Home Office Table Wood PC Table Bedroom LivingRoom",62.64,99,500,186,3.87,9,"SUNNY BIERE OS.sg "
https://shopee.sg/officehub-height-adjustable-mobile-table-mobile-laptop-iergo-flex-table-sit-stand-table-standing-des-i.90865968.4062138306,"OFFICEHUB Height Adjustable Mobile Table Mobile Laptop iergo FLEX Table Sit Stand Table Standing Desk Study Desk",159,239,500,185,4.89,8,"OfficeHUB"
https://shopee.sg/hanging-foldable-wardrobe-organizer-storage-with-drawer-option-i.12480907.18001905457,"Hanging Foldable Wardrobe Organizer Storage With Drawer Option",7.2,39,500,185,4.8,8,"Simple Joys"
https://shopee.sg/12cm-thickness-foldable-tatami-velvet-uratex-topper-mattress-comfortable-breathable-no-collapse-i.1200983301.28373658990,"【12CM thickness】Foldable Tatami Velvet Uratex Topper Mattress Comfortable Breathable No Collapse",24.98,49,500,185,4.54,9,"Koalala.sg"
https://shopee.sg/free-install-99furniture-5-3ft-queen-single-steel-high-quality-bed-frame-metal-bed-frame-in-white-b-i.1054017527.29806997973,"[FREE INSTALL] 99Furniture 5/3ft Queen/Single Steel High Quality Bed Frame /Metal Bed Frame in White /Black",98.9,149,500,184,4.89,5,"99 Furniture.SG"
https://shopee.sg/high-quality-plastic-shoe-rack-kasut-plastic-shoe-rack-rak-kasut-i.213853194.22072688276,"High Quality Plastic Shoe Rack / Kasut / Plastic Shoe Rack / Rak Kasut",17.3,49,500,183,4.92,9,"ecoware2u_malaysia.sg"
https://shopee.sg/sg-stock-single-queen-pocket-spring-mattress-roll-packed-breathable-latex-foam-anti-mite-orthopedic-i.1561332513.42857138731,"【SG Stock】Single/Queen Pocket Spring Mattress Roll Packed Breathable Latex Foam Anti-Mite Orthopedic Firm Bed in Box",104.7,159,500,183,4.81,9,"DreamHaus SG"
https://shopee.sg/b4-reclining-lazy-sofa-adjustable-foldable-chair-tatami-cushion-floor-sofa-backrest-multifunctional-i.96953349.19879825937,"B4 Reclining Lazy Sofa/Adjustable Foldable Chair/Tatami Cushion/Floor Sofa/Backrest/Multifunctional",44.8,69,500,183,4.85,9,"Lucky Baby Mummy SG"
https://shopee.sg/living-mall-elson-series-fabric-and-faux-leather-small-sofa-set-with-chaise-stool-in-6-colours-i.92727875.1597139953,"Living Mall Elson Series Fabric and Faux Leather Small Sofa Set with Chaise Stool in 6 Colours.",118.77,179,500,183,4.76,9,"Living Mall"
https://shopee.sg/computer-table-office-table-ergonomic-standing-desk-gaming-desk-study-computer-table-laptop-desk-i.1286408733.26371819882,"Computer Table Office Table Ergonomic Standing Desk Gaming Desk Study Computer Table Laptop Desk桌子",23.92,49,500,182,4.12,9,"OSUM Official Store"
https://shopee.sg/sg-seller-klass-tempered-glass-wardrobe-price-inclusive-delivery-and-installation-i.68947061.7016850827,"🇸🇬SG Seller🇸🇬 KLASS Tempered Glass Wardrobe (Price inclusive Delivery and Installation)",931.71,1399,500,182,4.72,9,"LuluFuniture.SG"
https://shopee.sg/best-deals-intex-inflatable-air-bed-mattress-single-super-single-queen-king-i.614881189.17934563120,"⚡BEST DEALS!!!⚡ Intex Inflatable Air Bed / Mattress (Single / Super Single Queen , King )",41.78,69,500,181,4.84,9,"TLC Estore"
https://shopee.sg/sg-seller-twentyone-mattress-with-bed-frame-package-i.269227881.7141431886,"[SG Seller] Twentyone Mattress with Bed Frame Package",329,499,500,181,4.66,6,"TWENTYONE"
https://shopee.sg/sg-seller-bathroom-shoe-rack-slippers-rack-wall-mounted-shoe-organizer-rack-shoe-organizer-and-shoe-i.280158947.8039501448,"SG seller Bathroom Shoe Rack Slippers Rack Wall Mounted Shoe Organizer Rack Shoe Organizer and Shoe Rack Organizer",5.08,39,500,180,4.86,9,"JIAJIA HOME MART"
https://shopee.sg/furnituresg-fully-laminated-soft-closing-wardrobe-with-without-mirror-top-i.9880889.28908274018,"(FurnitureSG) Fully Laminated Soft Closing Wardrobe With/Without Mirror Top",98,149,500,180,4.76,4,"FurnitureSG"
https://shopee.sg/sg-seller-budget-metal-bed-frame-single-super-single-queen-king-size-avail-i.94185530.1648493681,"[SG Seller] BUDGET METAL BED FRAME (SINGLE/ SUPER SINGLE/ QUEEN/ KING SIZE AVAIL)",99,149,500,179,4.75,9,"Furniture Specialist"
https://shopee.sg/snb-120cm-study-table-with-4-tier-bookshelf-office-computer-desk-home-writing-desk-side-bookshelves-i.1093115257.24362571254,"SNB 120cm Study Table With 4 Tier BookShelf Office Computer Desk Home Writing Desk Side Bookshelves 桌子",22.68,49,500,178,4.37,9,"SUNNY BIERE OS.sg "
https://shopee.sg/flexidesignx-gina-metal-bed-frame-single-super-single-queen-size-in-white-black-strong-base-i.179838813.8537233619,"Flexidesignx GINA Metal Bed Frame Single Super Single Queen Size in White Black Strong Base",74.38,119,500,177,4.78,8,"Flexidesignx Furnitures"
https://shopee.sg/gr-furniture-10-feet-fabric-l-shape-sofa-with-storage-box-and-mini-stool-i.1017791466.23488604662,"GR Furniture 10 Feet Fabric L Shape Sofa With Storage Box And Mini Stool",283.1,429,500,176,4.89,9,"GR Furniture"
https://shopee.sg/free-installation-kenzzo-3-door-wardrobe-2-door-cabinet-glass-door-wardrobe-cupboard-high-gloss-ward-i.99825399.29362705338,"FREE INSTALLATION 🆓🚚 KENZZO :3 door wardrobe /2 door cabinet/glass door wardrobe/cupboard /衣橱/ high gloss wardrobe",118.9,179,500,175,4.41,9,"kenzzo.sg"
https://shopee.sg/lucky-baby-playpen-bedside-bed-baby-cot-co-sleeper-mattress-9-material-option-size-option-i.951842.5504706836,"Lucky Baby Playpen/Bedside Bed/Baby Cot/Co Sleeper Mattress (9 Material Option/Size Option)",39.9,69,500,175,4.96,9,"Lucky Baby Official Store"
https://shopee.sg/diy-modular-cube-storage-cabinet-i.96953349.9204902383,"DIY Modular Cube Storage Cabinet",17.8,49,500,174,4.76,9,"Lucky Baby Mummy SG"
https://shopee.sg/flexidesignx-milton-dining-set-solid-wood-4-6-seater-table-with-chair-bench-beech-walnut-color-i.179838813.18880786982,"Flexidesignx MILTON Dining Set Solid Wood 4/6 Seater Table with Chair Bench Beech Walnut Color",394.52,599,500,172,4.92,9,"Flexidesignx Furnitures"
https://shopee.sg/electric-height-adjustable-table-120cm-office-table-with-drawer-standing-desk-4-memory-5-years-warra-i.951174012.23168448107,"Electric Height Adjustable Table 120cm Office Table With Drawer Standing Desk 4 Memory 5 Years Warranty",163.21,249,500,171,4.71,9,"Oveeleo.SG"
https://shopee.sg/living-mall-jazzy-series-sliding-door-wardrobe-collection-i.92727875.2717979680,"Living Mall Jazzy Series Sliding Door Wardrobe Collection",223.91,339,500,171,4.57,7,"Living Mall"
https://shopee.sg/55-60-65-75-85-cm-foldable-cabinet-drawer-magnetic-door-stackable-storage-box-home-wardrobe-organize-i.20591056.28464706994,"55/60/65/75/85 cm | Foldable Cabinet Drawer Magnetic Door Stackable Storage Box Home Wardrobe Organizer Storage Box",29.06,59,500,171,4.75,9,"BOX PRO"
https://shopee.sg/thicken-foldable-lazy-sofa-adjustable-sofa-bed-bean-bag-i.1241071966.27001527849,"Thicken Foldable Lazy Sofa Adjustable Sofa Bed/Bean Bag",114.9,179,500,171,4.7,9,"NetHome.sg"
https://shopee.sg/sg-latex-mattress-topper-mattress-protector-antibacterial-bamboo-premium-density-foam-topper-i.70650596.10497842544,"(SG) Latex Mattress Topper | Mattress Protector | Antibacterial Bamboo Premium Density Foam Topper",99.9,149,500,170,4.74,9,"Home And Style"
https://shopee.sg/sleeptech-hotel-pocket-spring-mattress-euro-top-7-8-10-12-13-super-single-queen-king-free-pillow-nex-i.70650596.5837501209,"Sleeptech™ Hotel Pocket Spring Mattress | Euro Top 7 8 10 12 13 Super Single Queen King | Free Pillow Next Day Delivery",284.28,429,500,170,4.83,9,"Home And Style"
https://shopee.sg/hf-more-colors-sintered-stone-type-501-chair-dining-table-free-rectangle-dining-table-set-i.8801197.17333729092,"👍HF More Colors Sintered Stone Type 501 Chair Dining Table (Free 🚚🛠️)Rectangle Dining table Set",92.92,139,500,169,4.93,9,"Home Factor"
https://shopee.sg/mqlittleshop-brotish-coconut-fiber-latex-mattress-120-60-6cm-bed-breathable-fast-dry-detachable-was-i.235735324.7584991051,"[MQLITTLESHOP] Brotish Coconut Fiber Latex Mattress 120*60*6CM Bed Breathable Fast-Dry Detachable Washable Cover",66.75,109,500,169,4.85,9,"MQlittleshop™"
https://shopee.sg/furnituresg-spinal-luxury-13-inches-pocketed-spring-mattress-with-coolmax-i.9880889.10004660672,"(FurnitureSG) Spinal Luxury 13 inches Pocketed Spring Mattress with Coolmax",225.83,339,500,168,4.9,9,"FurnitureSG"
https://shopee.sg/foldable-wooden-study-table-portable-kids-student-learning-table-space-saving-folding-desk-for-home-i.17824459.42513106283,"Foldable Wooden Study Table | Portable Kids Student Learning Table | Space-Saving Folding Desk for Home Picnic Outdoor",11.42,39,500,167,4.91,8,"Singapore Dream"
https://shopee.sg/single-double-queen-king-bed-foam-tatami-mattress-topper-folding-foam-mattress-comfortable-velvet-ta-i.897467421.29523375495,"Single/Double/Queen/King Bed Foam Tatami Mattress Topper Folding Foam Mattress Comfortable Velvet Tatami",24.98,49,500,167,4.63,9,"Home Department Store*"
https://shopee.sg/sg-sales-bamboo-shoe-rack-with-seating-bench-for-changing-shoe-waterproof-strong-durable-bamboo-i.115295362.18694795435,"⭐SG SALES⭐ Bamboo Shoe Rack with Seating Bench for changing shoe/ Waterproof Strong Durable Bamboo",14.81,39,500,166,4.7,8,"EVERLAND"
https://shopee.sg/yhl-6-inch-high-density-foam-mattress-available-size-single-super-single-queen-king-i.96886142.3725463240,"YHL 6 Inch High Density Foam Mattress (Available Size : Single / Super Single / Queen / King)",86.6,129,500,166,4.95,4,"yongheng206"
https://shopee.sg/free-installation-kenzzo-super-single-bed-frame-with-headboard-bedframe-with-2-drawers-super-single-i.99825399.29570380458,"🔥Free Installation ! KENZZO : Super single bed frame with headboard /bedframe with 2 drawers/super single bed/helper bed",165.8,249,500,166,4.55,9,"kenzzo.sg"
https://shopee.sg/livingmall-percy-premium-2-feet-2-doors-3-feet-3-door-wardrobe-laminated-back-panel-free-install-i.92727875.42852325369,"LivingMall Percy Premium 2 Feet 2 Doors / 3 Feet 3 Door Wardrobe Laminated Back Panel - Free Install",64.8,99,500,165,4.9,9,"Living Mall"
https://shopee.sg/charlton-6-door-wardrobe-dark-walnut-white-i.53927834.5723859538,"**CHARLTON 6 Door Wardrobe (Dark Walnut / White)",303.3,459,500,165,4.9,7,"LCF Furniture Store"
https://shopee.sg/sg-seller-luna-tatami-headboard-storage-drawers-bed-frame-single-to-queen-in-white-i.68947061.14490418412,"🇸🇬SG Seller🇸🇬 LUNA Tatami Headboard Storage Drawers Bed Frame Single to Queen in White",302.57,459,500,165,4.8,9,"LuluFuniture.SG"
https://shopee.sg/shoe-rack-cabinet-with-flap-door-classic-durable-minimalist-i.79495367.27716758686,"Shoe Rack Cabinet with Flap Door Classic Durable Minimalist",16.23,49,500,164,4.68,9,"urbargainhunter"
https://shopee.sg/living-mall-bonnie-pull-out-bed-frame-single-super-single-w-mattress-and-petfriendly-option-i.92727875.25985297630,"Living Mall Bonnie Pull-Out Bed Frame Single/Super Single w/ Mattress and PetFriendly Option",233.97,359,500,164,4.89,9,"Living Mall"
https://shopee.sg/with-filling-bean-bag-m-xl-2xl-bean-bag-sofa-stylish-bedroom-furniture-solid-color-single-bean-bag-l-i.1292605474.29387288764,"With filling bean bag M/XL/2XL bean bag sofa Stylish Bedroom Furniture Solid Color Single Bean Bag Lazy Sofa Cover （My ready stock）",55.19,89,500,163,4.66,9,"littlequeenz.sg"
https://shopee.sg/jiji-sg-neige-foldable-tatami-lazy-sofa-foldable-sofa-bed-floor-chair-i.31165845.26909605242,"(JIJI.SG) NEIGE Foldable Tatami Lazy Sofa -  Foldable Sofa Bed / Floor Chair",65.58,99,500,162,4.82,9,"JIJI.SG Official Store"
https://shopee.sg/living-mall-adele-sbd-12-storage-bed-frame-w-mattress-option-in-3-colors-i.92727875.15505993328,"Living Mall Adele SBD 12"" Storage Bed Frame w/ Mattress Option In 3 Colors",274.2,419,500,162,4.74,7,"Living Mall"
https://shopee.sg/inflatable-air-bed-single-queen-size-camping-outdoor-mattress-22cm-extra-thick-flocking-sleeping-bed-i.1407292707.28120490558,"Inflatable Air Bed Single/Queen Size Camping Outdoor Mattress 22cm Extra Thick Flocking Sleeping Bed Pump Tilam Angin充气床",6.39,39,500,160,4.72,9,"Peedimalls.sg"
https://shopee.sg/flexidesignx-tori-shoe-rack-4-door-soft-close-door-up-to-24-shoes-walnut-shoe-cabinet-i.179838813.20261186359,"Flexidesignx TORI Shoe Rack 4 Door Soft Close Door up to 24 Shoes Walnut, Shoe Cabinet",93.2,139,500,159,4.86,9,"Flexidesignx Furnitures"
https://shopee.sg/yezi-mattress-protector-waterproof-mattress-protector-mattress-topper-anti-mite-breathable-with-elas-i.1628326373.27542621017,"YEZI Mattress Protector Waterproof Mattress Protector Mattress Topper Anti Mite Breathable With Elastic Band 床垫保护套",19.68,49,500,156,4.87,9,"YEZI MALL"
https://shopee.sg/yhl-queen-size-6-inch-high-density-foam-mattress-i.96886142.2014914569,"YHL Queen Size 6 Inch High Density Foam Mattress",128.5,199,500,156,4.87,5,"yongheng206"
https://shopee.sg/study-desk-computer-desk-office-desk-student-desk-simple-dining-table-suitable-for-teenagers-i.1286408733.28931889691,"Study Desk Computer Desk Office Desk Student Desk Simple dining table Suitable for teenagers",23.92,49,500,155,4.28,9,"OSUM Official Store"
https://shopee.sg/jiji-sg-tessa-commercial-l-shaped-desk-free-installation-office-commercial-grade-study-i.31165845.7849577665,"(JIJI SG) TESSA Commercial L-Shaped Desk (FREE Installation) / Office / Commercial Grade / Study",104.64,159,500,155,4.53,8,"JIJI.SG Official Store"
https://shopee.sg/life-stow-plastic-shoe-rack-simple-multi-layer-shoe-rack-space-saving-storage-shoe-organizer-suit-fo-i.1741938652.50856542148,"Life Stow|Plastic Shoe Rack Simple Multi-layer Shoe Rack Space Saving Storage Shoe Organizer Suit For HDB",10.9,39,500,155,4.7,9,"Life Stow"
https://shopee.sg/smart-ergo-80cm-100cm-120cm-140cm-electric-memory-height-adjustable-standing-desk-with-drawers-i.795918229.18371994204,"Smart Ergo - 80cm✔ 100cm✔ 120cm✔ 140cm✔ Electric Memory Height Adjustable Standing desk with Drawers",124.82,189,500,154,4.78,9,"Smart Ergo Official Store"
https://shopee.sg/furnituresg-solid-wood-dining-table-and-bench-i.9880889.4320140525,"(FurnitureSG) Solid Wood Dining Table and Bench",106.06,159,500,154,4.96,5,"FurnitureSG"
https://shopee.sg/living-mall-nami-series-4-feet-sliding-door-wardrobe-in-3-d-laminated-finish-i.92727875.21731310100,"Living Mall Nami Series 4 Feet Sliding Door Wardrobe In 3-D Laminated Finish",253.17,379,500,153,4.66,8,"Living Mall"
https://shopee.sg/hf-1-2-3-4-door-solid-plywood-wardrobe-direct-factory-price-cheap-sales-offer-drawers-shelves-free-i.8801197.5158491289,"👍HF 1/2/3/4 Door Solid Plywood Wardrobe👍🏻👍🏻 DIRECT FACTORY PRICE.CHEAP SALES OFFER. DRAWERS. SHELVES （Free Delivery）",78.98,119,500,153,4.79,9,"Home Factor"
https://shopee.sg/sea-horse-v-pad-air-memory-air-foam-comfort-pad-mattress-pad-i.83541083.9768388711,"SEA HORSE (V-PAD-AIR) Memory Air Foam Comfort Pad Mattress Pad",124.17,189,500,153,4.82,8,"SEA HORSE "
https://shopee.sg/luxury-mattress-toppers-5cm-5-star-hotel-egyptian-cotton-with-cooling-down-alternative-fill-i.82208624.2678187318,"Luxury Mattress Toppers 5cm. 5 Star Hotel Egyptian Cotton with Cooling Down Alternative Fill",110,169,500,152,4.79,7,"NileValley"
https://shopee.sg/free-install-99furniture-3-2-door-wardrobe-storage-with-hanger-layers-storage-space-white-walnut-he-i.1054017527.23051795443,"[FREE INSTALL] 99Furniture 3/2 door wardrobe Storage with Hanger  & Layers Storage Space White/Walnut (Height 180cm)",97.9,149,500,151,4.63,7,"99 Furniture.SG"
https://shopee.sg/sg-stock-foldable-sofa-bed-single-foldable-mattress-double-mattress-sofa-thickness-15cm-i.1366405758.29277677496,"SG STOCK Foldable Sofa Bed Single Foldable Mattress Double Mattress Sofa Thickness 15cm",107.42,169,500,151,4.88,9,"Strawberry Bear ❥Home.sg"
https://shopee.sg/foldable-transparent-clear-wardrobe-storage-container-cabinet-toys-clothes-double-door-large-cupboar-i.417738002.25455909709,"Foldable Transparent Clear Wardrobe Storage Container Cabinet | Toys Clothes Double Door Large Cupboard HIPS PP Plastic",50.9,79,500,150,4.85,7,"Chime Living"
https://shopee.sg/sg-seller-bamboo-knitted-fabric-spring-mattress-bed-frame-promotion-i.94185530.1619450667,"[SG Seller] BAMBOO KNITTED FABRIC SPRING MATTRESS + BED FRAME PROMOTION",328,499,500,150,4.43,4,"Furniture Specialist"
https://shopee.sg/tussah-foldable-shoe-box-stackable-shoe-cabinet-transparent-shoe-rack-cabinet-installation-free-i.1652972819.57400588102,"TUSSAH Foldable Shoe Box / Stackable Shoe Cabinet / Transparent Shoe Rack Cabinet /Installation Free",10.18,39,500,149,4.86,9,"TUSSAH Mall"
https://shopee.sg/sg-seller-shoe-rack-adjustable-shoe-stacker-shoe-slots-space-saving-organiser-shoe-box-i.471642925.13494150747,"(SG Seller) Shoe Rack Adjustable Shoe Stacker Shoe Slots Space Saving Organiser Shoe Box鞋子架",1.32,29,500,149,4.75,9,"hpcmall"
https://shopee.sg/homiest-hino-solid-rubberwood-150cm-dining-set-with-grey-cushion-fabric-seater-bench-in-walnut-whit-i.408149152.9855592907,"[HOMIEST] HINO Solid Rubberwood 150cm Dining Set with Grey Cushion Fabric Seater/Bench in Walnut/Whitewash",150,229,500,149,4.78,8,"HomiestLivingSG"
https://shopee.sg/ready-stock-houndstooth-leather-sofa-1-seater-sofa-armchair-nursing-chair-living-room-furniture-rec-i.290127246.11908282883,"[Ready Stock] Houndstooth Leather Sofa 1-Seater Sofa Armchair Nursing Chair Living Room Furniture Reception Furniture",48,79,500,149,4.77,9,"Kumayo"
https://shopee.sg/free-installation-homiest-bosco-solid-rubberwood-dining-table-140cm-in-walnut-natural-dining-set-i.408149152.20151561994,"(Free Installation) Homiest Bosco Solid RubberWood Dining Table 140cm in Walnut/Natural Dining Set",78,119,500,147,4.77,8,"HomiestLivingSG"
https://shopee.sg/sg-computer-study-table-desk-bold-table-legs-with-bookshelf-table-80cm-100cm-120cm-i.1309006282.28173575915,"SG Computer Study Table Desk Bold Table Legs With Bookshelf Table 80CM/100CM/120CM",69.8,109,500,146,4.9,9,"K-K.sg"
https://shopee.sg/metal-folding-bed-single-foldable-portable-bedroom-black-white-folding-bed-single-heavy-duty-bed-fra-i.1201874757.49350057455,"Metal Folding Bed Single Foldable Portable Bedroom Black/White Folding Bed Single Heavy Duty Bed Frame",52.89,79,500,146,4.81,9,"Seven_Mall"
https://shopee.sg/alexey-scandinavian-study-table-with-book-rack-space-saving-productive-home-furniture-furniture-bto-i.8360517.3750802448,"🇸🇬Alexey Scandinavian Study table with Book Rack/ Space-Saving / Productive Home Furniture Furniture / BTO / HOME",69.9,109,500,145,4.54,6,"JRKSG"
https://shopee.sg/next-day-delivery-80-90cm-adult-foldable-wardrobe-cabinet-drawer-closet-organizer-clothes-i.1389128163.42473410672,"【Next-Day Delivery】80/90cm Adult Foldable Wardrobe Cabinet Drawer Closet Organizer Clothes",24.19,49,500,145,4.81,9,"LILI Home"
https://shopee.sg/tatami-mattress-foldable-mattress-nap-beddings-i.178783833.5943426511,"Tatami mattress/  Foldable mattress nap beddings",29.9,59,500,145,4.55,8,"Zenka"
https://shopee.sg/cozylant-serenity-pocket-spring-mattress-latex-mattress-single-super-single-queen-king-size-mattress-i.1010515154.27418357258,"Cozylant Serenity Pocket Spring Mattress / Latex Mattress / Single, Super Single, Queen, King Size Mattress",339.3,509,500,144,4.97,9,"Cozylant Official Store"
https://shopee.sg/sg-3-4-5-tiers-shoes-rack-metal-shoe-rack-steel-shoe-rack-shoe-organiser-shelf-shoe-storage-rack-i.231308268.14192430227,"{SG} 3/4/5 Tiers Shoes Rack/Metal Shoe Rack/Steel Shoe Rack/Shoe Organiser/Shelf/Shoe Storage Rack",7.84,39,500,143,4.64,9,"myfashionstory.com"
https://shopee.sg/portable-shoe-rack-organizer-with-door-shoe-storage-cabinet-easy-assembly-plastic-adjustable-shoe-s-i.48732581.23566712229,"🏘️ Portable Shoe Rack Organizer with Door Shoe Storage Cabinet Easy Assembly, Plastic Adjustable Shoe Storage Organizer",18.9,49,500,143,4.75,7,"SHouse"
https://shopee.sg/sleeptech-cooling-pocket-spring-mattress-breathable-firm-euro-top-premium-13-inch-single-super-singl-i.70650596.9207849182,"SleepTech™ Cooling Pocket Spring Mattress | Breathable Firm Euro Top Premium 13 inch Single Super Single Queen King Size",499,749,500,143,4.75,9,"Home And Style"
https://shopee.sg/radiant-shoe-changing-stool-shoe-rack-suitable-for-apartments-shoe-cabinet-rustic-style-fast-delive-i.1207024576.28939688148,"⚡RADIANT Shoe changing stool shoe rack suitable for apartments shoe cabinet rustic style[Fast delivery]",30.08,59,500,142,4.61,9,"RADIANT RETREAT HOME FURNISHINGS"
https://shopee.sg/salvo-l60-90cm-foldable-wardrobe-plastic-simple-wardrobe-for-adult-stackable-clothes-storage-cabinet-i.1374621362.41673383724,"Salvo L60-90CM Foldable Wardrobe Plastic Simple Wardrobe For Adult Stackable Clothes Storage Cabinet",103.23,159,500,142,4.82,9,"Salvo Home"
https://shopee.sg/jiji-sg-rachana-foldable-tatami-lazy-sofa-foldable-sofa-floor-chair-i.31165845.26459593677,"(JIJI.SG) RACHANA Foldable Tatami Lazy Sofa -  Foldable Sofa / Floor Chair",46.84,79,500,141,4.91,6,"JIJI.SG Official Store"
https://shopee.sg/hdb-solid-wood-pair-door-wardrobe-sliding-door-wardrobe-with-drawers-clothes-storage-cabinet-3-colou-i.1436415167.24739891581,"HDB Solid Wood Pair Door Wardrobe Sliding Door Wardrobe with Drawers Clothes Storage Cabinet 3 Colours",145.6,219,500,140,4.7,8,"DreamWard.sg"
https://shopee.sg/sg-stock-foldable-shoe-box-3-pcs-6-pcs-bundle-installation-free-shoe-cabinet-shoe-rack-i.1200983301.26969462032,"【SG STOCK】Foldable Shoe Box (3 Pcs/6 PCS Bundle)Installation Free shoe cabinet  shoe rack",16.5,49,500,139,4.76,9,"Koalala.sg"
https://shopee.sg/ready-stock-fuho-collapsible-shoe-shelves-3-6-9-levels-single-double-columns-cabinet-shoe-racks-hl0-i.868946348.18168150074,"🇸🇬READY STOCK🇸🇬 FuHo Collapsible Shoe Shelves | 3/6/9 Levels | Single/Double Columns | Cabinet | Shoe Racks (HL0050)",30,59,500,139,4.94,5,"Fuho.sg"
https://shopee.sg/sg-next-day-delivery-foldable-clothes-storage-organizer-stackable-wardrobe-basket-for-underwear-soc-i.1697509275.53153027026,"🔥SG Next Day Delivery🔥 Foldable Clothes Storage Organizer / Stackable Wardrobe Basket for Underwear, Socks & Accessories",2.48,29,500,139,4.91,9,"EASY SMART HOME"
https://shopee.sg/jiji-sg-eames-rectangular-dining-table-120cm-140cm-i.31165845.7554722191,"(JIJI SG) Eames Rectangular Dining Table - 120cm / 140cm",86.8,139,500,139,4.66,8,"JIJI.SG Official Store"
https://shopee.sg/foldable-shoe-rack-no-installation-space-saving-multi-layer-dustproof-shoe-shelf-bedroom-shoe-storag-i.174052095.26708265288,"Foldable Shoe Rack No Installation Space Saving Multi-Layer Dustproof Shoe Shelf Bedroom Shoe Storage Cabinet Organizer",26.68,59,500,138,4.48,7,"Hxr Mobile"
https://shopee.sg/living-mall-frankfurt-series-4ft-2-door-sliding-door-wardrobe-in-50-models-available-i.92727875.24734410951,"Living Mall Frankfurt Series 4FT 2-Door Sliding Door Wardrobe in 50 Models Available",213.85,329,500,138,4.73,9,"Living Mall"
https://shopee.sg/jean-perry-aircell-3-fold-mattress-i-travel-mattress-i-single-mattress-i-portable-mattress-i-foldabl-i.261548406.4548877960,"Jean Perry AirCell 3 Fold Mattress I Travel Mattress I Single Mattress I Portable Mattress I Foldable Mattress",219,329,500,138,4.89,6,"Jean Perry Official Store.SG"
https://shopee.sg/snb-minimalist-metal-high-load-bearing-bed-frame-queen-size-single-double-king-apartment-iron-bedste-i.1093115257.41616934918,"SNB Minimalist Metal High Load Bearing Bed Frame Queen Size Single/Double/King Apartment Iron Bedstead",70.98,109,500,137,4.86,9,"SUNNY BIERE OS.sg "
https://shopee.sg/ready-stock-clothing-storage-cabinet-installation-free-children-s-wardrobe-double-door-foldable-sto-i.559094417.17999625335,"【READY STOCK】Clothing storage cabinet | Installation free children's wardrobe | Double door foldable storage cabinet",17.18,49,500,135,4.78,9,"Ding Dong home store"
https://shopee.sg/divan-bed-frame-pu-leather-free-installation-king-queen-super-single-single-sizes-i.30336969.2282883202,"Divan Bed Frame (PU Leather) | Free Installation | King/Queen/Super Single/Single Sizes",245,369,500,135,4.9,6,"univonna"
https://shopee.sg/living-mall-elie-3-in-1-single-bed-frame-pull-out-bed-with-mattress-bundle-in-6-colours-i.92727875.6168559866,"Living Mall Elie 3 in 1 Single Bed Frame Pull Out Bed with Mattress Bundle in 6 Colours",319.91,479,500,135,4.42,9,"Living Mall"
https://shopee.sg/sg-seller-shoe-rack-shoe-stacker-shoe-slots-double-shelf-space-savers-adjustable-cabinets-shoe-stor-i.472472246.19759561154,"(SG Seller) Shoe Rack Shoe Stacker Shoe Slots Double Shelf Space Savers  Adjustable Cabinets Shoe Storage Shoe Box 鞋架",1.32,29,500,134,4.83,9,"yoursportlife"
https://shopee.sg/black-bamboo-shoe-rack-bench-seat-wearing-taking-off-shoes-strong-organizer-i.496280376.19025522629,"Black Bamboo Shoe Rack Bench/Seat Wearing Taking off Shoes Strong Organizer",20.8,49,500,134,4.81,9,"Lucky Home SG"
https://shopee.sg/radiant-arch-rattan-shoe-cabinet-new-model-multifunctiona-storage-entrance-decoration-fast-delivery-i.1207024576.42565716192,"⚡RADIANT Arch Rattan Shoe Cabinet (New Model) Multifunctiona - storage + entrance decoration|[Fast delivery]",30,59,500,133,4.68,9,"RADIANT RETREAT HOME FURNISHINGS"
https://shopee.sg/living-mall-lindy-series-4-feet-solid-sliding-door-wardrobe-in-16-designs-i.92727875.28379268042,"Living Mall Lindy Series 4 Feet Solid Sliding Door Wardrobe in 16 designs",187.01,289,500,133,4.64,9,"Living Mall"
https://shopee.sg/sg-single-double-airbed-air-mattress-5ft-built-in-air-pump-built-in-battery-thickness-40cm-self-infl-i.1786887152.53708284329,"SG ⚡️single double airbed air mattress 5ft built in air pump, (built in battery) thickness 40cm self inflating",43.77,69,500,133,4.89,9,"Freedom MALL"
https://shopee.sg/bejoy-anti-mosquito-guard-baby-hd-foam-mattress-with-bamboo-cover-okeo-tex-cert-anti-dust-mite-vario-i.842957.8770195340,"BeJoy Anti Mosquito Guard Baby HD Foam Mattress With Bamboo Cover | OKEO-TEX Cert. Anti-Dust Mite Various Sizes",42.9,69,500,133,4.92,9,"BABYTODDLY Official Store"
https://shopee.sg/80-100-120-140cm-round-legged-table-white-study-desk-computer-table-for-bedroom-home-furniture-ikea-i.1286408733.25133070772,"80/100/120/140cm Round Legged Table White Study Desk Computer Table for Bedroom Home Furniture ikea Desk",41.4,69,500,131,4.01,9,"OSUM Official Store"
https://shopee.sg/jiji-sg-metaho-desktop-table-120cm-office-study-table-desktop-table-table-desk-i.31165845.10052410213,"(JIJI SG)  METAHO Desktop Table (120cm) - Office / Study Table / Desktop Table / Table / Desk",76.7,119,500,130,4.69,8,"JIJI.SG Official Store"
https://shopee.sg/next-day-delivery-height-adjustable-desk-electric-height-adjustable-table-leg-home-office-furniture-i.1316001985.26530908042,"【Next-day delivery】height adjustable desk electric height adjustable table leg home office furniture",27.84,59,500,130,4.75,9,"SMEETEK SPACE"
https://shopee.sg/takeaseat-height-adjustable-mobile-desk-overbed-table-portable-standing-desk-easy-setup-i.995539.23839983075,"TakeAseat Height Adjustable Mobile Desk ★ Overbed Table ★ Portable Standing Desk ★ Easy Setup",109.9,169,500,130,4.87,9,"TakeAseat"
https://shopee.sg/tussah-foldable-shoe-rack-stainless-steel-shoe-storage-rack-no-installation-shoe-organizer-i.1652972819.54403290894,"TUSSAH Foldable Shoe Rack Stainless Steel Shoe Storage Rack No Installation Shoe Organizer",27,59,500,130,4.84,9,"TUSSAH Mall"
https://shopee.sg/tussah-multi-layer-shoe-rack-thick-steel-pp-shoe-shelf-easy-assemble-shoes-organizer-i.1652972819.45854728261,"TUSSAH Multi-Layer Shoe Rack Thick Steel/PP Shoe Shelf Easy Assemble Shoes Organizer",14.85,39,500,130,4.75,8,"TUSSAH Mall"
https://shopee.sg/sg-stock-canvas-clothes-wardrobe-storage-dustproof-wardrobe-organiser-stackable-fabric-wardrobe-clo-i.60366738.16290849865,"【Sg Stock】Canvas Clothes Wardrobe Storage Dustproof Wardrobe Organiser Stackable Fabric Wardrobe Clothes Rack with Cover",24.6,49,500,130,4.6,9,"HopefulLove"
https://shopee.sg/homiest-billis-2-door-3-door-wardrobe-storage-organizer-in-white-walnut-180cm-i.408149152.22142011602,"[HOMIEST]BILLIS 2-Door/3-Door Wardrobe Storage Organizer in White / Walnut 180cm",107,169,500,130,4.48,8,"HomiestLivingSG"
https://shopee.sg/betensh-30cm-pocket-spring-mattress-single-super-single-mattress-queen-mattress-king-mattress-12-sg-i.1545518635.41504750144,"🔥Betensh 30cm Pocket Spring Mattress🔥Single/ Super Single Mattress Queen Mattress King Mattress (12"")🔥SG LOCAL STOCK🔥",235,359,500,130,4.86,9,"Betensh Mattress Store"
https://shopee.sg/single-metal-bedframe-l111sq-mattress-set-i.53927834.1207672975,"**Single Metal Bedframe(L111SQ) + Mattress Set",104,159,500,130,4.9,7,"LCF Furniture Store"
https://shopee.sg/sg-stock-3-fold-tatami-coconut-coir-latex-foldable-bed-mattress-single-s-single-breathable-anti-mit-i.1561332513.42157048384,"【SG Stock】3-Fold Tatami Coconut Coir Latex Foldable Bed Mattress Single/S.Single Breathable Anti-Mite Portable Floor Bed",122,189,500,129,4.62,9,"DreamHaus SG"
https://shopee.sg/lucky-home-tatami-lazy-sofa-tatami-chair-floor-chair-foldable-reclining-chair-cushion-floor-sofa-do-i.1132987842.25502881248,"🇸🇬Lucky Home🔥Tatami Lazy Sofa /tatami chair/ Floor Chair/ Foldable Reclining Chair / Cushion / Floor Sofa  Dormitory",8.5,39,500,129,4.7,9,"Lucky Home Lifestyle"
https://shopee.sg/living-mall-gurney-3-in-1-single-and-super-single-pull-out-bed-frame-with-optional-mattress-add-on-i.92727875.5168633502,"Living Mall Gurney 3 in 1 Single and Super Single Pull Out Bed Frame with Optional Mattress Add On",233.97,359,500,129,4.6,9,"Living Mall"
https://shopee.sg/sg-stock-free-installation-foldable-table-chair-set-folding-side-table-study-table-laptop-desk-i.198123992.22273545062,"[SG Stock] Free-Installation Foldable Table Chair Set  Folding  Side Table Study Table Laptop Desk",45,69,500,128,4.73,9,"COCO.Mall"
https://shopee.sg/weavve-tencel-lyocell-waterproof-mattress-protector-bedsheet-protector-baby-mattress-cot-anti-dust-m-i.261149017.6494575718,"Weavve TENCEL™ Lyocell Waterproof Mattress Protector [bedsheet protector | baby mattress | cot | anti-dust mite]",54.87,89,500,128,4.89,7,"Weavve Home"
https://shopee.sg/living-mall-qahir-14-depth-storage-bedframe-w-drawer-pet-friendly-with-mattress-all-sizes-i.92727875.42901744044,"Living Mall Qahir 14""  Depth Storage Bedframe w/ Drawer Pet Friendly - With Mattress All Sizes",332.38,499,500,128,4.86,9,"Living Mall"
https://shopee.sg/furnituresg-solid-wooden-single-bed-frame-with-mattress-i.9880889.18973258428,"(FurnitureSG) Solid Wooden Single Bed Frame With Mattress",125.82,189,500,127,4.87,5,"FurnitureSG"
https://shopee.sg/c6-foldable-tatami-lazy-sofa-adjustable-backrest-cozy-couch-cushion-floor-sofa-reclining-chair-lying-i.96953349.24065651044,"C6 Foldable Tatami Lazy Sofa Adjustable Backrest Cozy Couch Cushion Floor Sofa Reclining Chair Lying Folding Bed",78.8,119,500,126,4.85,9,"Lucky Baby Mummy SG"
https://shopee.sg/free-bone-health-spine-care-back-align-mattress-14-inch-thick-comfort-dsc3-0-best-for-professionals-i.1323514610.27525137932,"[FREE] Bone Health Spine Care BACK ALIGN Mattress 14 inch thick + Comfort DSC3.0 + Best for Professionals + Back Support",299,449,500,125,4.91,9,"Mattress King SG"
https://shopee.sg/furnituresg-king-koil-premier-spinal-guard-mattress-free-pillow-and-protector-i.9880889.4247247779,"(FurnitureSG) King Koil Premier Spinal Guard Mattress (Free Pillow and Protector)",456.19,689,500,125,4.77,4,"FurnitureSG"
https://shopee.sg/youneed-3-10-layers-foldable-shoe-box-transparent-shoe-cabinet-stackable-shoe-storage-box-home-shoe-i.1430486636.54903971470,"YOUNEED 3-10 Layers Foldable Shoe Box Transparent Shoe Cabinet Stackable Shoe Storage Box Home Shoe Rack Cabinet",10.18,39,500,124,4.94,8,"YOUNAI"
https://shopee.sg/free-installation-kenzzo-4-door-multifunctional-wooden-wardrobe-wardrobe-cabinet-small-wardrobe-cupb-i.99825399.27359628618,"FREE INSTALLATION !! KENZZO: 4 Door Multifunctional wooden wardrobe/ wardrobe cabinet/small wardrobe/cupboard",117.99,179,500,124,4.39,9,"kenzzo.sg"
https://shopee.sg/sg-ready-stock-ergonomic-adjustable-height-desk-standing-workstation-study-table-modern-life-comput-i.332820633.25691538517,"[✅SG Ready Stock] Ergonomic Adjustable Height Desk Standing Workstation Study Table Modern Life Computer Desk for Office",49.78,79,500,123,4.72,9,"SGreat Life"
https://shopee.sg/radiant-shoe-cabinet-wooden-door-with-cover-rattan-bamboo-shoe-rack-organizer-high-quality-fast-del-i.1207024576.27815584484,"⚡RADIANT Shoe Cabinet Wooden Door With Cover Rattan / Bamboo Shoe Rack Organizer High Quality [Fast delivery]藤编翻门鞋柜",53.67,89,500,123,4.61,9,"RADIANT RETREAT HOME FURNISHINGS"
https://shopee.sg/living-mall-leather-and-fabric-nala-divan-and-posture-plush-10-spring-mattress-in-6-colours-i.92727875.8306441990,"Living Mall Leather And Fabric Nala Divan And Posture Plush 10"" Spring Mattress In 6 Colours",237.62,359,500,123,4.85,9,"Living Mall"
https://shopee.sg/yhl-14p-11-pu-leather-and-fabric-storage-bed-frame-mattress-not-included-i.96886142.24200979241,"YHL 14P-11 PU Leather And Fabric Storage Bed Frame (Mattress Not Included)",274.99,419,500,123,4.95,7,"yongheng206"
https://shopee.sg/sg-next-day-delivery-foldable-10cm-thick-tatami-mattress-single-queen-mattress-anti-mite-antibacter-i.1537390877.28537166694,"🚀SG Next Day Delivery🚀Foldable 10cm Thick Tatami Mattress Single/Queen Mattress Anti-Mite/Antibacterial Material",11.58,39,500,122,4.36,9,"✨Happy Dream Factory✨"
https://shopee.sg/computer-table-with-book-shelf-solid-wood-study-writing-table-home-office-desk-minimalist-laptop-des-i.1286408733.29204499048,"Computer Table with Book Shelf Solid Wood Study Writing Table Home Office Desk Minimalist Laptop Desk",54,89,500,121,4.22,9,"OSUM Official Store"
https://shopee.sg/maxcoil-super-foam-foldable-orthopedic-mattress-free-twinkle-pillow-3-fold-i.464492149.11041224849,"MaxCoil Super Foam Foldable Orthopedic Mattress + FREE Twinkle pillow (3 Fold)",149,229,500,121,4.89,8,"Ourhome Mattress Specialist"
https://shopee.sg/multi-layer-iron-mesh-shoe-rack-rust-resistant-steel-shoes-shelf-stand-holds-9-21-pairs-3-7-layers-i.1306134918.43162374675,"Multi-layer Iron Mesh Shoe Rack Rust-resistant Steel Shoes Shelf Stand - Holds 9-21 Pairs (3-7 Layers) 鞋架",30.9,59,500,120,4.72,9,"JOJO-HOME"
https://shopee.sg/d7-tatami-folding-double-lazy-susan-small-bedroom-living-room-foldable-sofa-bed-free-2-pillows-i.96953349.5197798340,"D7 Tatami Folding Double Lazy Susan Small Bedroom Living Room Foldable Sofa Bed (Free 2 Pillows)",98.8,149,500,120,4.7,9,"Lucky Baby Mummy SG"
https://shopee.sg/yhl-mix-match-2-3-doors-solid-plywood-wardrobe-with-soft-closing-hinges-door-i.96886142.17775130462,"YHL Mix & Match 2/3 Doors Solid Plywood Wardrobe With Soft Closing Hinges Door",203,309,500,118,4.83,6,"yongheng206"
https://shopee.sg/ecosleep-sg-local-brand-22cm-pocket-spring-mattress-cooling-comfort-5-years-warranty-single-queen-i.1627279011.43174383415,"🇸🇬 ECOSLEEP SG Local Brand 🇸🇬 22cm Pocket Spring Mattress | Cooling Comfort | 5 Years Warranty | Single – Queen",100.8,159,500,118,4.81,9,"bestkoil"
https://shopee.sg/intex-inflatable-air-bed-mattress-single-super-single-queen-super-queen-king-with-free-pillows-pump-i.339766724.23670582326,"Intex Inflatable Air Bed Mattress (Single / Super Single / Queen / Super Queen / King) With Free Pillows & Pump",34.9,59,500,118,4.87,9,"Warehouse Deals"
https://shopee.sg/sg-ready-shoe-rack-with-pvc-dust-cover-5-6-7-layers-i.276903250.5688052303,"(SG Ready) Shoe Rack with PVC Dust Cover (5 /6/7 layers)",19.1,49,500,116,4.82,8,"preciouz.space"
https://shopee.sg/living-mall-onana-faux-leather-sofa-with-ottoman-in-black-beige-and-brown-i.92727875.7658504648,"Living Mall Onana Faux Leather Sofa with Ottoman In Black, Beige, And Brown",146.2,219,500,116,4.76,8,"Living Mall"
https://shopee.sg/furnituresg-easy-care-pet-friendly-fabric-pvc-storage-bed-no-headboard-colour-choice-i.9880889.20935615015,"(FurnitureSG) Easy Care/Pet-Friendly Fabric/PVC Storage Bed (No Headboard) Colour Choice",274.19,419,500,116,4.64,7,"FurnitureSG"
https://shopee.sg/living-mall-clara-drawer-bedframe-storage-bed-all-sizes-with-mattress-pet-friendly-option-i.92727875.29055639935,"Living Mall Clara Drawer Bedframe Storage Bed All Sizes with Mattress - Pet-Friendly Option",237.62,359,500,116,4.81,9,"Living Mall"
https://shopee.sg/sg-ergonomic-standing-electric-height-adjustable-100-120-140-160cm-office-study-table-desk-i.1333089521.25188242718,"[ SG ] Ergonomic Standing Electric Height Adjustable 100/120/140/160CM Office Study Table Desk",258,389,500,115,4.7,9,"QU Home.sg"
https://shopee.sg/laminated-plywood-foldable-table-study-desk-computer-table-portable-save-space-red-table-top-round-s-i.250244757.7737241278,"Laminated Plywood Foldable Table. Study Desk.Computer table. Portable. Save Space. Red table top. Round.Square.Rectangle",63,99,500,115,4.93,6,"TheGoodFurniture"
https://shopee.sg/living-mall-hans-4ft-5ft-6ft-2-door-sliding-door-wardrobe-carb-p2-certified-in-white-wash-or-black-i.92727875.43465291116,"Living Mall Hans 4FT/5FT/6FT 2-Door Sliding Door Wardrobe CARB-P2 Certified in White Wash or Black",214.44,329,500,115,4.83,9,"Living Mall"
https://shopee.sg/compact-space-saving-1-door-wardrobe-i.53927834.1489590316,"**Compact Space Saving 1-Door Wardrobe",99,149,500,115,4.94,7,"LCF Furniture Store"
https://shopee.sg/salvo-l50-90cm-foldable-storage-cabinet-with-wheels-clothes-organizer-wardrobe-magnetic-double-door-i.1374621362.55854577899,"Salvo L50-90CM Foldable Storage Cabinet With Wheels Clothes Organizer Wardrobe Magnetic Double Door",14.85,39,500,115,4.88,9,"Salvo Home"
https://shopee.sg/japan-direct-fastest-delivery-ikehiko-premium-tatami-igusa-rush-3-fold-mat-futon-mattress-noa-i.250499863.7070081568,"[Japan Direct] FASTEST DELIVERY IKEHIKO Premium Tatami Igusa Rush 3-Fold Mat Futon Mattress Noa",295,449,500,115,4.87,9,"yutori no aru"
https://shopee.sg/living-mall-oigae-divan-bed-frame-fabric-faux-leather-in-grey-colours-all-sizes-available-i.92727875.24007641684,"Living Mall OIGAE Divan Bed Frame Fabric/Faux Leather in Grey Colours - All Sizes Available",118.77,179,500,115,4.82,7,"Living Mall"
https://shopee.sg/lili-sg-computer-desk-study-desk-desktop-student-home-study-table-adult-rectangular-workbench-simpl-i.1565985601.26690599470,"【LILI.SG】Computer Desk Study Desk Desktop Student Home Study Table Adult Rectangular Workbench Simple Bedroom table",30,59,500,114,4.28,9,"LILI MALL.SG"
https://shopee.sg/5x8ft-10-door-399-only-3-2ft-4ft-5ft-6ft-3-4-8-10-door-wardrobe-open-wardrobe-i.84602591.1431397419,"🔥5X8FT 10 DOOR $399 ONLY🔥3.2FT / 4FT / 5FT / 6FT / 3 / 4  /8/10 DOOR WARDROBE / OPEN WARDROBE",251.9,379,500,114,4.85,9,"INNDESIGN"
https://shopee.sg/snb-ergonomic-computer-desk-modern-home-desk-student-learning-writing-desk-120cm-pc-desk-gaming-tabl-i.1093115257.25312066494,"SNB Ergonomic Computer Desk Modern Home Desk Student Learning Writing Desk 120cm PC Desk Gaming Tables Office Desk电竞桌",53.2,79,500,113,4.12,9,"SUNNY BIERE OS.sg "
https://shopee.sg/no-installation-small-foldable-table-folding-computer-desk-space-saving-study-tables-dining-table-t-i.1286408733.28870510831,"【No installation】Small  Foldable Table Folding Computer Desk Space Saving Study Tables Dining Table Training Office Desk",46.12,79,500,113,4.43,9,"OSUM Official Store"
https://shopee.sg/hxr-diy-stackable-plastic-shoe-rack-multi-layer-narrow-space-saving-easy-install-doorway-bedroom-sho-i.174052095.40001657935,"HXR DIY Stackable Plastic Shoe Rack Multi-layer Narrow Space Saving Easy Install Doorway Bedroom Shoes Storage Organizer",8.37,39,500,113,4.64,9,"Hxr Mobile"
https://shopee.sg/lasleep-firm-mattress-topper-for-back-pain-foldable-mattress-cooling-in-stock-i.1171710338.29030704753,"LaSleep Firm Mattress Topper | For Back Pain | Foldable Mattress | Cooling  | In-stock",168,259,500,113,4.97,9,"LaSleep Bedding"
https://shopee.sg/offigo-120cm-100cm-80cm-computer-desk-black-wooden-study-table-for-home-office-i.1598458412.47103990664,"OffiGo 120CM/100CM/80CM Computer Desk  Black Wooden Study Table for Home Office",26.25,59,500,112,4.94,6,"OffiGo"
https://shopee.sg/ready-stock-fuho-portable-computer-laptop-table-i.868946348.28320739522,"🇸🇬READY STOCK🇸🇬 FuHo Portable Computer Laptop Table",13.69,39,500,112,4.88,6,"Fuho.sg"
https://shopee.sg/getha-baby-mattress-100-natural-latex-i.212426596.3516195103,"Getha Baby Mattress 100% Natural Latex",224.1,339,500,112,4.96,9,"Getha Singapore Official Store"
https://shopee.sg/bamboo-shoe-rack-bench-shoe-organizer-storage-shelf-household-entryway-hallway-living-room-space-sav-i.96953349.24382748778,"Bamboo Shoe Rack Bench Shoe Organizer Storage Shelf Household Entryway Hallway Living Room Space Saving",26.7,59,500,111,4.73,9,"Lucky Baby Mummy SG"
https://shopee.sg/5pcs-double-adjustable-shoe-rack-shoe-organizer-slots-plastic-shoe-rack-convenient-adjustable-double-i.549252859.16879777448,"5pcs Double Adjustable Shoe Rack Shoe Organizer Slots Plastic Shoe Rack Convenient Adjustable Double Storage",1.32,29,500,111,4.78,9,"Electronic Gadgets STORE"
https://shopee.sg/victo-single-bedframe-lc100-i.53927834.1251790596,"**Victo Single Bedframe (LC100)",107,169,500,110,4.87,5,"LCF Furniture Store"
https://shopee.sg/next-day-delivery-65-75cm-adult-foldable-wardrobe-cabinet-drawer-closet-stackable-storage-kitchen-or-i.20591056.40160850933,"Next Day Delivery 65/75cm Adult Foldable Wardrobe Cabinet Drawer Closet Stackable Storage Kitchen Organizer Clothes Rack",89.02,139,500,109,4.7,9,"BOX PRO"
https://shopee.sg/livingmall-gillie-series-2-doors-tall-wardrobe-with-top-cabinet-fully-laminated-back-in-6-colours-i.92727875.26315881409,"Livingmall Gillie Series 2 Doors Tall Wardrobe with Top Cabinet Fully Laminated Back in 6 Colours",100.48,159,500,108,4.88,9,"Living Mall"
https://shopee.sg/free-shipping-bone-health-back-balance-12-inch-thickness-king-queen-super-single-single-mattress-wi-i.1323514610.28375142414,"[FREE SHIPPING] Bone Health BACK BALANCE 12-inch Thickness (King / Queen / Super Single / Single) Mattress with DSC3.0",199,299,500,108,4.75,8,"Mattress King SG"
https://shopee.sg/maxcoil-super-foam-2-3-4-foldable-mattress-available-in-single-super-single-sizes-i.287247543.21220201989,"MaxCoil Super Foam 2''/3''/4'' Foldable Mattress | Available in Single, Super Single Sizes",149,229,500,108,4.89,4,"MaxCoil Official Store"
https://shopee.sg/afh-bamboo-long-shoe-rack-simple-shoe-stool-can-be-placed-in-the-entryway-saves-space-i.1613057721.46252517649,"AFH Bamboo long shoe rack | Simple shoe stool | Can be placed in the entryway | Saves space",30.08,59,500,107,4.44,9,"Verve bamboo.SG"
https://shopee.sg/lili-sg-large-capacity-shoe-cabinet-storage-cabinet-home-indoor-new-entrance-cabinet-shoe-rack-inte-i.1565985601.41813903302,"【LILI.SG】Large-capacity shoe cabinet storage cabinet home indoor new entrance cabinet shoe rack integrated minimalist",50.84,79,500,106,3.93,9,"LILI MALL.SG"
https://shopee.sg/luxe-honey-bed-frame-single-super-single-children-bedroom-i.950497811.22440026972,"Luxe: Honey Bed Frame | Single & Super Single | Children Bedroom",210.14,319,500,106,4.72,9,"Luxe Living"
https://shopee.sg/sponge-cushion-bamboo-shoe-rack-bench-convenient-seat-storage-organizer-i.96953349.3367873802,"Sponge Cushion Bamboo Shoe Rack Bench/Convenient Seat/Storage Organizer",29.8,59,500,105,4.62,9,"Lucky Baby Mummy SG"
https://shopee.sg/sg-ready-stock-2-door-wardrobe-storage-km2418-i.75757672.10732790154,"SG Ready Stock 2 Door Wardrobe / Storage KM2418",199,299,500,104,4.94,8,"furnituresale.sg"
https://shopee.sg/living-mall-marjie-sleeper-sectional-reversible-sofa-w-storage-upholstered-w-pet-friendly-option-i.92727875.28207141570,"Living Mall Marjie Sleeper Sectional Reversible Sofa w/ Storage Upholstered w/ Pet-Friendly Option",457.05,689,500,104,4.85,9,"Living Mall"
https://shopee.sg/shoe-rack-with-plastic-box-simple-elegant-durable-i.79495367.1933055419,"Shoe Rack with Plastic Box Simple Elegant Durable",12.76,39,500,103,4.82,9,"urbargainhunter"
https://shopee.sg/radiant-wardrobe-bamboo-wardrobe-bedroom-rattan-door-wardrobe-nordic-wardrobe-fast-delivery-i.1207024576.26284374834,"⚡RADIANT Wardrobe Bamboo Wardrobe Bedroom Rattan Door Wardrobe Nordic wardrobe[Fast delivery]衣柜",148.95,229,500,103,4.51,9,"RADIANT RETREAT HOME FURNISHINGS"
https://shopee.sg/hisoa-large-size-foldable-wardrobe-for-kids-baby-clothes-wardrobe-cabinet-for-bedroom-home-furniture-i.1566721984.28593130000,"Hisoa Large Size Foldable Wardrobe For Kids Baby Clothes Wardrobe Cabinet For Bedroom Home Furniture Storage Cabinet",24.19,49,500,103,4.96,8,"Hisoa Life"
https://shopee.sg/algo-signature-shoe-rack-5-tier-single-for-5-shoes-black-i.119313110.17959920697,"ALGO Signature shoe rack, 5 Tier single, for 5 shoes, black",15.5,49,500,102,4.8,5,"Foh Foh Singapore Official Store"
https://shopee.sg/living-mall-wrilie-scratch-resistant-wardrobe-2-3-doors-with-drawers-in-11-models-i.92727875.7191464420,"Living Mall Wrilie Scratch Resistant Wardrobe 2/3 Doors With Drawers in 11 Models",132.48,199,500,102,4.58,8,"Living Mall"
https://shopee.sg/osum-large-capacity-living-room-home-multi-layer-shoe-rack-all-wood-simple-solid-entrance-cabinet-sh-i.1286408733.28112006258,"OSUM Large Capacity Living Room Home Multi-layer Shoe Rack All-wood Simple Solid Entrance Cabinet Shoe Rack",53.67,89,500,101,4.04,9,"OSUM Official Store"
https://shopee.sg/furnituresg-2-tone-colour-wooden-shoe-cabinet-shoe-rack-i.9880889.2677474536,"(FurnitureSG) 2 Tone Colour Wooden Shoe Cabinet/Shoe Rack",53.8,89,500,101,4.91,2,"FurnitureSG"
https://shopee.sg/free-installation-italian-sintered-stone-dining-table-square-table-dining-set-dining-chair-scratch-i.1206181647.26105195044,"🇸🇬【Free Installation】⚡Italian Sintered Stone Dining Table Square Table Dining Set Dining Chair Scratch Resistant High Temperature Marble Table",504.04,759,500,101,4.78,9,"Monoline Furniture Official Store"
https://shopee.sg/jiji-sg-kiara-single-bed-frame-on-site-installation-single-size-wood-bed-frame-minimalist-i.31165845.28212789290,"(JIJI.SG) KIARA Single Bed Frame (On-Site Installation) - Single Size/ Wood bed frame / Minimalist",101.3,159,500,101,4.82,9,"JIJI.SG Official Store"
https://shopee.sg/furnituresg-simple-faux-leather-bedframe-free-delivery-and-installation-i.9880889.4064789034,"(FurnitureSG) Simple Faux Leather Bedframe | Free Delivery and Installation",118.86,179,500,101,4.65,3,"FurnitureSG"
https://shopee.sg/afh-bamboo-shoe-cabinet-louvers-multi-layer-multi-functional-shoe-cabinet-shoe-rack-shoe-storage-i.1613057721.56452378136,"AFH Bamboo shoe cabinet | louvers | Multi-layer multi-functional shoe cabinet, shoe rack, shoe storage",52.72,79,500,100,4.73,9,"Verve bamboo.SG"
https://shopee.sg/elegant-wardrobe-with-translucent-curtain-and-storage-compartment-i.79495367.1354076912,"Elegant Wardrobe with Translucent Curtain and Storage Compartment",18.05,49,500,100,4.72,9,"urbargainhunter"
https://shopee.sg/kaki-sg-single-queen-super-single-king-20cm-thick-latex-pocket-spring-mattress-breathable-anti-mite-i.1535261768.41761994427,"【Kaki.SG】Single/Queen/Super Single/King 20CM Thick Latex Pocket Spring Mattress Breathable Anti-Mite 8 Inch Mattress",104.7,159,500,100,4.83,9,"Home Kaki.sg"
https://shopee.sg/living-mall-6-10-11-5-12-orthocoil-chiro-mattress-all-sizes-available-i.92727875.24300626597,"Living Mall 6""/10""/11.5""/12"" ORTHOCOIL CHIRO Mattress - All Sizes Available",118.77,179,500,100,4.84,4,"Living Mall"
https://shopee.sg/free-install-delivery-new-arrival-pvc-bedframe-divan-bed-available-in-4-sizes-i.84602591.4200192624,"🔥FREE INSTALL+DELIVERY🔥NEW ARRIVAL PVC Bedframe / Divan Bed (Available in 4 Sizes)",105.64,159,500,100,4.75,9,"INNDESIGN"
https://shopee.sg/snb-shoe-cabinet-outdoor-large-capacity-multifunctional-shoe-rack-multi-layer-home-entrance-porch-ca-i.1093115257.27925070798,"SNB Shoe Cabinet Outdoor Large Capacity Multifunctional Shoe Rack Multi-layer Home Entrance Porch Cabinet With Doors",52.61,79,500,99,4.17,9,"SUNNY BIERE OS.sg "
https://shopee.sg/youneed-foldable-transparent-shoe-box-shoes-rack-storage-box-shoe-organizer-shelf-free-installation-i.1430486636.48652470889,"YOUNEED Foldable Transparent Shoe Box Shoes Rack Storage Box Shoe Organizer Shelf Free Installation Cabinet",10.18,39,500,99,4.87,8,"YOUNAI"
https://shopee.sg/charlton-5-door-wardrobe-with-2-drawers-white-dark-walnut-i.53927834.3509078742,"**CHARLTON 5-Door Wardrobe with 2 Drawers (White / Dark Walnut)",294.3,449,500,98,4.9,6,"LCF Furniture Store"
https://shopee.sg/youneed-foldable-wardrobe-large-capacity-clothes-storage-cabinet-with-wheels-magnetic-door-stackable-i.1430486636.43723462380,"YOUNEED Foldable Wardrobe Large Capacity Clothes Storage Cabinet With Wheels Magnetic Door Stackable Wardrobe",24.19,49,500,98,4.79,8,"YOUNAI"
https://shopee.sg/gr-furniture-faux-leather-divan-bed-frame-in-4-sizes-i.1017791466.27553345333,"GR Furniture Faux Leather Divan Bed Frame In 4 Sizes",95.9,149,500,98,4.76,5,"GR Furniture"
https://shopee.sg/lili-sg-foldable-table-movable-computer-desk-home-foldable-study-desk-bedside-table-students-simple-i.1565985601.42918673209,"【LILI.SG】Foldable table movable computer desk home foldable study desk bedside table students simple office table",31.59,59,500,97,4.41,9,"LILI MALL.SG"
https://shopee.sg/youneed-10layers-shoe-cabinet-stackable-multifunctional-shoe-storage-cabinet-home-shoe-box-shoe-rack-i.1430486636.47603217795,"YOUNEED 10Layers Shoe Cabinet Stackable Multifunctional Shoe Storage Cabinet Home Shoe Box Shoe Rack Cabinet",14.85,39,500,97,4.78,9,"YOUNAI"
https://shopee.sg/living-mall-lexi-series-2-door-sliding-door-wardrobe-in-14-designs-i.92727875.21060690384,"Living Mall Lexi Series 2-Door Sliding Door Wardrobe in 14 designs",264.14,399,500,97,4.69,9,"Living Mall"
https://shopee.sg/furnituresg-queen-size-bedframe-and-mattress-i.9880889.7409128197,"(FurnitureSG) Queen Size bedframe and mattress",78.91,119,500,97,4.79,5,"FurnitureSG"
https://shopee.sg/ecosleep-sg-local-brand-17cm-pocket-spring-mattress-cooling-comfort-5-years-warranty-single-queen-i.1627279011.28142954805,"🇸🇬 ECOSLEEP SG Local Brand 🇸🇬 17cm Pocket Spring Mattress | Cooling Comfort | 5 Years Warranty | Single – Queen",100.8,159,500,96,4.68,9,"bestkoil"
https://shopee.sg/snb-120-160cm-home-office-table-simple-desktop-computer-desk-student-study-table-writing-desk-bedroo-i.1093115257.25312349394,"SNB 120/160CM Home Office Table Simple Desktop Computer Desk Student Study Table Writing Desk Bedroom Long Table",29.06,59,500,95,4.26,9,"SUNNY BIERE OS.sg "
https://shopee.sg/sg-stock-foldable-dining-table-study-desk-laptop-desk-portable-strong-and-sturdy-outdoor-indoor-mul-i.17823595.5773301664,"《SG Stock》Foldable dining table study desk laptop desk portable strong and sturdy outdoor indoor Multipurpose",39.9,69,500,95,4.74,9,"top1sg"
https://shopee.sg/plastic-shoe-rack-rak-kasut-shoes-rack-plastik-kasut-shoe-plastic-kasut-i.446883697.23700657773,"Plastic Shoe Rack / Rak Kasut / Shoes Rack / Plastik Kasut / Shoe / Plastic / Kasut",13.34,39,500,95,4.9,8,"baking_panda.sg"
https://shopee.sg/livingmall-nolin-modern-2-door-hanging-wardrobe-3-layer-drawer-laminated-back-panel-i.92727875.44265588948,"LivingMall Nolin Modern 2 Door Hanging Wardrobe + 3 Layer Drawer Laminated Back Panel",136.72,209,500,95,4.76,9,"Living Mall"
https://shopee.sg/furnituresg-1-door-dark-brown-wardrobe-i.9880889.3658663547,"(FurnitureSG) 1 Door Dark Brown Wardrobe",72.69,109,500,95,4.93,3,"FurnitureSG"
https://shopee.sg/2-3-4-inches-foam-cover-with-long-zipper-balot-ng-foam-all-sizes-available-choose-design-mattress-co-i.1303923996.29354979545,"2,3,4 inches Foam Cover with Long Zipper(Balot ng Foam) | All Sizes Available | Choose Design! Mattress Cover with Zipper",8.65,39,500,95,4.8,9,"nekaitailoringshopgq.sg"
https://shopee.sg/living-mall-shivom-series-leather-divan-bed-frame-in-3-designs-all-sizes-available-i.92727875.5767221447,"Living Mall Shivom Series Leather Divan Bed Frame In 3 Designs- All Sizes Available",137.05,209,500,95,4.59,8,"Living Mall"
https://shopee.sg/living-mall-sadie-single-super-single-pull-out-type-bed-frame-fabric-and-faux-leather-in-6-colour-i.92727875.5772367398,"Living Mall Sadie Single & Super Single Pull-Out Type Bed Frame Fabric and Faux Leather in 6 Colour",223.91,339,500,95,4.72,8,"Living Mall"
https://shopee.sg/free-installation-sg-stock-gaming-computer-table-unidesk-electric-adjustable-height-standing-desk-o-i.1587768251.40360806083,"👉Free Installation👈 [SG STOCK] Gaming Computer Table Unidesk Electric Adjustable Height Standing Desk Office Table",133.44,209,500,94,4.94,9,"Unidesk.sg"
https://shopee.sg/koala-home-portable-foldable-table-travel-outdoor-folding-table-dinning-table-tables-study-table-de-i.785454343.22609153893,"🇸🇬Koala Home🔥Portable Foldable Table Travel Outdoor Folding Table Dinning Table Tables Study Table Deskdisuse",33.05,59,500,93,4.78,9,"Koala Home Lifestyle "
https://shopee.sg/movable-shoe-rack-with-wheels-wheeled-shoe-rack-portable-multi-tier-space-saving-strong-suitable-for-i.532126243.28332347530,"Movable Shoe Rack with Wheels | Wheeled Shoe Rack - Portable, Multi-Tier, Space Saving, Strong & Suitable for Home",10.36,39,500,93,4.82,9,"lehomebizfe.sg"
https://shopee.sg/livingmall-cyprus-series-1-2-3-4-5-doors-tall-wardrobe-with-drawers-and-top-cabinet-in-white-colour-i.92727875.22138829510,"Livingmall Cyprus Series 1/2/3/4/5 Doors Tall Wardrobe with Drawers and Top Cabinet in White Colour",122.42,189,500,93,4.46,9,"Living Mall"
https://shopee.sg/wardrobe-cappuccino-walnut-white-3door-2-door-1door-i.75620248.1273967837,"Wardrobe Cappuccino,Walnut,white 3Door 2 Door 1Door",88,139,500,93,4.67,9,"F31 Furniture Store"
https://shopee.sg/living-mall-edriel-2-3-seater-l-shaped-sofa-scratch-resistant-upholstered-pet-friendly-in-50-colors-i.92727875.25984782252,"Living Mall Edriel 2/3-Seater L-Shaped Sofa Scratch-Resistant Upholstered Pet-Friendly in 50 Colors",301.62,459,500,93,4.88,9,"Living Mall"
https://shopee.sg/living-mall-amy-faux-leather-3-in-1-bed-frame-in-cream-and-dark-brown-colour-i.92727875.8002812539,"Living Mall Amy Faux Leather 3 in 1 Bed Frame In Cream And Dark Brown Colour.",203.8,309,500,93,4.53,5,"Living Mall"
https://shopee.sg/sg-stock-titan-steel-shoes-rack-stainless-steel-shoe-rack-pp-4-tier-5-tier-6-tier-easy-assemble-i.274578160.5042207900,"(SG STOCK) TITAN Steel Shoes Rack / Stainless Steel Shoe Rack / PP / 4 Tier / 5 Tier / 6 Tier / Easy Assemble",6.2,39,500,92,4.8,9,"Happy Living"
https://shopee.sg/best-deals-titan-steel-shoe-rack-stainless-steel-pp-3-tier-4-tier-5-tier-6-tier-easy-assemble-i.614881189.10291287009,"⚡BEST DEALS!!!⚡ TITAN Steel Shoe Rack Stainless Steel/ PP/ 3 Tier/ 4 Tier / 5 Tier / 6 Tier / Easy Assemble",9.76,39,500,91,4.65,9,"TLC Estore"
https://shopee.sg/hisoa-shoe-cabinet-stackable-shoe-rack-multifunctional-living-room-bedroom-simple-shoe-box-i.1566721984.28040129171,"Hisoa Shoe Cabinet Stackable Shoe Rack Multifunctional Living Room Bedroom Simple Shoe Box",14.85,39,500,91,4.88,9,"Hisoa Life"
https://shopee.sg/wes-cares-coolmax-foam-mattress-orthopedic-pressure-relieving-single-super-single-queen-i.286155648.22417613787,"Wes Cares CoolMax® Foam Mattress Orthopedic Pressure Relieving – Single/ Super Single/ Queen",199,299,500,91,4.78,5,"Wes Cares x Official Store"
https://shopee.sg/baby-mattress-foam-87cm-x-52cm-suitable-for-joie-kubbie-travel-cot-baby-cot-mattress-i.446883775.5589723802,"Baby Mattress (Foam) - 87cm x 52cm (Suitable for Joie Kubbie travel cot) Baby Cot Mattress",17.99,49,500,91,4.88,3,"dreampillowmy.sg"
https://shopee.sg/360-degree-swivel-multi-fold-lazy-sofa-chair-floor-foldable-cushion-i.96953349.2752077187,"360 Degree Swivel Multi-Fold Lazy Sofa Chair/Floor/Foldable/Cushion",79.8,119,500,91,4.93,7,"Lucky Baby Mummy SG"
https://shopee.sg/rohan-5-tier-steel-black-shoe-rack-simple-and-elegant-i.169995.14118589243,"Rohan 5 Tier Steel Black Shoe Rack Simple and Elegant",9.9,39,500,90,4.48,6,"WATCHOUT"
https://shopee.sg/2-door-wardrobe-wr-0031-i.53927834.3562321889,"**2 door wardrobe (WR-0031)",89,139,500,90,4.9,3,"LCF Furniture Store"
https://shopee.sg/ezrest-sg-local-brand-20cm-8-pocket-spring-mattress-cooling-comfort-pocket-spring-support-single-qu-i.1627279011.43124276867,"🇸🇬 EZREST SG Local Brand🇸🇬  20cm (8”) Pocket Spring Mattress | Cooling Comfort | Pocket Spring Support | Single-Queen",85.34,129,500,90,4.82,5,"bestkoil"
https://shopee.sg/voxy-sg-local-brand-20cm-mattress-bonnell-spring-soft-comfort-foam-lowest-price-sg-single-queen-i.1627279011.40824292684,"🇸🇬 VOXY SG Local Brand 🇸🇬 20cm Mattress | Bonnell Spring | Soft Comfort Foam | Lowest Price SG | Single – Queen",100.8,159,500,90,4.86,8,"bestkoil"
https://shopee.sg/hiosa-4-5-layers-stainless-steel-shoe-rack-shoe-cabinet-organizer-student-dormitory-or-home-shoe-rac-i.1566721984.42924893330,"Hiosa 4/5 Layers Stainless Steel Shoe Rack Shoe Cabinet Organizer Student Dormitory or Home Shoe Rack Organizer",14.85,39,500,89,4.91,8,"Hisoa Life"
https://shopee.sg/sg-stock-plastic-shoe-rack-plastic-shoe-storage-cabinet-diy-shoe-storage-cabinet-multi-layer-shoes-i.1453558675.41968069549,"[SG Stock]Plastic Shoe Rack Plastic Shoe Storage Cabinet DIY Shoe Storage Cabinet Multi-layer Shoes Rack",6.6,39,500,89,4.62,9,"AJCHOOSE"
https://shopee.sg/gift-footstool-pillow-with-filling-large-seat-bean-bag-sofa-chair-sofa-lazy-recliner-free-shipping-i.1292605474.43453514557,"[Gift footstool+ Pillow] with filling large seat bean bag sofa chair sofa lazy recliner free shipping （My ready stock）",27.23,59,500,89,4.69,9,"littlequeenz.sg"
https://shopee.sg/plast-nordic-dining-chairs-i.68947061.11863175718,"PLAST Nordic Dining Chairs",37.7,69,500,88,4.86,7,"LuluFuniture.SG"
https://shopee.sg/free-installation-italian-sintered-stone-dining-table-square-table-dining-set-dining-chair-scratch-i.1206181647.26653325233,"🇸🇬【Free Installation】⚡Italian Sintered Stone Dining Table Square Table Dining Set Dining Chair Scratch Resistant High Temperature Marble Table",230.42,349,500,88,4.72,9,"Monoline Furniture Official Store"
https://shopee.sg/sg-ready-stock-10-door-wardrobe-storage-i.75757672.10236851058,"SG Ready Stock 10 Door Wardrobe / Storage",617,929,500,87,4.92,7,"furnituresale.sg"
https://shopee.sg/serene-furniture-nordic-wood-dining-table-100-120-140cm-minimalist-style-combinations-set-4-seaters-i.1374659759.43505192193,"Serene Furniture Nordic Wood Dining Table 100/120/140cm Minimalist Style combinations set 4 seaters 6 seaters 餐桌",36.75,69,500,87,4.6,9,"Serene Furniture Official.sg"
https://shopee.sg/flexidesignx-kimo-4-seater-sofa-free-stool-l-shape-2-3-seater-sofa-set-fabric-sofa-i.179838813.15612940075,"Flexidesignx KIMO 4 Seater Sofa FREE Stool /L-Shape /2+3 Seater Sofa Set /Fabric Sofa",405.89,609,500,87,4.85,7,"Flexidesignx Furnitures"
https://shopee.sg/kids-sofa-bed-kuromi-sanrio-foldable-bed-mickey-minnie-pikachu-instock-ship-next-day-princess-totoro-i.34808537.2235458194,"Kids Sofa Bed Kuromi Sanrio foldable bed Mickey Minnie Pikachu INSTOCK SHIP NEXT DAY princess totoro marvels",49.9,79,500,87,4.85,9,"Hippo&Co"
https://shopee.sg/luxe-quinn-trundle-bed-frame-single-super-single-trundle-bed-daybed-i.950497811.15698670616,"Luxe: Quinn Trundle Bed Frame | Single & Super Single | Trundle Bed | Daybed",306.9,469,500,87,4.86,6,"Luxe Living"
https://shopee.sg/living-mall-talin-drawers-storage-bed-frame-fully-laminated-eco-board-in-6-colour-options-i.92727875.25088121425,"Living Mall Talin Drawers Storage Bed Frame / Fully Laminated Eco Board in 6 Colour Options",406.77,619,500,87,4.57,9,"Living Mall"
https://shopee.sg/white-wooden-bedframe-with-3-drawers-vs-0801-3dh-r-i.53927834.19235570229,"**White Wooden Bedframe With 3 Drawers (VS-0801-3DH-R)",238,359,500,87,4.84,4,"LCF Furniture Store"
https://shopee.sg/living-mall-dandy-3-in-1-pullout-bed-frame-in-single-and-super-single-size-with-3-color-choices-i.92727875.1529413419,"Living Mall Dandy 3 in 1 Pullout Bed Frame In Single And Super Single Size With 3 Color Choices",203.8,309,500,87,4.7,8,"Living Mall"
https://shopee.sg/playpark-kids-study-table-with-chair-children-study-desk-multifunctional-learning-drawing-computer-d-i.1375174219.28730472706,"Playpark Kids Study Table With Chair Children study desk Multifunctional Learning Drawing Computer Desk meja belajar书桌",47.64,79,500,86,4.7,9,"Playpark Singapore"
https://shopee.sg/stainless-steel-shoe-rack-metal-shoe-rack-shoe-cabinet-indoor-outdoor-rack-living-room-shelf-shoes-s-i.1613885783.40472120852,"Stainless Steel Shoe Rack Metal Shoe Rack Shoe Cabinet Indoor Outdoor Rack Living Room Shelf Shoes Storage Organizer 鞋架",25.93,59,500,86,4.6,9,"Singular Home"
https://shopee.sg/stackable-bamboo-doorway-shoe-rack-multilayer-organizer-shelf-storage-wooden-compact-space-saving-i.96953349.24404439084,"Stackable Bamboo Doorway Shoe Rack Multilayer Organizer Shelf Storage Wooden Compact Space Saving",13.3,39,500,86,4.67,9,"Lucky Baby Mummy SG"
https://shopee.sg/jayce-4-door-wardrobe-white-dark-walnut-i.53927834.6823490920,"**JAYCE 4-Door Wardrobe (White / Dark Walnut)",196.2,299,500,86,4.78,8,"LCF Furniture Store"
https://shopee.sg/stock-foldable-wardrobe-l50-70cm-plastic-storage-wardrobe-stackable-with-wheels-double-door-storage-i.557160144.42814335510,"【Stock】Foldable wardrobe L50-70cm Plastic storage  wardrobe stackable with wheels double door storage box",8.5,39,500,86,4.73,9,"SG storage Expert"
https://shopee.sg/furnituresg-compact-size-1-door-wardrobe-with-free-delivery-and-installation-i.9880889.42200132340,"(FurnitureSG) Compact Size 1 Door Wardrobe With Free Delivery and Installation",78.8,119,500,86,4.87,7,"FurnitureSG"
https://shopee.sg/betensh-25cm-pocket-spring-mattress-single-super-single-mattress-queen-mattress-king-mattress-10-sg-i.1545518635.42254749175,"🔥Betensh 25cm Pocket Spring Mattress🔥Single/ Super Single Mattress Queen Mattress King Mattress (10"")🔥SG LOCAL STOCK🔥",189,289,500,86,4.9,9,"Betensh Mattress Store"
https://shopee.sg/furnituresg-sleepy-night-orthopaedic-foldable-mattress-i.9880889.6141331125,"(FurnitureSG) Sleepy Night Orthopaedic Foldable mattress",181.94,279,500,86,4.87,1,"FurnitureSG"
https://shopee.sg/tech-cloth-pu-thick-foldable-sofabed-foldable-sofa-foldable-mattress-lazy-folding-bed-i.96953349.19150010275,"【Tech Cloth】PU Thick Foldable Sofabed / Foldable Sofa / Foldable Mattress/Lazy/Folding/Bed",178,269,500,86,4.86,9,"Lucky Baby Mummy SG"
https://shopee.sg/living-mall-flora-2-3-seater-sofa-pocketed-spring-high-density-foam-w-petfriendly-scratch-resist-i.92727875.40301786269,"Living Mall Flora 2/3-Seater Sofa Pocketed Spring / High Density Foam w/ PetFriendly Scratch-Resist",283.34,429,500,86,4.79,9,"Living Mall"
https://shopee.sg/kitchenz-1-seater-recliner-sofa-bed-tpu-fabric-pet-friendly-adjustable-lounge-chair-sofa-katil-recli-i.1911420491.44865541210,"KitchenZ 1 Seater Recliner Sofa Bed TPU Fabric Pet Friendly Adjustable Lounge Chair Sofa Katil Recline",387.35,589,500,86,4.83,9,"kitchenz22.sg"
https://shopee.sg/japanese-minimalism-dining-table-set-dining-chairs-long-bench-nordic-design-furniture-small-apartmen-i.290127246.2983649828,"Japanese Minimalism Dining Table Set Dining Chairs Long Bench Nordic Design Furniture Small Apartment Study Table",68.9,109,500,85,4.61,9,"Kumayo"
https://shopee.sg/living-mall-darwin-japanese-inspired-pu-leather-and-fabric-sofa-set-with-ottoman-in-8-colors-i.92727875.2143694804,"Living Mall Darwin Japanese Inspired PU Leather And Fabric Sofa Set With Ottoman in 8 Colors",341.52,519,500,85,4.82,8,"Living Mall"
https://shopee.sg/specool-multi-purpose-foldable-laptop-table-lazy-table-bed-table-high-quality-laptop-desk-study-lapt-i.63663065.13445958204,"Specool® Multi-purpose Foldable Laptop Table Lazy Table Bed Table High-quality Laptop Desk Study Laptop Stand",19.99,49,500,84,4.83,9,"SPECOOL*BAG"
https://shopee.sg/type-e-kids-wardrobe-closet-children-clothes-rack-cabinet-plastic-storage-box-drawer-organizer-i.96953349.19420828808,"【Type E】Kids Wardrobe / Closet Children Clothes Rack cabinet/ Plastic Storage Box Drawer Organizer",89.8,139,500,84,4.8,8,"Lucky Baby Mummy SG"
https://shopee.sg/2-door-plastic-storage-cabinet-utility-and-multipurpose-cabinet-plastic-wardrobe-i.123616217.1888846707,"2 Door Plastic Storage Cabinet Utility and Multipurpose Cabinet Plastic Wardrobe",313,469,500,84,4.85,7,"my home furnishing pte ltd"
https://shopee.sg/living-mall-orthocoil-12-sleep-sanctuary-ice-cold-fabric-mattress-pocketed-spring-mattress-i.92727875.41407300408,"Living Mall Orthocoil 12"" Sleep Sanctuary Ice-Cold Fabric Mattress Pocketed Spring Mattress",274.2,419,500,84,4.87,9,"Living Mall"
https://shopee.sg/1-2-day-delivery-foldable-sofa-bed-foldable-lazy-sofa-adjustable-foldable-tatami-lazy-chair-chair-r-i.1407964518.25596186504,"【1-2 Day Delivery】Foldable Sofa Bed Foldable Lazy Sofa Adjustable Foldable Tatami Lazy Chair Chair Recliner Sofa Removable Washable",82.8,129,500,84,4.67,9,"JAME.SG"
https://shopee.sg/self-assembly-fast-delivery-sgfurniture-single-metal-bedframe-budget-bed-metal-bedframe-simple-and-i.1251903877.25730450728,"[Self Assembly & Fast Delivery] SgFurniture Single Metal Bedframe / Budget Bed / Metal Bedframe /Simple and Budget Design",65.29,99,500,84,4.61,6,"sgfurniturediy.sg"
https://shopee.sg/latex-mattress-6-9cm-high-density-foam-supports-spine-relieves-back-pain-deep-sleep-single-queen-kin-i.1391751369.55000801907,"Latex Mattress 6/9cm High-Density Foam Supports Spine Relieves Back Pain Deep Sleep Single Queen King",78.03,119,500,83,4.61,9,"Dream Hug.SG"
https://shopee.sg/sg-ready-stock-5-door-wardrobe-storage-i.75757672.11236845362,"SG Ready Stock 5 Door Wardrobe / Storage",500,749,500,82,4.96,8,"furnituresale.sg"
https://shopee.sg/lili-l65cm-3-4-layers-foldable-wardrobe-thickened-clothes-storage-cabinet-bedroom-stackable-magnetic-i.1389128163.24889642893,"LILI L65cm 3/4 Layers Foldable Wardrobe Thickened Clothes Storage Cabinet Bedroom Stackable Magnetic Storage Box",69.96,109,500,82,4.94,9,"LILI Home"
https://shopee.sg/flexidesignx-zoro-nordic-dining-chair-with-120-140-150-180cm-table-4-8pax-walnut-natural-i.179838813.6090485630,"Flexidesignx ZORO Nordic Dining Chair with 120/140/150/180cm Table 4-8pax Walnut Natural",229.53,349,500,82,4.78,9,"Flexidesignx Furnitures"
https://shopee.sg/paxton-l-shaped-fabric-sofa-water-repellent-pet-friendly-option-i.1289604467.28756290101,"Paxton L-Shaped Fabric Sofa (Water Repellent & Pet-Friendly Option)",432.63,649,500,82,4.84,6,"Caler Home Singapore"
https://shopee.sg/living-mall-margy-s-ss-size-solid-rubberwood-bed-frame-plywood-base-pull-out-bed-w-mattress-option-i.92727875.24303863162,"Living Mall Margy S/SS Size Solid Rubberwood Bed Frame Plywood Base/Pull-out Bed w/Mattress Option",146.2,219,500,82,4.69,7,"Living Mall"
https://shopee.sg/free-installation-kenzzo-wooden-single-pull-out-bed-frame-bedframe-single-pull-out-bed-free-delivery-i.99825399.26109665198,"Free Installation🚚🆓KENZZO : Wooden single pull out bed frame 🛏️ | bedframe single/ pull out bed/free delivery/single bed",107.9,169,500,82,4.28,9,"kenzzo.sg"
https://shopee.sg/dreamax-sjodin-bed-frame-on-site-installation-single-size-wood-bed-frame-headboards-i.486967120.11799535751,"DREAMAX SJODIN Bed Frame (On-Site Installation) - Single Size/ Wood bed frame / Headboards",171.84,259,500,82,4.86,9,"DREAMAX"
https://shopee.sg/sg-seller-study-table-with-shelves-computer-desk-office-table-80-100-120-160cm-i.325686736.28571012559,"[SG Seller]Study Table with shelves/Computer Desk/Office Table 80/ 100/ 120/ 160CM",86.9,139,500,81,4.8,6,"EZ Home Living"
https://shopee.sg/living-mall-brann-series-wooden-study-table-in-9-designs-fully-assembly-i.92727875.7541459893,"Living Mall Brann Series Wooden Study Table in 9 Designs. Fully Assembly",91.34,139,500,81,4.52,6,"Living Mall"
https://shopee.sg/free-shipping-free-installation-teck-seng-8-feet-sliding-doors-wardrobe-anti-jump-2-sliding-doors-s-i.397284974.16911476027,"(FREE Shipping & FREE Installation) TECK SENG 8 Feet Sliding Doors Wardrobe / Anti-Jump / 2 Sliding Doors / Spacious 1A",658,989,500,81,4.88,9,"TECK SENG FURNITURE @ SG"
https://shopee.sg/sg-stock-lazy-person-sofa-tatami-folding-seat-bed-backrest-chair-floor-cushion-bedroom-window-child-i.1506202531.27633813356,"（SG STOCK）Lazy person sofa tatami folding seat bed backrest chair floor cushion bedroom window children small sofa chair Tatami Seat  1-2 day delivery",28.5,59,500,81,4.84,9,"Home life.sg"
https://shopee.sg/os-foldable-student-study-table-with-shelf-portable-computer-table-study-desk-writing-desk-i.1286408733.40268470307,"OS【Foldable】Student study table With Shelf Portable Computer Table Study Desk Writing Desk",22.06,49,500,80,4.3,9,"OSUM Official Store"
https://shopee.sg/2-door-wardrobe-cherry-walnut-white-wash-i.75620248.1273967832,"2 Door  Wardrobe Cherry#Walnut#White Wash",148,229,500,80,4.83,8,"F31 Furniture Store"
https://shopee.sg/somnuz-roman-supreme-10-inch-individual-pocketed-spring-mattress-i.154665307.15090423467,"Somnuz Roman Supreme 10 Inch Individual Pocketed Spring Mattress",296.4,449,500,80,4.84,8,"Megafurniture Official Store"
https://shopee.sg/king-koil-world-edition-flair-mattress-only-i.206450009.11505450607,"King Koil World Edition Flair - Mattress Only",980,1469,500,80,4.83,6,"King Koil Official Store"
https://shopee.sg/upgraded-computer-desk-study-table-100cm-120cm-140cm-home-office-pc-desk-thick-steel-frame-writing-i.1014133076.23670813840,"「Upgraded」Computer Desk Study Table 100CM 120CM 140CM Home Office PC Desk Thick Steel Frame Writing Table",52.8,79,500,79,4.48,9,"Furni Urban Mall"
https://shopee.sg/local-stock-120cm-computer-table-with-bookshelf-and-drawer-home-office-desk-study-table-writing-des-i.1286408733.28655031054,"【Local Stock】120CM Computer Table With BookShelf and Drawer Home Office Desk Study Table Writing Desk 书桌",22.06,49,500,79,4.19,9,"OSUM Official Store"
https://shopee.sg/baby-wardrobe-wardrobe-foldable-wardrobe-transparentdouble-door-wardrobe-foldable-storage-cabinet-i.559085948.24461505950,"baby wardrobe  wardrobe Foldable/Wardrobe Transparentdouble door wardrobe foldable storage cabinet",17.18,49,500,79,4.86,9,"ABC Bear Home Storage"
https://shopee.sg/free-installation-foldable-dining-table-set-liz-white-gloss-dining-table-sintered-stone-dining-tabl-i.1333089513.29315793462,"【Free installation】Foldable Dining Table Set Liz White Gloss Dining Table Sintered Stone Dining Table Expandable HDB",388,589,500,79,4.9,9,"U.M HOME"
https://shopee.sg/furnituresg-spinal-relief-10-inches-pocketed-spring-mattress-with-coolmax-fabric-i.9880889.8189582613,"(FurnitureSG) Spinal Relief 10 inches Pocketed Spring Mattress with Coolmax fabric",125.82,189,500,79,4.88,7,"FurnitureSG"
https://shopee.sg/living-mall-ailean-1-2-3-4-seater-sofa-with-stool-in-47-colour-w-petfriendly-scratch-resistant-i.92727875.25888265878,"Living Mall Ailean 1/2/3/4-Seater Sofa with Stool in 47 Colour - w/ PetFriendly Scratch Resistant",432.95,649,500,79,4.96,9,"Living Mall"
https://shopee.sg/bundle-set-muji-rubberwood-highback-reclining-sofa-with-cover-i.257608708.22277704773,"[Bundle Set] MUJI Rubberwood Highback Reclining Sofa with Cover",398,599,500,79,4.84,7,"MUJI Official Store"
https://shopee.sg/living-mall-kate-single-size-metal-bed-frame-with-mattress-i.92727875.14222719573,"Living Mall Kate Single Size Metal Bed Frame with Mattress",73.05,109,500,79,4.74,6,"Living Mall"
https://shopee.sg/free-install-99furniture-storage-bed-frame-with-drawers-queen-bed-frame-with-storage-single-s-singl-i.1054017527.29635809616,"[FREE INSTALL] 99Furniture Storage Bed Frame with Drawers /Queen bed frame with storage Single/S.single/Queen/King size",319,479,500,79,4.75,7,"99 Furniture.SG"
https://shopee.sg/flexidesignx-hemnes-shoe-rack-soft-close-3-door-white-shoe-cabinet-storage-organizer-i.179838813.3644974895,"Flexidesignx HEMNES Shoe Rack Soft Close 3 Door White Shoe Cabinet Storage Organizer",134.8,209,500,78,4.82,6,"Flexidesignx Furnitures"
https://shopee.sg/free-installation-hdb-solid-wood-pair-door-wardrobe-long-skirt-sliding-wardrobe-organizer-i.1436415167.25189879750,"[Free Installation] HDB Solid Wood Pair Door Wardrobe Long Skirt Sliding Wardrobe/Organizer",186.15,279,500,78,4.6,8,"DreamWard.sg"
https://shopee.sg/living-mall-flamingo-foldable-mattress-single-2-3-high-density-foam-removable-washable-cover-i.92727875.25685894411,"Living Mall Flamingo  Foldable Mattress Single 2""/3"" High Density Foam Removable Washable Cover",43.8,69,500,78,4.91,6,"Living Mall"
https://shopee.sg/offer-5-inch-rebond-only-49-9-sgfurniture-5-inch-4-inch-rebond-mattress-single-foam-mattress-random-i.1251903877.29059476774,"[OFFER 5 Inch REBOND ONLY $49.9] SGFurniture 5 Inch 4 Inch Rebond Mattress / Single Foam Mattress (RANDOM COLOR)",15.15,49,500,77,4.84,7,"sgfurniturediy.sg"
https://shopee.sg/furnituresg-king-koil-kid-s-spring-mattress-kids-edition-free-pillow-and-protector-i.9880889.5920133565,"(FurnitureSG) King Koil Kid’s Spring Mattress (Kids Edition) (Free Pillow and Protector)",489,739,500,77,4.86,6,"FurnitureSG"
https://shopee.sg/serene-sg-foldable-single-double-lazy-sofa-bed-suitable-for-living-room-bedroom-balcony-household-i-i.1374659759.41126312470,"🔥Serene.SG🔥 Foldable Single Double Lazy Sofa Bed Suitable For Living Room Bedroom Balcony Household Indoor Leisure Space",136.7,209,500,77,4.75,9,"Serene Furniture Official.sg"
https://shopee.sg/cotton-washable-mattress-protector-pad-cover-single-queen-alas-pelindung-tilam-katil-matress-i.208697370.5946242201,"Cotton Washable Mattress Protector Pad Cover Single Queen Alas Pelindung Tilam Katil Matress 床护垫",6.61,39,500,76,4.85,8,"Nozomic"
https://shopee.sg/yhl-6-7-8-10-11-12-inch-foam-bonnell-pocketed-orthopedic-spring-mattress-free-delivery-i.96886142.12833469032,"YHL 6 / 7 / 8 /10 / 11 /12 Inch Foam / Bonnell  / Pocketed / Orthopedic Spring Mattress (Free Delivery)",119.19,179,500,76,4.95,7,"yongheng206"
https://shopee.sg/living-mall-diomire-uno-10-mattress-full-latex-foam-w-bamboo-charcoal-quilting-all-sizes-i.92727875.29008749536,"Living Mall Diomire UNO 10"" Mattress - Full Latex Foam w/ Bamboo Charcoal Quilting - All Sizes",182.77,279,500,76,4.78,7,"Living Mall"
https://shopee.sg/free-delivery-bone-health-back-rest-10-inch-thick-mattress-sleep-with-dsc3-0-good-for-rental-condo-i.1323514610.27423528282,"[Free Delivery] Bone Health BACK REST 10 inch thick Mattress Sleep with DSC3.0 Good for Rental Condo / Airbnb / Workers",149,229,500,76,4.83,8,"Mattress King SG"
https://shopee.sg/furnituresg-hotel-choice-20cm-pocketed-spring-mattress-single-super-single-queen-king-size-mattress-i.9880889.11426250578,"(FurnitureSG) Hotel Choice 20cm | Pocketed Spring Mattress | Single, Super Single, Queen, King Size Mattress",96.91,149,500,76,4.85,5,"FurnitureSG"
https://shopee.sg/sg-stock-dh-multi-functional-lazy-sofa-5-angle-adjustable-soft-fluffy-floor-seat-for-gaming-reading-i.1391751369.40869117714,"[SG Stock] DH Multi-functional Lazy Sofa 5-Angle Adjustable Soft Fluffy Floor Seat for Gaming Reading",136.4,209,500,76,4.92,9,"Dream Hug.SG"
https://shopee.sg/yogibo-max-multi-purpose-sofa-chair-bed-premium-bean-bag-furniture-for-hdb-condo-living-room-i.767996830.20405268712,"Yogibo Max — Multi-Purpose Sofa Chair Bed | Premium Bean Bag Furniture for HDB Condo Living Room",440,659,500,76,4.88,9,"Yogibo Official Store"
https://shopee.sg/sg-stock-study-table-book-shelf-computer-table-80cm-100cm-120cm-home-office-desk-gaming-table-i.945714133.57956580226,"[SG Stock] Study Table Book Shelf Computer Table 80CM/100CM/120CM Home Office Desk Gaming Table",103.9,159,500,75,4.92,9,"HOMIA Furniture"
https://shopee.sg/folding-table-bedroom-study-table-home-folding-computer-desk-simple-desk-mobile-office-desk-with-whe-i.1435745681.27280672652,"Folding table Bedroom study table Home folding computer desk Simple desk Mobile office desk with wheels",29.88,59,500,75,4.56,9,"Simple .SG"
https://shopee.sg/sg-seller-stackable-space-saving-shoe-storage-rack-simple-plastic-shoes-rack-plastic-shoe-cabinet-i.1189320596.20887426259,"【SG Seller】Stackable Space Saving Shoe Storage Rack Simple Plastic Shoes Rack Plastic Shoe Cabinet鞋子收纳架",9.6,39,500,75,4.89,9,"Daily Supply Mall"
https://shopee.sg/shoe-cabinet-2025-new-spot-shutter-door-mini-shoe-rack-small-apartment-can-store-bamboo-storage-cabi-i.1607919345.51451535173,"Shoe Cabinet 2025 New Spot Shutter Door Mini Shoe Rack Small Apartment Can Store Bamboo Storage Cabinet",33.74,59,500,75,4.71,9,"SG Cozy Space"
https://shopee.sg/jayce-2-door-wardrobe-cabinet-with-extra-3-shelves-i.53927834.1492573318,"**JAYCE 2 Door Wardrobe/Cabinet With Extra 3 shelves",143.1,219,500,75,4.88,7,"LCF Furniture Store"
https://shopee.sg/living-mall-chicago-series-2-3-4-5-door-wardrobe-in-white-whitewash-and-walnut-color-i.92727875.12913656703,"Living Mall Chicago Series 2/3/4/5 Door Wardrobe In White, Whitewash And Walnut Color",142.54,219,500,75,4.12,9,"Living Mall"
https://shopee.sg/jiji-sg-designer-eames-patchwork-replica-chair-wooden-leg-designer-dining-chairs-i.31165845.8666991569,"(JIJI SG) Designer Eames Patchwork Replica Chair Wooden Leg  - Designer Dining Chairs",54.62,89,500,75,4.64,5,"JIJI.SG Official Store"
https://shopee.sg/sg-stock-3-6-layers-foldable-shoe-rack-multifunctional-shoe-storage-foldable-modular-shoe-box-shoe-i.1203540016.25044088309,"[SG STOCK] 3/6/Layers Foldable Shoe Rack Multifunctional Shoe Storage  Foldable Modular Shoe Box Shoe Rack Cabinet",5.66,39,500,74,4.96,9,"NestNook.sg"
https://shopee.sg/sg-stock-plastic-shoes-racks-multi-layer-storage-cabinet-space-saving-diy-stackable-shoe-rack-diy-m-i.998391642.24695064679,"[SG STOCK] Plastic Shoes Racks Multi Layer Storage Cabinet Space Saving DIY Stackable Shoe Rack DIY Multi Tiers Rack",11.8,39,500,74,4.55,6,"Maison Home"
https://shopee.sg/flexidesignx-hemnes-shoe-rack-soft-close-2-door-white-shoe-cabinet-storage-organizer-i.179838813.5444888504,"Flexidesignx HEMNES Shoe Rack Soft Close 2 Door White Shoe Cabinet Storage Organizer",90.6,139,500,74,4.71,7,"Flexidesignx Furnitures"
https://shopee.sg/gr-furniture-5-feet-solid-sliding-door-wardrobe-i.1017791466.26602851550,"GR Furniture 5 Feet Solid Sliding Door Wardrobe",412.7,619,500,74,4.69,9,"GR Furniture"
https://shopee.sg/mattress-topper-quilted-mattress-pad-i.122568948.1871707214,"Mattress Topper – Quilted Mattress Pad",17.96,49,500,74,4.91,2,"sleepcomfie"
https://shopee.sg/single-mattress-budget-budget-single-mattress-budget-i.213832293.28606003327,"SINGLE MATTRESS BUDGET BUDGET SINGLE MATTRESS BUDGET",24.22,49,500,74,4.82,4,"Pink Gallery"
https://shopee.sg/made-in-sg-ready-stock-single-simple-2-3-4-sponge-mattress-random-design-and-colour-i.288617904.10759725922,"[Made in SG, Ready Stock] Single Simple 2"" 3"" 4"" Sponge Mattress Random Design and Colour",11.95,39,500,74,4.81,9,"AB Furniture - Best Mattress In SG"
https://shopee.sg/packone-inflatable-bed-auto-pump-air-bed-king-queen-size-camping-outdoor-mattress-i.976419982.26775522807,"PACKONE Inflatable Bed Auto Pump Air Bed King Queen Size Camping Outdoor Mattress",92.65,139,500,74,4.95,9,"PACKONE.SG"
https://shopee.sg/sea-horse-pvc-leather-sofabed-foldable-sofa-chair-sb56-q-p-model-i.1488803618.41150825733,"SEA HORSE PVC Leather Sofabed Foldable Sofa Chair  SB56-Q-P Model!",136.75,209,500,74,4.86,8,"Sea Horse Mattress"
https://shopee.sg/sg-corner-l-shape-computer-table-carbon-fibre-office-table-study-table-desk-with-shelves-i.945700032.24184522599,"[ SG ]Corner L Shape Computer Table Carbon Fibre Office Table Study Table Desk With Shelves",91.23,139,500,73,4.68,9,"u0u6g5zd9_"
https://shopee.sg/metal-shoe-rack-stainless-steel-mini-shoe-rack-multifunctional-shelves-easy-assemble-shoe-storage-or-i.1306134918.27517970689,"Metal Shoe Rack Stainless Steel mini Shoe Rack Multifunctional Shelves Easy Assemble Shoe Storage Organizer Rack钢鞋架",27.9,59,500,73,4.19,9,"JOJO-HOME"
https://shopee.sg/sg-next-day-delivery-tatami-foldable-mattress-thick-mattress-topper-ready-stocksingle-queen-king-i.1407243419.42201794825,"🥇SG Next Day Delivery🥇Tatami Foldable Mattress Thick Mattress Topper Ready StockSingle/ Queen/King",12.88,39,500,73,4.51,9,"yixis.sg"
https://shopee.sg/free-shipping-recliner-sofa-1-seater-recliner-chair-rocking-chair-nursery-recliner-lazy-sofa-single-i.1236397393.28422007579,"【Free Shipping】Recliner Sofa 1 Seater Recliner Chair Rocking Chair Nursery Recliner Lazy Sofa Single Sofa",299,449,500,73,4.85,9,"R&R Furniture Store"
https://shopee.sg/living-mall-henry-divan-bed-frame-with-foam-padded-headboard-petfriendly-option-all-sizes-i.92727875.25785131029,"Living Mall Henry Divan Bed Frame with Foam Padded Headboard - PetFriendly Option / All Sizes",113.67,179,500,73,4.85,9,"Living Mall"
https://shopee.sg/serene-sg-metal-steel-bed-frame-with-under-bed-storage-suitable-for-hdb-small-space-household-bedro-i.1374659759.42417479725,"🔥Serene.SG🔥 Metal Steel Bed Frame With Under Bed Storage Suitable For HDB Small Space Household Bedroom Daily Rest Use",60.27,99,500,73,4.79,9,"Serene Furniture Official.sg"
https://shopee.sg/living-mall-halen-divan-bed-frame-with-foam-padded-headboard-w-mattress-all-sizes-available-i.92727875.26382555270,"Living Mall Halen Divan Bed Frame with Foam Padded Headboard w/ Mattress - All Sizes Available",295.8,449,500,73,4.95,8,"Living Mall"
https://shopee.sg/yhl-7-inch-high-density-foam-mattress-with-bedframe-available-in-4-sizes-i.96886142.6971798198,"YHL 7 Inch High Density Foam Mattress With Bedframe (Available In 4 Sizes)",203.93,309,500,73,4.89,7,"yongheng206"
https://shopee.sg/lili-sg-desk-computer-table-study-table-desktop-simple-home-student-writing-table-with-drawer-bedro-i.1565985601.41623113539,"【LILI.SG】Desk computer table study table desktop simple home student writing table with drawer bedroom office storage",54.14,89,500,72,4.15,9,"LILI MALL.SG"
https://shopee.sg/life-stow-foldable-shoe-rack-installation-free-shoe-organizer-stainless-steel-multilayer-shoe-storag-i.1741938652.56006523848,"Life Stow|Foldable Shoe Rack Installation Free Shoe Organizer Stainless Steel Multilayer Shoe Storage Rack Space-Saving",28.9,59,500,72,4.85,9,"Life Stow"
https://shopee.sg/living-mall-percie-2-3-door-wardrobe-series-available-in-2-model-designs-i.92727875.25014399934,"Living Mall Percie 2/3-Door Wardrobe Series Available in 2 Model Designs",142.54,219,500,72,4.87,4,"Living Mall"
https://shopee.sg/inflatable-mattress-with-electric-air-pump-outdoor-camping-moisture-proof-bed-foldable-portable-lazy-i.1786236765.50658065454,"Inflatable mattress with electric air pump outdoor camping moisture-proof bed Foldable portable lazy bed Ergonomic air",22.64,49,500,72,4.85,9,"Confidence MALL"
https://shopee.sg/dh-8-inch-pocket-spring-mattress-hilton-hotel-quality-spinal-support-comfortable-sleep-home-bedroom-i.1391751369.41219072261,"DH 8-Inch Pocket Spring Mattress Hilton Hotel Quality Spinal Support Comfortable Sleep Home Bedroom",111.89,169,500,72,4.86,9,"Dream Hug.SG"
https://shopee.sg/clearance-bed-frame-zinus-mira-minimalist-i.255323447.42072382717,"[Clearance] Bed Frame Zinus Mira Minimalist",90.42,139,500,72,4.92,9,"Zinus Singapore Official Store"
https://shopee.sg/customized-nordic-tatami-bed-frame-storage-bed-super-single-bed-frame-queen-frame-king-with-storage-i.1206181647.25571247179,"【Customized】🇸🇬⚡Nordic Tatami Bed Frame Storage Bed Super Single Bed Frame Queen Frame King With Storage With Mattress",210.26,319,500,72,4.73,9,"Monoline Furniture Official Store"
https://shopee.sg/sg-stock-electric-adjustable-height-study-table-smart-gaming-table-adjustable-office-computer-stand-i.127510977.44323916499,"[SG STOCK] Electric Adjustable Height Study Table Smart Gaming Table Adjustable Office Computer Standing Table",104.54,159,500,71,4.82,9,"Universal Homemart"
https://shopee.sg/sg-ready-stock-foldable-shoe-box-free-installation-shoe-cabinet-shoe-rack-acrylic-multi-specificati-i.559094417.44421827929,"【 SG READY STOCK 】 Foldable shoe box free installation shoe cabinet shoe rack acrylic multi specification shoe box",23.5,49,500,71,4.93,9,"Ding Dong home store"
https://shopee.sg/sg-stock-foldable-storage-cabinet-plastic-drawer-cabinet-with-wheels-stackable-storage-box-wardrobe-i.1389128163.51150116251,"SG Stock Foldable Storage Cabinet Plastic Drawer Cabinet With Wheels Stackable Storage Box Wardrobe",20.46,49,500,71,4.8,9,"LILI Home"
https://shopee.sg/free-shipping-free-installation-2-6ft-4ft-5ft-sliding-wardrobe-i.84602591.7708163764,"[Free Shipping Free Installation] 2.6FT/4FT/5FT  SLIDING WARDROBE",317.9,479,500,71,4.9,9,"INNDESIGN"
https://shopee.sg/spinopedic-king-queen-super-single-single-size-mattress-with-spina-support-i.1152771138.41458447612,"Spinopedic King / Queen / Super Single / Single Size Mattress with Spina Support",41,69,500,71,4.65,8,"yxccecai.sg"
https://shopee.sg/muji-spacious-armless-sofa-plain-weave-polyester-assembly-only-provided-for-seller-own-fleet-option-i.257608708.27601809370,"MUJI Spacious Armless Sofa Plain Weave Polyester ( Assembly only provided for seller own fleet option )",898.9,1349,500,71,4.86,7,"MUJI Official Store"
https://shopee.sg/next-day-delivery-shoe-rack-space-saving-metal-for-bto-hdb-upgraded-sturdy-multi-layer-design-i.1709232965.52006369628,"Next Day Delivery Shoe Rack Space-Saving Metal for BTO/HDB | Upgraded Sturdy Multi-Layer Design",6.2,39,100,70,4.8,9,"Yolink Living"
https://shopee.sg/youneed-foldable-shoe-rack-multi-layer-plastic-shoe-racks-space-saving-corner-gap-shoe-storage-organ-i.1430486636.57654744533,"YOUNEED Foldable Shoe Rack Multi-Layer Plastic Shoe Racks Space Saving Corner/Gap Shoe Storage Organizer 鞋架",14.85,39,100,70,4.96,8,"YOUNAI"
https://shopee.sg/elderly-ice-cooling-gel-bed-mattress-pillow-bed-mat-pad-cooling-gel-comfort-sleeping-aid-sleep-i.506029141.21779751542,"elderly ice cooling gel bed mattress Pillow Bed Mat Pad Cooling Gel Comfort Sleeping Aid Sleep",17.9,49,100,70,4.83,8,"ZOBOL ELDERLY CARE SG"
https://shopee.sg/dreamax-algot-bunk-bed-frame-on-site-installation-single-size-powder-coated-steel-frame-bedroom-i.486967120.20507390128,"DREAMAX ALGOT Bunk Bed Frame - (On-Site Installation) Single Size / Powder-coated steel frame / Bedroom",210.24,319,100,70,4.89,4,"DREAMAX"
https://shopee.sg/myseat-sg-apache-v2-solid-wood-study-table-i.79653215.11101489000,"MYSEAT.sg APACHE V2 Solid Wood Study Table",189,289,100,69,4.91,6,"MYSEAT SG Official Store"
https://shopee.sg/luxes-iron-mesh-shoe-rack-multi-tier-shoe-storage-organizer-rack-space-saving-shoe-shelf-shoe-rack-o-i.1181429045.41112383608,"LUXES Iron Mesh Shoe Rack Multi-Tier Shoe Storage Organizer Rack Space Saving Shoe Shelf Shoe Rack Organizer 鞋架",30.66,59,100,69,4.86,9,"Luxes HOME"
https://shopee.sg/forever-premium-10-layer-shoe-rack-hdb-bto-shoe-rack-shoe-cabinet-furniture-narrow-shoe-storage-rac-i.826641584.24621803229,"(FOREVER PREMIUM) 10 Layer Shoe Rack HDB BTO Shoe Rack Shoe Cabinet Furniture Narrow Shoe Storage Rack Saving Space",18.14,49,100,69,4.89,8,"Forever $2"
https://shopee.sg/nordic-square-dining-table-i.68947061.3883957304,"Nordic Square Dining Table",71.64,109,100,69,4.9,8,"LuluFuniture.SG"
https://shopee.sg/9cm-tilam-foldable-matress-kekabu-bed-mattress-topper-tilam-queen-bedding-tatami-i.365040540.4873166212,"9cm Tilam Foldable Matress Kekabu Bed Mattress Topper Tilam Queen Bedding Tatami",23.23,49,100,69,4.87,8,"klhouse.sg"
https://shopee.sg/kaki-sg-single-queen-s-s-king-20cm-thick-spring-mattress-medium-firm-pocket-coil-latex-memory-foam-i.1535261768.25396331009,"【Kaki.SG】Single/Queen/S.S/King 20CM Thick Spring Mattress Medium Firm Pocket Coil Latex Memory Foam Breathable Anti-Mite",136.5,209,100,69,4.81,9,"Home Kaki.sg"
https://shopee.sg/yhl-divan-bedframe-and-6-inch-foam-mattress-promotion-i.96886142.2017572878,"YHL DIVAN BEDFRAME AND 6 INCH FOAM MATTRESS PROMOTION",175.99,269,100,69,4.97,5,"yongheng206"
https://shopee.sg/living-mall-guibon-16-sbd-lift-up-storage-bed-base-bedframe-pet-friendly-option-mattress-option-i.92727875.24632807246,"Living Mall Guibon 16"" SBD Lift Up Storage Bed Base Bedframe - Pet-Friendly Option / Mattress Option",329.05,499,100,69,4.77,9,"Living Mall"
https://shopee.sg/no-assembly-required-foldable-table-computer-desk-study-computer-movable-tables-local-stock-i.496280376.15547201634,"【No Assembly Required】Foldable Table Computer Desk Study Computer Movable Tables/ local Stock",48.8,79,100,68,4.82,8,"Lucky Home SG"
https://shopee.sg/os-minimalist-metal-high-load-bearing-bed-frame-queen-size-single-double-king-apartment-iron-bedstea-i.1286408733.40867078231,"OS Minimalist Metal High Load Bearing Bed Frame Queen Size Single/Double/King Apartment Iron Bedstead",51.17,79,100,68,4.9,9,"OSUM Official Store"
https://shopee.sg/snb-extra-strong-foldable-bed-frame-single-portable-bed-office-bedroom-bed-sleeping-chair-foldable-m-i.1093115257.24863567585,"SNB Extra Strong! Foldable Bed Frame Single Portable Bed Office Bedroom bed Sleeping Chair Foldable Mattres 【SG NDD】",58.11,89,100,68,4.84,9,"SUNNY BIERE OS.sg "
https://shopee.sg/radiant-bamboo-shoe-rack-organizer-with-door-shoe-cabinet-breathable-bamboo-shoe-cabinet-wooden-i.1207024576.43603454090,"⚡RADIANT Bamboo Shoe Rack Organizer With Door Shoe Cabinet Breathable Bamboo Shoe Cabinet Wooden",52.72,79,100,67,4.76,9,"RADIANT RETREAT HOME FURNISHINGS"
https://shopee.sg/flexidesignx-ginny-shoe-rack-3-door-4-tier-shelf-soft-close-door-16-pair-shoes-light-brown-color-i.179838813.7648440474,"Flexidesignx GINNY Shoe Rack 3 Door 4 tier shelf Soft Close Door 16 Pair Shoes Light Brown Color",114.2,179,100,67,4.9,5,"Flexidesignx Furnitures"
https://shopee.sg/120-140cm-home-office-table-student-study-table-writing-desk-computer-table-writing-desk-i.1118934096.24670986890,"120/140CM Home Office Table Student Study Table Writing Desk Computer Table Writing Desk",59.21,89,100,66,4.19,9,"Gfweffc125furniture.sg"
https://shopee.sg/living-mall-gwen-series-4-5-6ft-2-door-sliding-door-wardrobe-in-5-colours-in-3-design-i.92727875.28305153880,"Living Mall Gwen Series 4/5/6FT 2-Door Sliding Door Wardrobe in 5 Colours in 3 Design",254.08,389,100,66,4.67,9,"Living Mall"
https://shopee.sg/living-mall-kenny-series-4ft-8ft-sliding-door-wardrobe-in-2-door-designs-i.92727875.18795224811,"Living Mall Kenny Series 4FT-8FT Sliding Door Wardrobe in 2 Door designs",406.77,619,100,66,4.79,9,"Living Mall"
https://shopee.sg/living-mall-drazie-l-shaped-reclining-sofa-pocketed-spring-coffee-table-in-pet-friendly-options-i.92727875.23885472973,"Living Mall Drazie L-shaped Reclining Sofa Pocketed Spring & Coffee Table in Pet-Friendly Options",661.52,999,100,66,4.55,9,"Living Mall"
https://shopee.sg/snb-sofa-bed-foldable-bed-1-2-seater-single-double-lazy-sofa-recliner-for-living-room-bedroom-balcon-i.1093115257.55800956616,"SNB Sofa Bed Foldable Bed 1-2 Seater Single Double Lazy Sofa Recliner For Living Room/Bedroom/Balcony",113.5,179,100,66,4.53,9,"SUNNY BIERE OS.sg "
https://shopee.sg/tussah-slim-flip-door-storage-cabinet-space-saving-shelf-rack-bedroom-bathroom-kitchen-organizer-i.1652972819.46252328021,"TUSSAH Slim Flip Door Storage Cabinet Space-Saving Shelf Rack Bedroom Bathroom Kitchen Organizer",20.46,49,100,65,4.72,9,"TUSSAH Mall"
https://shopee.sg/sg-ready-stock-wardrobe-with-multiple-shelves-km2002-ww-i.75757672.10932586759,"SG Ready Stock wardrobe with multiple shelves KM2002 (WW)",338,509,100,65,4.95,4,"furnituresale.sg"
https://shopee.sg/charlton-3-door-wardrobe-with-2-drawers-white-dark-walnut-i.53927834.3209143746,"**CHARLTON 3-Door Wardrobe with 2 Drawers (White / Dark Walnut)",196.1,299,100,65,4.75,7,"LCF Furniture Store"
https://shopee.sg/free-shipping-installation-kenzzo-iris-foldable-sofa-bed-2-seater-3-seater-sofa-bed-lazy-sofa-home-l-i.99825399.1617035427,"FREE SHIPPING & INSTALLATION !! 🆓🚚 Kenzzo :Iris foldable sofa bed /2 seater / 3 seater /sofa bed / Lazy Sofa/Home Living",128.03,199,100,65,4.4,9,"kenzzo.sg"
https://shopee.sg/home-mobile-folding-table-bedroom-learning-desk-writing-office-computer-desk-i.704355887.45002975521,"(HOME+) Mobile Folding Table Bedroom Learning Desk Writing Office Computer Desk",28.7,59,100,64,4.64,5,"HOME+SG"
https://shopee.sg/computer-table-desk-office-table-small-table-study-desk-computer-desk-for-home-or-office-use-i.70650596.9667916446,"Computer Table - Desk, Office Table, Small Table, Study Desk, Computer Desk for Home or Office Use",89.9,139,100,64,4.63,9,"Home And Style"
https://shopee.sg/yhl-solid-plywood-45-inch-soft-closing-3-doors-wardrobe-with-without-mirror-i.96886142.20616306449,"YHL Solid Plywood 45 Inch Soft Closing 3 Doors Wardrobe With / Without Mirror",291.46,439,100,64,4.85,5,"yongheng206"
https://shopee.sg/slumberland-anti-dust-mite-mattress-protector-mitesgard-hypoallergenic-asthma-allergy-i.555035948.13823995340,"Slumberland Anti-Dust Mite Mattress Protector | MITESGARD® | Hypoallergenic | Asthma & Allergy",38,69,100,64,4.89,3,"SLUMBERLAND SG"
https://shopee.sg/posture-classic-essential-series-four-star-mattress-medium-firm-8-0-i.471509765.18649500042,"Posture Classic | Essential Series Four Star Mattress | MEDIUM FIRM - 8.0",339,509,100,64,4.9,7,"Four Star Mattress Official Store"
https://shopee.sg/metal-shoe-rack-foldable-shoes-organizer-storage-rack-installation-free-stainless-steel-shoes-rack-n-i.1181429045.57803809833,"Metal Shoe Rack Foldable Shoes Organizer Storage Rack Installation-free Stainless Steel Shoes Rack No Installation鞋架",27.48,59,100,63,4.9,9,"Luxes HOME"
https://shopee.sg/multi-layer-shoes-rack-storage-organizer-space-saving-stackable-shoe-shelf-rak-kasut-i.312965541.44114906122,"Multi Layer Shoes Rack Storage Organizer Space Saving Stackable Shoe Shelf / Rak Kasut",4.13,29,100,63,4.54,7,"mkmk2020.sg"
https://shopee.sg/shoe-slots-space-saver-organizer-adjustable-double-layer-shoe-storage-rack-i.280943903.57109934492,"Shoe Slots Space Saver Organizer – Adjustable Double Layer Shoe Storage Rack",7.61,39,100,63,4.79,5,"SG clearout sales"
https://shopee.sg/sg-seller-single-wardrobe-non-woven-fabric-small-closet-single-assembly-fabric-portable-dormitory-h-i.1479262733.28330406479,"[SG Seller]Single Wardrobe Non-Woven Fabric Small Closet Single Assembly Fabric Portable Dormitory Hanging Wardrobe",4.17,29,100,63,4.86,6,"Nutty Bunny#3"
https://shopee.sg/naturehike-38cm-45cm-air-bed-inflatable-mattress-with-built-in-air-pump-chen-jing-one-touch-inflate-i.969090167.40458617270,"Naturehike 38cm 45cm Air Bed Inflatable Mattress with Built-in Air Pump Chen Jing One Touch Inflate Deflate Camping",115.99,179,100,63,5,9,"campguruos0c.sg"
https://shopee.sg/living-mall-manny-1-2-3-4-seater-sofa-with-stool-storage-cup-holder-w-pet-friendly-option-i.92727875.28427563417,"Living Mall Manny 1/2/3/4-Seater Sofa with Stool Storage & Cup Holder w/ Pet-Friendly Option",667.98,1009,100,63,4.94,9,"Living Mall"
https://shopee.sg/queen-single-metal-bed-frame-bunk-i.250244757.5549349495,"Queen Single Metal Bed Frame. Bunk.",201,309,100,63,4.83,9,"TheGoodFurniture"
https://shopee.sg/living-mall-nivie-fabric-and-leather-storage-bed-frame-sbd-12-in-8-colors-i.92727875.3759004430,"Living Mall Nivie Fabric And Leather Storage Bed Frame SBD 12"" in 8 Colors",274.2,419,100,63,4.6,9,"Living Mall"
https://shopee.sg/sg-foldable-wardrobe-movable-baby-wardrobe-large-capacity-layered-storage-cabinet-transparent-closet-i.1514745495.42903683984,"SG Foldable Wardrobe Movable Baby Wardrobe Large Capacity Layered Storage Cabinet Transparent Closet",38.11,69,100,62,4.69,9,"MEIJU"
https://shopee.sg/modern-plastic-chair-indoor-outdoor-dining-plastic-chair-plastic-chair-black-color-in-dining-i.285811564.9565226997,"Modern Plastic Chair Indoor & Outdoor Dining Plastic Chair Plastic Chair Black Color in Dining",13.34,39,100,62,4.93,5,"livingmaster.sg"
https://shopee.sg/hyggeb-tencel-waterproof-mattress-protector-i.573278702.27750289359,"HyggeB™ Tencel Waterproof Mattress Protector",47.32,79,100,62,4.92,9,"HyggeB Official Store"
https://shopee.sg/steel-shoe-cabinet-with-wheels-multi-layer-shoe-rack-strong-large-dust-proof-display-flip-door-shoe-i.1613885783.43469898857,"Steel Shoe Cabinet with【Wheels】Multi-layer Shoe Rack Strong Large Dust-Proof Display Flip Door Shoe Storage Cabinet 钢制鞋架",30,59,100,61,4.74,9,"Singular Home"
https://shopee.sg/yhl-2-open-door-wardrobe-with-2-drawers-free-installation-i.96886142.26652707600,"YHL 2 Open Door Wardrobe With 2 Drawers (Free Installation)",103.36,159,100,61,4.82,5,"yongheng206"
https://shopee.sg/hypnos-synthetic-latex-mattress-single-super-single-premium-quality-mattress-4-inch-i.1251891701.24086054820,"HYPNOS Synthetic Latex Mattress Single / Super Single Premium Quality Mattress (4''Inch)",94.34,149,100,61,4.75,3,"tqbosshop.sg"
https://shopee.sg/furnituresg-8-inches-pocketed-spring-mattress-singe-super-queen-king-i.9880889.2546102336,"(FurnitureSG) 8 inches Pocketed Spring Mattress Singe/Super/Queen/King",96.91,149,100,61,4.6,4,"FurnitureSG"
https://shopee.sg/buy-3-get-1-free-mattress-tatami-mattress-topper-tatami-protector-antibacterial-anti-mite-high-qual-i.1377639721.29232360128,"(Buy 3 Get 1 Free) Mattress Tatami Mattress Topper Tatami Protector Antibacterial Anti Mite | High Quality Free Delivery",17.94,49,100,61,4.41,9,"chenxueqi01.sg"
https://shopee.sg/dreamax-algot-bed-frame-on-site-installation-single-size-powder-coated-steel-frame-bedroom-i.486967120.14686255869,"DREAMAX ALGOT Bed Frame (On-site Installation) - Single Size / Powder-coated steel frame / Bedroom",114.24,179,100,61,4.92,3,"DREAMAX"
https://shopee.sg/slim-foldable-shoe-rack-space-saving-5-tier-7-tier-doorway-main-door-entrance-shoes-rack-tower-stora-i.58755652.29266221145,"Slim Foldable Shoe Rack Space Saving 5 Tier 7 Tier Doorway Main Door Entrance Shoes Rack Tower Storage Organizer",6.62,39,100,60,4.78,9,"Nested Nooks"
https://shopee.sg/sg-stock-tatami-mattress-topper-foldable-protector-japanese-mattress-4-size-option-i.1377639721.40851424573,"SG Stock TATAMI Mattress Topper Foldable Protector Japanese Mattress (4 Size Option)",37.42,69,100,60,4.72,9,"chenxueqi01.sg"
https://shopee.sg/kids-sofa-chair-seat-child-sofa-children-sofa-lazy-sofa-high-quality-tatami-back-bedroom-small-sofa-i.178783833.22339745905,"kids sofa Chair Seat Child Sofa Children Sofa Lazy Sofa High Quality Tatami Back Bedroom Small Sofa Lovely",29.9,59,100,60,4.69,9,"Zenka"
https://shopee.sg/coco-rectangular-table-workbench-for-bedroom-home-study-writing-desk-minimalist-office-desk-desktop-i.1669432312.53404121791,"COCO Rectangular Table Workbench For Bedroom Home Study Writing Desk Minimalist Office Desk Desktop Computer Table办公桌",57.3,89,100,59,4.34,9,"CONOCO  Store.SG"
https://shopee.sg/smart-ergo-electric-memory-height-adjustable-computer-table-with-drawers-motion-elite-i.795918229.19058293647,"Smart Ergo Electric Memory Height Adjustable Computer Table with drawers ( Motion Elite )",188.02,289,100,59,4.77,9,"Smart Ergo Official Store"
https://shopee.sg/home-foldable-non-installation-shoe-rack-multi-layer-space-saving-household-shoe-cabinet-i.704355887.42257264204,"(HOME+) Foldable Non Installation Shoe Rack Multi-layer Space Saving Household Shoe Cabinet",28.6,59,100,59,4.78,6,"HOME+SG"
https://shopee.sg/sg-ready-stock-6-door-wardrobe-storage-i.75757672.11736838385,"SG Ready Stock 6 Door Wardrobe / Storage*",375,569,100,59,4.95,7,"furnituresale.sg"
https://shopee.sg/furnituresg-classique-spring-mattress-available-in-single-super-single-queen-king-i.9880889.10526243306,"(FurnitureSG) Classique Spring Mattress (Available in Single/Super Single/Queen/King)",69.49,109,100,59,4.76,3,"FurnitureSG"
https://shopee.sg/living-mall-amora-single-and-super-single-pull-out-bed-frame-with-mattress-bundle-in-6-colours-i.92727875.4172167056,"Living Mall Amora Single and Super Single Pull Out Bed Frame with Mattress Bundle in 6 Colours",351,529,100,59,4.79,9,"Living Mall"
https://shopee.sg/s23-tatami-lazy-sofa-with-leg-rest-cozy-tatami-chair-for-bedroom-balcony-and-living-room-washable-co-i.96953349.27923059129,"S23 Tatami Lazy Sofa With Leg Rest/ Cozy Tatami Chair for Bedroom, Balcony, and Living Room/ Washable Cover",86.7,139,100,59,4.97,9,"Lucky Baby Mummy SG"
https://shopee.sg/high-grade-folding-bed-foldable-single-bed-thick-portable-mattress-wide-metal-bed-frame-local-stock-i.496280376.23841338201,"High Grade Folding Bed Foldable Single Bed Thick Portable Mattress Wide Metal Bed Frame/Local Stock",68.8,109,100,59,4.86,9,"Lucky Home SG"
https://shopee.sg/luxe-caela-platform-bed-frame-queen-king-bedroom-modern-i.950497811.23271441493,"Luxe: Caela Platform Bed Frame | Queen & King | Bedroom | Modern",196.9,299,100,59,4.8,7,"Luxe Living"
https://shopee.sg/sg-stock-study-desk-computer-desk-desk-office-desk-home-desk-table-i.1014133076.17798544200,"[SG Stock] Study Desk / Computer Desk / Desk / Office Desk / Home Desk / Table",31.74,59,100,58,4.52,9,"Furni Urban Mall"
https://shopee.sg/lili-sg-white-pegboard-desk-with-bookshelf-computer-table-student-desk-work-table-home-computer-gam-i.1565985601.45602404437,"【LILI.SG】White pegboard desk with bookshelf computer table student desk work table home computer gaming study desk",69.23,109,100,58,4.67,9,"LILI MALL.SG"
https://shopee.sg/free-delivery-study-desk-extendable-dressing-table-office-desk-computer-desk-one-bedroom-home-cream-i.1506202506.29083770115,"【Free Delivery】Study Desk Extendable Dressing Table Office Desk Computer Desk One Bedroom Home Cream Style Single/double Table Modern And Simple Best-seller Table",59.93,89,100,58,4.47,8,"JHTY.SG"
https://shopee.sg/sg-seller-mutra-2-door-3-door-wardrobe-wooden-clothes-cabinet-bedroom-closet-storage-free-installat-i.68947061.12827634117,"🇸🇬SG Seller🇸🇬 MUTRA 2 Door 3 Door Wardrobe Wooden Clothes Cabinet Bedroom Closet Storage Free Installation",192.43,289,100,58,4.88,5,"LuluFuniture.SG"
https://shopee.sg/thick-tatami-mattress-topper-8-to-10cm-thick-i.199659164.3308402560,"Thick Tatami Mattress Topper [8 TO 10CM THICK!]",25.99,59,100,58,4.46,9,"aceliving.com.sg"
https://shopee.sg/byj-latex-mattress-integrated-molding-foldable-imported-from-thailand-thickened-single-mattress-i.1319427839.29708788518,"BYJ Latex Mattress Integrated Molding Foldable Imported From Thailand Thickened Single Mattress",83.52,129,100,58,4.82,9,"iiyttol.sg"
https://shopee.sg/living-mall-parker-series-fabric-divan-bed-frame-in-single-super-single-queen-and-king-size-i.92727875.9589577718,"LIVING MALL Parker Series Fabric Divan Bed Frame In Single, Super Single, Queen, And King Size",146.2,219,100,58,4.76,3,"Living Mall"
https://shopee.sg/single-size-double-deck-metal-bed-frame-bunk-for-siblings-dormitory-tenants-helpers-i.250244757.5534003324,"Single size Double Deck Metal Bed Frame. Bunk. For Siblings Dormitory Tenants Helpers.",122.88,189,100,58,4.91,8,"TheGoodFurniture"
https://shopee.sg/seahorse-foldable-mattress-3-fold-i.189658650.16770408080,"Seahorse Foldable Mattress (3 Fold)",70,109,100,57,4.9,4,"NEW Home Textile"
https://shopee.sg/free-installation-kenzzo-ottawa-luxury-velvet-sofa-3-seater-sofa-2-seater-sofa-sofa-sofa-bench-free-i.99825399.27659765421,"FREE  INSTALLATION 🆓🚚 KENZZO:  Ottawa luxury velvet sofa /3 seater sofa /2 seater sofa /sofa/sofa bench/free delivery",144.82,219,100,57,4.61,9,"kenzzo.sg"
https://shopee.sg/upgraded-study-desk-computer-desk-desk-office-desk-home-desk-table-i.1014133076.18889735615,"「Upgraded」Study Desk / Computer Desk / Desk / Office Desk / Home Desk / Table",35.9,69,100,56,4.66,9,"Furni Urban Mall"
https://shopee.sg/offigo-120cm-100cm-l-shaped-gaming-desk-with-reversible-shelves-for-home-office-i.1598458412.52253966484,"OffiGo 120CM/100CM L-Shaped Gaming Desk with Reversible Shelves for Home Office",57,89,100,56,4.91,5,"OffiGo"
https://shopee.sg/homlly-tonii-stainless-steel-shoe-rack-2-3-4-5-6-tier-i.161745157.3351288842,"Homlly Tonii Stainless Steel Shoe Rack (2/3/4/5/6 Tier)",14.3,39,100,56,4.55,9,"Homlly Official Store"
https://shopee.sg/lili-sg-slim-shoe-cabinet-multi-layer-shoe-rack-storage-cabinet-against-the-wall-space-saving-shoe-i.1565985601.44123407860,"【LILI.SG】Slim shoe cabinet multi-layer shoe rack storage cabinet against the wall Space Saving Shoe Storage Organizer",53.67,89,100,56,4.38,9,"LILI MALL.SG"
https://shopee.sg/living-mall-lacey-series-customizable-modular-wardrobe-up-to-8-door-in-4-colours-i.92727875.18061184997,"Living Mall Lacey Series Customizable Modular Wardrobe up to 8-Door in 4 Colours",203.8,309,100,56,4.67,9,"Living Mall"
https://shopee.sg/livingmall-poland-series-1-2-3-4-5-doors-tall-wardrobe-with-drawers-and-top-cabinet-i.92727875.22438372743,"Livingmall Poland Series 1/2/3/4/5 Doors Tall Wardrobe with Drawers and Top Cabinet",142.54,219,100,56,4.64,9,"Living Mall"
https://shopee.sg/lowest-price-free-delivery-installation-5ft-sliding-door-wardrobe-lea-5875-i.53927834.7141992358,"**Lowest Price* Free Delivery & Installation 5ft. Sliding Door Wardrobe (LEA 5875)",368,559,100,56,4.82,7,"LCF Furniture Store"
https://shopee.sg/foldable-mattress-foladable-mat-tatami-mattress-2-colors-local-stock-i.496280376.11463339782,"Foldable Mattress/Foladable Mat/Tatami Mattress/ 2 colors/Local Stock",46.8,79,100,56,4.83,9,"Lucky Home SG"
https://shopee.sg/dh-latex-mattress-thailand-imported-rubber-dormitory-student-use-home-bedroom-soft-pad-latex-pad-i.1391751369.51404059506,"DH Latex Mattress Thailand-Imported Rubber Dormitory & Student Use Home & Bedroom Soft Pad Latex Pad",143.38,219,100,56,4.73,9,"Dream Hug.SG"
https://shopee.sg/sea-horse-crystal-mattress-12cm-extra-firm-i.235401000.5440914337,"Sea Horse Crystal Mattress 12cm (Extra Firm)",499,749,100,56,4.89,4,"sleeppost_official"
https://shopee.sg/devonne-brown-faux-leather-storage-bed-somnuz-comfy-10-individual-pocketed-spring-mattress-i.154665307.3475401424,"Devonne Brown Faux Leather Storage Bed + Somnuz Comfy 10"" Individual Pocketed Spring Mattress",564,849,100,56,4.86,4,"Megafurniture Official Store"
https://shopee.sg/single-queen-size-spring-mattress-medium-firm-bed-in-box-pocket-coil-hybrid-latex-memory-foam-anti-m-i.1561332513.29988304743,"Single/Queen Size Spring Mattress Medium Firm Bed in Box Pocket Coil Hybrid Latex Memory Foam Anti-Mite Breathable",127.4,199,100,56,4.79,8,"DreamHaus SG"
https://shopee.sg/adult-metal-bunk-bed-frame-90-200cm-heavy-duty-double-decker-space-saving-bed-for-apartment-bedroom-i.414865885.45850804270,"Adult Metal Bunk Bed Frame 90×200cm Heavy Duty Double Decker Space Saving Bed for Apartment Bedroom Dorm Adults",51.64,79,100,56,4.7,9,"Cherl93"
https://shopee.sg/living-mall-mikha-series-5ft-2-door-sliding-door-wardrobe-in-white-wash-or-walnut-in-5-design-i.92727875.28005146606,"Living Mall Mikha Series 5FT 2-Door Sliding Door Wardrobe in White Wash or Walnut in 5 Design",345.51,519,100,55,4.8,9,"Living Mall"
https://shopee.sg/free-shipping-free-installation-teck-seng-8-feet-sliding-doors-wardrobe-anti-jump-2-sliding-doors-s-i.397284974.17020588648,"(FREE Shipping & FREE Installation) TECK SENG 8 Feet Sliding Doors Wardrobe / Anti-Jump / 2 Sliding Doors / Spacious O5B",658,989,100,55,4.84,8,"TECK SENG FURNITURE @ SG"
https://shopee.sg/sg-ready-stock-new-4-door-wardrobe-whitewash-km2002x2-i.75757672.13701408341,"SG Ready Stock New 4 Door Wardrobe (Whitewash) KM2002X2",547,829,100,55,4.98,6,"furnituresale.sg"
https://shopee.sg/dining-table-set-1-4-free-set-dining-table-dining-chair-rectangle-dining-table-g2-304-i.8801197.5453062689,"👍Dining Table Set 1+4(Free 🚚🛠️)SET/Dining Table/Dining Chair/Rectangle Dining Table G2/304",231.26,349,100,55,4.91,9,"Home Factor"
https://shopee.sg/hillcrest-comfylux-fitted-mattress-protector-fits-up-to-45cm-i.195666794.5684720675,"Hillcrest ComfyLux Fitted Mattress Protector - Fits UP TO 45cm",27.9,59,100,55,4.84,7,"INTERO Singapore"
https://shopee.sg/pre-order-getha-sunny-5-kids-mattress-eco-latex-mattress-i.212426596.21083885795,"[PRE-ORDER] Getha Sunny 5 Kids Mattress / Eco-Latex Mattress",426.75,649,100,55,4.96,8,"Getha Singapore Official Store"
https://shopee.sg/snb-lazy-folding-small-sofa-apartment-can-lie-down-and-sleep-single-double-bedroom-rental-room-bedsi-i.1093115257.43111974626,"SNB Lazy Folding Small Sofa Apartment Can Lie Down And Sleep Single Double Bedroom Rental Room Bedside Back Seat【SG NDD】",93.62,149,100,55,4.53,9,"SUNNY BIERE OS.sg "
https://shopee.sg/living-mall-maki-16-depth-storage-bedframe-w-petfriendly-scratch-resist-fabric-option-all-sizes-i.92727875.28209107201,"Living Mall Maki 16"" Depth Storage Bedframe w/ PetFriendly Scratch-resist Fabric Option - All Sizes",274.2,419,100,55,4.78,9,"Living Mall"
https://shopee.sg/luxe-leo-trundle-bed-frame-single-super-single-pull-out-bed-day-bed-i.950497811.20282771508,"Luxe: Leo Trundle Bed Frame | Single & Super Single | Pull Out Bed  | Day bed",357.98,539,100,55,4.84,6,"Luxe Living"
https://shopee.sg/sg-children-study-table-office-table-office-desk-computer-coffee-table-nordic-home-living-i.957702882.22148535569,"【SG】Children Study Table Office Table Office Desk Computer Coffee Table Nordic Home Living",64.9,99,100,54,4.8,9,"Walsid"
https://shopee.sg/sg-ready-kids-study-table-and-chair-kindergarten-primary-school-desk-table-chair-set-i.276903250.11775988862,"(SG Ready)  Kids Study Table and Chair / Kindergarten /Primary School Desk  / Table & Chair Set",69,109,100,54,4.89,9,"preciouz.space"
https://shopee.sg/free-installation-ergonman-standing-desk-electric-height-adjustable-table-single-motor-lifting-tabl-i.459924393.21659047012,"[ Free Installation ] ErgonMan Standing Desk Electric Height Adjustable Table Single Motor Lifting Table for Study Table",269,409,100,54,4.89,6,"ErgonMan"
https://shopee.sg/shoe-rack-bto-hdb-condo-landed-metal-minimalist-design-anti-rust-sturdy-steel-shoe-rack-i.228724492.28106539475,"Shoe Rack BTO HDB Condo Landed Metal Minimalist Design Anti-rust Sturdy Steel Shoe Rack",15.9,49,100,54,4.59,9,"Inspiration Sg"
https://shopee.sg/styf-sg-local-seller-bamboo-wood-shoerack-carbinet-with-door-storage-organiser-shelves-entryway-gril-i.1354739077.27622484235,"STYF【SG Local Seller 】Bamboo Wood ShoeRack Carbinet With Door Storage Organiser Shelves Entryway Grille Breathable Thickened Laminate",80,119,100,54,4.35,9,"S T Y F Furniture✅Home Living✅"
https://shopee.sg/sg-seller-klass-tempered-glass-sliding-wardrobe-bedroom-closet-storage-cabinet-free-delivery-instal-i.68947061.4948895127,"🇸🇬SG Seller🇸🇬 KLASS Tempered Glass Sliding Wardrobe Bedroom Closet Storage Cabinet Free Delivery Installation",852.31,1279,100,54,4.8,8,"LuluFuniture.SG"
https://shopee.sg/foldable-mattress-memory-foam-folding-mattress-single-4-inch-dormitory-floor-mattress-quick-fold-com-i.1391751369.40778933651,"Foldable Mattress Memory Foam Folding Mattress Single 4 Inch Dormitory Floor Mattress Quick Fold Compact Design",54.04,89,100,54,4.41,9,"Dream Hug.SG"
https://shopee.sg/living-mall-amisa-sofa-bed-grey-fabric-foldable-dual-purpose-sofa-i.92727875.24686854989,"Living Mall Amisa Sofa Bed Grey Fabric Foldable Dual Purpose Sofa",91.34,139,100,54,4.61,7,"Living Mall"
https://shopee.sg/sg-seller-twentyone-10-inch-euro-top-spring-mattress-and-leather-bed-frame-i.269227881.6941391522,"[SG Seller] Twentyone 10 Inch Euro top Spring Mattress And Leather Bed Frame",229,349,100,54,4.48,4,"TWENTYONE"
https://shopee.sg/sea-horse-foldable-solid-wood-bed-frame-folding-single-bed-kd-2fold-i.1378659855.26073283012,"SEA HORSE Foldable Solid Wood Bed Frame Folding Single Bed (KD-2FOLD)",81.12,129,100,54,4.91,5,"Sea Horse Sofa"
https://shopee.sg/study-desk-computer-desk-office-desk-desk-with-drawers-i.1014133076.18280822148,"Study Desk / Computer Desk / Office Desk / Desk With Drawers",49.8,79,100,53,4.18,9,"Furni Urban Mall"
https://shopee.sg/furnituresg-2-doors-wooden-wardrobe-i.9880889.5219638544,"(FurnitureSG) 2 Doors Wooden Wardrobe",102.85,159,100,53,4.83,1,"FurnitureSG"
https://shopee.sg/mattress-topper-f-free-high-quality-mattress-protector-mattress-topper-foldable-mattress-tatami-que-i.8801197.15024293183,"👍Mattress Topper F(Free🚚)High quality Mattress Protector Mattress Topper Foldable Mattress Tatami Queen Single King",76.03,119,100,53,4.52,9,"Home Factor"
https://shopee.sg/rabbit-power-foam-mattress-ourhome-mattress-specialist-i.464492149.11827245859,"Rabbit Power Foam Mattress - Ourhome Mattress Specialist",98,149,100,53,4.86,7,"Ourhome Mattress Specialist"
https://shopee.sg/foldable-single-mattress-6cm-no-carry-bag-tilam-bujang-berlipat-tilam-single-single-mattress-foldabl-i.446883775.22880727515,"Foldable Single Mattress 6cm No Carry Bag / Tilam Bujang Berlipat / Tilam Single / Single Mattress Foldable Mattress",38.04,69,100,53,4.86,6,"dreampillowmy.sg"
https://shopee.sg/radiant-changhong-door-wardrobe-simple-multi-layer-bamboo-wardrobe-storage-artifact-fast-delivery-i.1207024576.29137788407,"⚡RADIANT Changhong door wardrobe Simple Multi-layer Bamboo Wardrobe Storage artifact[Fast delivery]衣柜",148.95,229,100,52,4.69,8,"RADIANT RETREAT HOME FURNISHINGS"
https://shopee.sg/eurotex-loft-living-quilted-waterproof-mattress-protector-fitted-fits-up-to-40cm-height-i.195248375.20623566588,"Eurotex, Loft Living Quilted Waterproof Mattress Protector, Fitted, Fits up to 40cm height",17.48,49,100,52,4.94,5,"Eurotex Official Store"
https://shopee.sg/tatami-mattress-foldable-mattress-topper-queen-king-soft-tilam-i.365040540.20555286642,"Tatami Mattress Foldable Mattress Topper Queen/King Soft Tilam",16.71,49,100,52,4.78,9,"klhouse.sg"
https://shopee.sg/bion-pressure-relief-mattress-v450-anti-bedsore-air-mattress-on-hospital-bed-static-mode-alternating-i.23241064.1977043440,"Bion Pressure Relief Mattress V450 | Anti-bedsore Air Mattress on Hospital Bed Static Mode & Alternating Inflation Mode",299,449,100,52,4.9,9,"Bionsg Official Store"
https://shopee.sg/sg-stock-mattress-latex-mattress-thailand-natural-all-in-one-massage-7-5cm-single-foldable-matress-i.1377639721.26365031382,"【SG STOCK】Mattress Latex Mattress Thailand Natural All-in-one Massage 7.5cm Single Foldable Matress",73.31,109,100,52,4.79,9,"chenxueqi01.sg"
https://shopee.sg/single-queen-spring-mattress-bed-in-box-hybrid-pocket-coil-latex-memory-foam-medium-firm-anti-mite-b-i.1561332513.42907184004,"Single/Queen Spring Mattress Bed in Box Hybrid Pocket Coil Latex Memory Foam Medium Firm Anti-Mite Breathable",127.4,199,100,52,4.96,8,"DreamHaus SG"
https://shopee.sg/living-mall-hera-divan-bed-frame-with-foam-padded-headboard-petfriendly-w-mattress-all-sizes-i.92727875.29858727454,"Living Mall Hera Divan Bed Frame with Foam Padded Headboard - PetFriendly  w/ Mattress - All Sizes",109.62,169,100,52,4.69,9,"Living Mall"
https://shopee.sg/trendy-wall-mounted-folding-table-in-sg-foldable-sturdy-for-compact-spaces-i.1286408733.41112298776,"Trendy Wall Mounted Folding Table in SG | Foldable & Sturdy for Compact Spaces",25.08,59,100,51,4.9,9,"OSUM Official Store"
https://shopee.sg/serene-furniture-nordic-folding-table-dining-table-table-simple-house-small-apartment-household-tabl-i.1374659759.42612093765,"Serene Furniture Nordic Folding Table Dining Table Table Simple House Small Apartment Household Table Save Space",36.68,69,100,51,4.69,9,"Serene Furniture Official.sg"
https://shopee.sg/shoe-rack-cabinet-with-plastic-flap-door-classic-durable-minimalist-i.79495367.43106300883,"Shoe Rack Cabinet With Plastic Flap Door Classic Durable Minimalist",15.27,49,100,51,4.69,9,"urbargainhunter"
https://shopee.sg/singapore-instock-julia-iron-bar-chair-high-foot-square-stool-fashion-stool-dining-table-i.127287522.20243610619,"SINGAPORE INSTOCK Julia Iron bar chair high foot square stool fashion stool dining table",27.74,59,100,51,4.94,5,"HomelyPalace"
https://shopee.sg/ezrest-sg-local-brand-25cm-10-pocket-spring-mattress-cooling-comfort-pocket-spring-support-single-q-i.1627279011.40574290942,"🇸🇬 EZREST SG Local Brand🇸🇬  25cm (10”) Pocket Spring Mattress | Cooling Comfort | Pocket Spring Support | Single-Queen",123.84,189,100,51,4.88,5,"bestkoil"
https://shopee.sg/inflatable-sofa-waterproof-portable-outdoor-beach-air-sofa-inflatable-bed-lazy-sofa-bed-sleeping-bed-i.241852516.25156971443,"Inflatable Sofa waterproof Portable Outdoor Beach Air Sofa Inflatable bed Lazy sofa bed sleeping bed 充气 懒人沙发",12.2,39,100,51,4.58,7,"Lingtechnology"
https://shopee.sg/living-mall-vine-3-seater-sofa-bed-high-density-foam-cushion-w-petfriendly-options-i.92727875.27129159579,"Living Mall Vine 3-Seater Sofa Bed High Density Foam Cushion w/ PetFriendly Options",137.05,209,100,51,4.96,9,"Living Mall"
https://shopee.sg/longchamp-le-pliage-energy-handbag-i.450210.49906454735,"Longchamp Le Pliage Energy Handbag",139,209,100,51,5,7,"Marunouchi"
https://shopee.sg/foldable-sofabed-foldable-sofa-foldable-mattress-lazy-folding-bed-i.96953349.1619975348,"Foldable Sofabed / Foldable Sofa / Foldable Mattress/Lazy/Folding/Bed",128,199,100,51,4.82,9,"Lucky Baby Mummy SG"
https://shopee.sg/living-mall-katrina-storage-bed-frame-sbd16-petfriendly-scratch-resist-w-mattress-all-sizes-i.92727875.8291459110,"Living Mall Katrina Storage Bed Frame SBD16 PetFriendly Scratch-Resist - w/ Mattress All Sizes",301.62,459,100,51,4.61,9,"Living Mall"
https://shopee.sg/coco-sg-ergonomic-computer-office-desk-with-storage-shelves-multi-purpose-writing-table-for-home-st-i.1669432312.55704063664,"🔥COCO.SG🔥 Ergonomic Computer Office Desk With Storage Shelves Multi Purpose Writing Table For Home Study Laptop Daily",60.13,99,100,50,4.42,8,"CONOCO  Store.SG"
https://shopee.sg/study-desk-with-drawers-wooden-office-desk-computer-table-storage-table-for-bedroom-living-room-i.1333089525.29981688871,"Study Desk With Drawers Wooden Office Desk Computer Table Storage Table For Bedroom Living Room",77,119,100,50,4.52,7,"TOLSEN SHOP.sg"
https://shopee.sg/upgrade-computer-desk-reinforcement-study-table-notebook-table-office-table-student-study-table-comp-i.1286408733.25132867708,"Upgrade Computer Desk Reinforcement Study Table Notebook Table Office Table Student Study table Computer Table 电脑桌",54.14,89,100,50,3.83,9,"OSUM Official Store"
https://shopee.sg/sg-stock-foldable-thicker-mattress-soft-pad-for-hbd-floor-sleeping-tatami-mattress-dormitory-student-i.1697509275.43327471613,"SG STOCK Foldable Thicker Mattress Soft Pad for HBD Floor Sleeping Tatami Mattress Dormitory Student Single Bed Mattress",38.2,69,100,50,4.26,9,"EASY SMART HOME"
https://shopee.sg/jiji-sg-dreamax-cygnus-8-inch-pocket-spring-mattress-20cm-bed-air-flow-index-i.31165845.14912939326,"JIJI.SG DREAMAX Cygnus 8 Inch Pocket Spring Mattress 20cm Bed Air Flow Index",133.44,209,100,50,4.88,5,"JIJI.SG Official Store"
https://shopee.sg/baby-mattress-tilam-bayi-foam-90cm-x-50cm-random-design-suitable-for-economy-baby-cot-3-in-1-functio-i.446883775.11906115168,"BABY MATTRESS / TILAM BAYI - FOAM [90cm x 50cm]-Random Design- Suitable for ECONOMY Baby Cot (3 in 1 function) Baby Cot Mattress",21.26,49,100,50,4.85,2,"dreampillowmy.sg"
https://shopee.sg/sg-imp-house-children-day-gift-korea-modern-stylish-kids-sofa-chair-with-solid-wood-frame-sturdy-an-i.6890811.4054677586,"[SG] IMP HOUSE Children Day Gift Korea Modern Stylish Kids Sofa Chair with Solid Wood Frame Sturdy and Comfy",59.9,89,100,50,4.76,9,"IMP House Lifestyle"
https://shopee.sg/ready-stock-collapsible-closet-transparent-double-door-closet-storage-living-room-toy-and-snack-sto-i.814796766.22087479413,"【READY STOCK】Collapsible closet Transparent double door closet storage living room toy and snack storage cabinets",17.18,49,0,49,4.8,9,"Love Storage Home"
https://shopee.sg/compressive-8cm-latex-hard-cotton-mattress-bed-topper-premium-compressed-mattress-hard-mattress-i.96953349.25337688780,"Compressive 8cm Latex + Hard Cotton Mattress / Bed Topper / Premium Compressed Mattress / Hard Mattress",42.8,69,0,49,3.9,9,"Lucky Baby Mummy SG"
https://shopee.sg/snb-modern-adjustable-sofa-chair-single-casual-sofa-suitable-for-bedroom-balcony-i.1093115257.40560235374,"SNB Modern Adjustable Sofa Chair Single Casual Sofa Suitable For Bedroom/Balcony",54.57,89,0,49,4.63,9,"SUNNY BIERE OS.sg "
https://shopee.sg/gr-furniture-modern-lookony-leather-divan-bed-frame-only-in-4-sizes-i.1017791466.25482512316,"GR Furniture Modern Lookony Leather Divan Bed Frame Only In 4 Sizes",117.98,179,0,49,4.84,6,"GR Furniture"
https://shopee.sg/free-shipping-l-shaped-computer-table-office-table-e-sport-design-study-desk-home-office-desk-gaming-i.1166087445.28856876040,"Free shipping L Shaped Computer Table Office Table, E-sport Design Study Desk, Home Office Desk, Gaming Table",81.4,129,0,48,4.73,6,"glovosync.furniture.store2.sg"
https://shopee.sg/living-mall-kori-series-single-size-solid-mahogany-wood-bed-frame-w-mattress-option-in-18-designs-i.92727875.8457031727,"Living Mall Kori Series Single Size  Solid Mahogany Wood Bed Frame w/ Mattress Option In 18 Designs",159.9,239,0,48,4.69,9,"Living Mall"
https://shopee.sg/snb-sofa-bed-iron-bed-single-small-apartment-living-room-study-nap-simple-multifunctional-iron-sofa-i.1093115257.42517052694,"SNB Sofa Bed Iron Bed Single Small Apartment Living Room Study Nap Simple Multifunctional Iron Sofa",80.67,129,0,48,4.75,9,"SUNNY BIERE OS.sg "
https://shopee.sg/jiji-sg-dreamax-sjodin-bed-frame-on-site-installation-single-size-wood-bed-frame-headboards-i.31165845.22649781273,"(JIJI.SG) DREAMAX SJODIN Bed Frame (On-Site Installation) - Single Size/ Wood bed frame / Headboards",133.94,209,0,48,4.73,7,"JIJI.SG Official Store"
https://shopee.sg/living-mall-keeva-pull-out-bed-frame-w-drawers-single-ssingle-w-mattress-and-petfriendly-option-i.92727875.29416703042,"Living Mall Keeva Pull-Out Bed Frame w/ Drawers Single/SSingle - w/ Mattress and PetFriendly Option",406.77,619,0,48,4.81,9,"Living Mall"
https://shopee.sg/sg-stock-1-2-day-delivery-electric-height-adjustable-standing-desk-120cm-ergonomic-office-study-tab-i.854304479.20465492687,"[SG Stock] [1-2 Day Delivery] Electric Height Adjustable Standing Desk 120cm Ergonomic Office Study Table 4 Memory Heights",50,79,0,47,4.91,9,"BASISHOME Store"
https://shopee.sg/offigo-127cm-120cm-l-shaped-gaming-desk-corner-computer-table-for-office-i.1598458412.50403971145,"OffiGo 127CM/120CM L Shaped Gaming Desk Corner Computer Table for Office",55.5,89,0,47,4.87,6,"OffiGo"
https://shopee.sg/afh-black-2-4-rattan-woven-flip-door-shoe-cabinet-with-multi-layer-high-capacity-dust-proof-and-brea-i.1613057721.52903150426,"AFH Black 2-4 rattan-woven flip-door shoe cabinet with multi-layer high-capacity dust-proof and breathable entryway rack",53.67,89,0,47,4.4,9,"Verve bamboo.SG"
https://shopee.sg/flexidesignx-hino-dining-room-set-4-6-seater-dinner-set-solid-wood-dining-chair-dining-table-i.179838813.5743458975,"Flexidesignx  HINO Dining Room Set 4/6 Seater/Dinner Set Solid Wood /Dining Chair/Dining Table",375.07,569,0,47,4.85,8,"Flexidesignx Furnitures"
https://shopee.sg/sg-next-day-delivery-outdoor-travel-air-camping-bed-self-inflating-camping-mattress-with-built-in-a-i.946575615.26728871252,"⚡SG Next Day Delivery⚡Outdoor Travel Air Camping Bed Self Inflating Camping Mattress With Built-in Air Pump Single/Queen",58.89,89,0,47,4.94,9,"Ysowks.sg"
https://shopee.sg/foldable-mattress-tatami-mattress-foldable-mattress-nap-bedding-mattress-topper-i.66232769.6741891290,"Foldable Mattress / Tatami Mattress / Foldable Mattress / Nap Bedding MATTRESS TOPPER",29.9,59,0,47,4.74,9,"❤️ Nat's World ❤️"
https://shopee.sg/sea-horse-pinewood-bed-frame-kd07z-n-model-wooden-bed-simple-style-i.83541083.9477013535,"SEA HORSE Pinewood Bed Frame KD07Z-N Model Wooden Bed Simple Style!",126.19,189,0,47,4.77,6,"SEA HORSE "
https://shopee.sg/coco-sg-space-saving-portable-rectangular-foldable-desk-for-office-computer-study-training-learning-i.1669432312.49554090054,"🔥COCO.SG🔥 Space Saving Portable Rectangular Foldable Desk For Office Computer Study Training Learning Household 折叠桌",24,49,0,46,4.39,9,"CONOCO  Store.SG"
https://shopee.sg/nordic-wood-dining-table-100-120-140cm-minimalist-style-combinations-set-4-seaters-6-seaters-i.1286408733.25483356282,"Nordic Wood Dining Table 100/120/140cm Minimalist Style combinations set 4 seaters 6 seaters 餐桌",42.41,69,0,46,4.26,9,"OSUM Official Store"
https://shopee.sg/yayu-foldable-mattress-single-mattress-and-queen-foldable-bed-thickened-sponge-4-fold-8cm-floor-tata-i.958337971.21575778135,"YAYU Foldable Mattress Single Mattress And Queen Foldable Bed Thickened Sponge 4 Fold 8cm Floor Tatami Mattress Sleeping Mat",23.5,49,0,46,4.66,9,"yuande1.sg"
https://shopee.sg/king-koil-ortho-firm-super-mattress-only-i.206450009.7542222093,"King Koil Ortho Firm Super - Mattress Only",899,1349,0,46,4.89,6,"King Koil Official Store"
https://shopee.sg/living-mall-sally-manual-electric-recliner-2-seater-3-seater-sofa-w-petfriendly-fabric-leather-i.92727875.43506182378,"Living Mall Sally Manual/Electric Recliner 2-Seater/3-Seater Sofa - w/ PetFriendly Fabric/Leather",457.05,689,0,46,4.76,9,"Living Mall"
https://shopee.sg/yhl-faux-leather-divan-bed-bedframe-available-in-4-sizes-i.96886142.8111537908,"YHL Faux Leather Divan Bed / Bedframe (Available In  4 Sizes)",92.18,139,0,46,4.7,4,"yongheng206"
https://shopee.sg/lili-sg-computer-table-with-book-shelf-iron-art-computer-desk-desktop-home-study-desk-bookshelf-int-i.1565985601.40613809118,"【LILI.SG】Computer Table with Book Shelf Iron art computer desk desktop home study desk bookshelf integrated table ",54.14,89,0,45,4.69,8,"LILI MALL.SG"
https://shopee.sg/snb-modern-wood-study-table-computer-table-simplicity-office-desk-i.1093115257.28832907678,"SNB Modern Wood Study Table Computer Table Simplicity Office Desk",32,59,0,45,4.33,9,"SUNNY BIERE OS.sg "
https://shopee.sg/foldable-computer-desk-with-wheels-mobile-home-office-table-space-saving-study-writing-desk-for-bedr-i.1200983301.48404674234,"Foldable Computer Desk with Wheels | Mobile Home Office Table | Space Saving Study Writing Desk for Bedroom Student",32,59,0,45,4.64,9,"Koalala.sg"
https://shopee.sg/free-shipping-free-installation-teck-seng-8-feet-sliding-doors-wardrobe-anti-jump-2-sliding-doors-s-i.397284974.17520047235,"(FREE Shipping & FREE Installation) TECK SENG 8 Feet Sliding Doors Wardrobe / Anti-Jump / 2 Sliding Doors / Spacious O2",658,989,0,45,4.87,8,"TECK SENG FURNITURE @ SG"
https://shopee.sg/flexidesignx-paco-nordic-dining-set-4-6-seater-solid-wood-armrest-dining-chair-walnut-beech-i.179838813.22770820268,"Flexidesignx PACO Nordic Dining Set 4 6 Seater Solid Wood Armrest Dining Chair Walnut Beech",406.35,609,0,45,4.93,8,"Flexidesignx Furnitures"
https://shopee.sg/dunlopillo-mattress-protector-mattress-pad-mattress-cover-i.790130121.19519632454," Dunlopillo Mattress Protector / Mattress Pad / Mattress Cover",39,69,0,45,4.85,6,"Dunlopillo Singapore"
https://shopee.sg/dh-memory-foam-mattress-4-inch-pressure-relief-fit-body-curves-comfort-sleep-sg-stock-i.1391751369.49602783570,"DH Memory Foam Mattress 4 Inch Pressure Relief Fit Body Curves Comfort Sleep SG Stock",126.53,189,0,45,4.96,9,"Dream Hug.SG"
https://shopee.sg/sg-stock-automatic-inflatable-air-bed-built-in-pump-extra-thick-ergonomic-camping-mattress-queen-si-i.957247643.27911781367,"【SG Stock】Automatic Inflatable Air Bed Built In Pump Extra Thick Ergonomic Camping Mattress Queen Size Portable",106,159,0,45,4.91,9,"SG Tourist Home"
https://shopee.sg/furnituresg-single-black-metal-bedframe-mattress-plywood-ready-stock-i.9880889.12098971573,"(FurnitureSG) Single Black Metal Bedframe Mattress Plywood Ready Stock",72.9,109,0,45,4.84,6,"FurnitureSG"
https://shopee.sg/algo-shoe-organizer-shoe-rack-with-umbrella-holder-i.119313110.11986395188,"Algo Shoe Organizer Shoe Rack with Umbrella Holder",23.7,49,0,44,4.77,6,"Foh Foh Singapore Official Store"
https://shopee.sg/2-door-swing-door-wardrobe-yw-6510-i.53927834.19054385790,"**2 Door Swing Door Wardrobe (YW-6510)",129,199,0,44,4.7,3,"LCF Furniture Store"
https://shopee.sg/free-shipping-free-installation-teck-seng-8-feet-sliding-doors-wardrobe-anti-jump-2-sliding-doors-s-i.397284974.17820810581,"(FREE Shipping & FREE Installation) TECK SENG 8 Feet Sliding Doors Wardrobe / Anti-Jump / 2 Sliding Doors / Spacious DB1",658,989,0,44,4.89,9,"TECK SENG FURNITURE @ SG"
https://shopee.sg/sea-horse-latex-like-foam-pad-mattress-pad-lat-model-i.83541083.13811519630,"SEA HORSE Latex Like Foam Pad Mattress (PAD-LAT Model)",155,239,0,44,4.84,5,"SEA HORSE "
https://shopee.sg/anju-2-in-1-lazy-sofa-bed-foldable-floor-sofa-soft-corduroy-high-density-crushed-foam-no-installatio-i.1633342652.55904449983,"ANJU 2-in-1 Lazy Sofa Bed Foldable Floor Sofa Soft Corduroy High-Density Crushed Foam No Installation for HDB Condo",130.34,199,0,44,4.77,9,"ANJU Furniture"
https://shopee.sg/free-installation-kenzzo-luxury-leather-sofa-3-seater-sofa-2-seater-sofa-living-room-sofa-leather-so-i.99825399.27509764183,"FREE INSTALLATION ! KENZZO :Luxury leather sofa/3 seater sofa/2 seater sofa /living room sofa/ leather sofa/khalifa sofa",135.68,209,0,44,4.73,9,"kenzzo.sg"
https://shopee.sg/b5-foldable-tatami-lazy-sofa-floor-chair-foldable-chair-cushion-floor-sofa-local-stock-i.496280376.19147090394,"B5 Foldable Tatami Lazy Sofa / Floor Chair/ Foldable Chair / Cushion/ Floor Sofa/Local Stock",49.8,79,0,44,4.94,9,"Lucky Home SG"
https://shopee.sg/lili-sg-bedside-table-movable-lift-computer-table-simple-student-desk-bedroom-dormitory-home-lazy-s-i.1565985601.42574530391,"【LILI.SG】Bedside table movable lift computer table simple student desk bedroom dormitory home lazy simple small table",34.33,59,0,43,4.28,9,"LILI MALL.SG"
https://shopee.sg/jiji-sg-dublin-2-door-wardrobe-with-drawers-pre-assembled-bedroom-furniture-wardrobe-i.31165845.11630644210,"(JIJI SG) DUBLIN 2 Door Wardrobe With Drawers (Pre-Assembled) - Bedroom Furniture / Wardrobe",134.8,209,0,43,4.95,7,"JIJI.SG Official Store"
https://shopee.sg/living-mall-zarzy-1-2-3-seater-reclining-sofa-pocketed-spring-claw-resist-petfriendly-fabric-leather-i.92727875.26805433247,"Living Mall Zarzy 1/2/3-Seater Reclining Sofa Pocketed Spring Claw Resist PetFriendly Fabric/Leather",1088.38,1639,0,43,4.74,9,"Living Mall"
https://shopee.sg/simple-european-wrought-iron-double-bed-frame-thickened-stable-and-noise-free-for-rental-spaces-i.1286408733.41067093103,"Simple European Wrought Iron Double Bed Frame – Thickened, Stable, and Noise-Free for Rental Spaces",92.69,139,0,43,4.95,9,"OSUM Official Store"
https://shopee.sg/yhl-awa-solid-wooden-bedframe-available-size-single-super-single-queen-king-i.96886142.13897309635,"YHL Awa Solid Wooden Bedframe (Available Size : Single / Super Single / Queen / King)",259.35,389,0,43,4.87,4,"yongheng206"
https://shopee.sg/myseat-sg-logan-plus-solid-wood-study-table-white-legs-i.79653215.12813718940,"MYSEAT.sg LOGAN PLUS Solid Wood Study Table - WHITE Legs",109,169,0,42,4.91,7,"MYSEAT SG Official Store"
https://shopee.sg/sg-stock-study-table-with-bookshelf-storage-rack-writing-comprehensive-for-student-adult-simple-off-i.1314697838.29262255308,"【SG STOCK✅】Study Table With Bookshelf Storage Rack Writing Comprehensive For Student/adult Simple Office Modern Computer Desk",113.8,179,0,42,4.71,9,"maiomiaoDE"
https://shopee.sg/cabinet-divider-holder-organizer-storage-rack-adjustable-wardrobe-partition-with-bracket-i.897467421.26622405751,"Cabinet Divider Holder Organizer Storage Rack Adjustable Wardrobe Partition With Bracket",15,39,0,42,4.71,9,"Home Department Store*"
https://shopee.sg/baby-folding-wardrobe-installation-free-children-s-drawer-chest-high-capacity-home-storage-cabinet-i.1389128163.42003945985,"Baby Folding Wardrobe Installation free children's Drawer Chest high-capacity home storage cabinet",38.11,69,0,42,4.9,9,"LILI Home"
https://shopee.sg/living-mall-pablo-series-5-6-8x8ft-2-door-sliding-door-wardrobe-in-white-wash-or-walnut-in-5-design-i.92727875.26405148271,"Living Mall Pablo Series 5/6/8x8FT 2-Door Sliding Door Wardrobe in White Wash or Walnut in 5 Design",558.54,839,0,42,4.71,9,"Living Mall"
https://shopee.sg/free-shipping-free-installation-teck-seng-8-feet-sliding-doors-wardrobe-anti-jump-2-sliding-doors-s-i.397284974.14957306390,"(FREE Shipping & FREE Installation) TECK SENG 8 Feet Sliding Doors Wardrobe / Anti-Jump / 2 Sliding Doors / Spacious 2",658,989,0,42,4.88,8,"TECK SENG FURNITURE @ SG"
https://shopee.sg/dining-table-618-free-wood-dining-table-and-chair-oak-combination-white-table-top-4-people-6-people-i.8801197.15324272907,"👍Dining Table 618(Free🚚🔨) Wood Dining Table and Chair Oak Combination White Table Top 4 People 6 People Family",241.82,369,0,42,4.71,9,"Home Factor"
https://shopee.sg/chesterfield-dining-set-marble-dining-table-gorgeous-dining-set-i.1098057441.24364286340,"Chesterfield Dining Set Marble Dining Table Gorgeous Dining Set",644,969,0,42,5,9,"The One Furnishing"
https://shopee.sg/living-mall-riella-single-super-single-pull-out-bed-frame-with-mattress-i.92727875.13402062442,"Living Mall Riella Single/Super Single Pull Out Bed Frame with Mattress",254.08,389,0,42,4.91,9,"Living Mall"
https://shopee.sg/sg-stock-zero-gravity-recliner-sofa-chair-swivel-rocking-lazy-sofa-bed-single-seat-armchair-electri-i.189531438.28272126493,"【SG Stock】Zero Gravity Recliner Sofa Chair Swivel Rocking Lazy Sofa Bed Single Seat Armchair Electric Living Room",299,449,0,42,4.93,9,"Smart Life"
https://shopee.sg/clancy-storage-bed-frame-water-repellent-pet-friendly-option-i.1289604467.29507695912,"Clancy Storage Bed Frame (Water Repellent & Pet-Friendly Option)",250.23,379,0,42,4.88,7,"Caler Home Singapore"
https://shopee.sg/living-mall-amada-series-queen-size-bed-frame-upholstered-tufted-platform-bed-w-mattress-option-i.92727875.28851881019,"Living Mall Amada Series Queen Size Bed Frame Upholstered Tufted Platform Bed w/ Mattress Option",182.77,279,0,42,4.85,8,"Living Mall"
https://shopee.sg/m018-2021-new-arrival-wooden-shoe-rack-bench-convenient-seat-wearing-local-stock-i.496280376.14555692000,"【M018】2021 New Arrival Wooden Shoe Rack Bench Convenient Seat Wearing/ local Stock",29.8,59,0,41,4.32,9,"Lucky Home SG"
https://shopee.sg/4-door-wardrobe-storage-i.75757672.11434533381,"4 Door Wardrobe / Storage",392,589,0,41,4.83,4,"furnituresale.sg"
https://shopee.sg/free-installation-dining-table-set-light-luxury-foldable-dining-table-sintered-stone-dining-expanda-i.1333089513.27608225695,"【Free Installation】Dining Table Set Light Luxury Foldable Dining Table Sintered Stone Dining Expandable Table",366.9,559,0,41,4.88,8,"U.M HOME"
https://shopee.sg/limited-deal-kenzzo-single-super-single-queen-king-mattress-chiropractic-360-air-ventilation-mattre-i.99825399.29920375169,"(Limited Deal) Kenzzo : (Single/Super Single/Queen/King) Mattress Chiropractic 360º Air Ventilation Mattress/ Lutfy",159.9,239,0,41,4.78,9,"kenzzo.sg"
https://shopee.sg/holten-solid-wooden-bedframe-fm-28lt-i.53927834.1445971690,"**Holten Solid Wooden Bedframe (FM-28LT)",158,239,0,41,4.9,5,"LCF Furniture Store"
https://shopee.sg/living-mall-cristin-sbd-14-depth-storage-bedframe-w-mattress-petfriendly-scratch-resist-all-sizes-i.92727875.28229126836,"Living Mall Cristin SBD 14"" Depth Storage Bedframe w/ Mattress PetFriendly Scratch-resist All Sizes",319.91,479,0,41,4.83,9,"Living Mall"
https://shopee.sg/living-mall-diomire-leather-and-fabric-storage-bed-frame-with-mattress-package-all-sizes-available-i.92727875.22024254148,"Living Mall Diomire Leather And Fabric Storage Bed Frame with Mattress Package. All Sizes Available",381.99,579,0,41,4.86,8,"Living Mall"
https://shopee.sg/2-day-delivery-glovosync-electric-height-adjustable-table-ergonomic-standing-desk-4-memory-height-1-i.1543230813.41103170355,"【2-Day Delivery】GlovoSync Electric Height Adjustable Table Ergonomic Standing Desk 4 Memory Height 120cm Office Study Ta",109.9,169,0,40,4.97,8,"glovosync.furniture.store3.sg"
https://shopee.sg/lili-sg-table-height-adjustable-computer-desk-height-adjustable-gaming-desk-home-study-work-station-i.1565985601.26992167219,"【LILI.SG】Table Height-adjustable computer desk height-adjustable gaming desk home study work station for students office",94.91,149,0,40,4.38,9,"LILI MALL.SG"
https://shopee.sg/electric-height-adjustable-desk-computer-desk-office-desk-ergonomic-standing-desk-study-table-i.1198025285.27023887806,"Electric Height Adjustable Desk Computer Desk | Office Desk | Ergonomic Standing Desk Study Table",148,229,0,40,4.92,9,"Smart home.R&R"
https://shopee.sg/lucky-baby-fitted-sheet-for-cot-playpen-bedside-co-sleeper-mattress-protector-multiple-option-i.951842.6650889654,"Lucky Baby Fitted Sheet For Cot / Playpen / Bedside Co-Sleeper Mattress Protector (Multiple Option)",12.9,39,0,40,4.88,9,"Lucky Baby Official Store"
https://shopee.sg/carman-yellow-3-seater-sofa-special-i.450210.46005978225,"Carman Yellow 3 seater Sofa(Special)",459,689,0,40,4.97,1,"Marunouchi"
https://shopee.sg/kitchenz-modular-sofa-with-combination-hidden-storage-grey-brown-s2990-i.1911420491.44965541156,"KitchenZ Modular Sofa with Combination Hidden Storage - Grey/Brown S2990",236.21,359,0,40,4.67,9,"kitchenz22.sg"
https://shopee.sg/free-installation-kenzzo-swiss-foundation-divan-queen-bed-frame-queen-bed-frame-bed-frame-super-sing-i.99825399.27509645454,"FREE INSTALLATION🆓🚚 KENZZO:Swiss foundation divan queen bed frame/queen bed frame/bed frame super single /king/ bed",123.08,189,0,40,4.22,9,"kenzzo.sg"
https://shopee.sg/yhl-faux-leather-divan-bedframe-with-2-inch-plastic-leg-mattress-not-included-i.96886142.28676132864,"YHL Faux Leather Divan Bedframe With 2 Inch Plastic Leg (Mattress Not Included)",74.13,119,0,40,4.85,7,"yongheng206"
https://shopee.sg/sg-ready-stock-foldable-lift-desk-study-table-space-saving-for-bedroom-dorm-bay-window-adjustable-i.306869927.58109728643,"【SG Ready Stock】  Foldable Lift Desk & Study Table - Space Saving for Bedroom/Dorm/Bay Window | Adjustable",20.5,49,0,39,4.79,9,"INTUD"
https://shopee.sg/afh-bamboo-shoe-cabinet-7-tier-shoe-rack-curved-rattan-doorway-entryway-shoe-cabinet-dustproof-and-b-i.1613057721.47952600872,"AFH Bamboo shoe cabinet 7-tier shoe rack curved rattan doorway entryway shoe cabinet dustproof and breathable Save space",49.89,79,0,39,4.46,9,"Verve bamboo.SG"
https://shopee.sg/65-75cm-adult-foldable-wardrobe-cabinet-drawer-closet-magnetic-door-stackable-deeper-storage-box-org-i.20591056.44409031655,"65/75cm Adult Foldable Wardrobe Cabinet Drawer Closet Magnetic Door Stackable Deeper Storage Box Organizer Clothes Rack",50.88,79,0,39,4.31,9,"BOX PRO"
https://shopee.sg/homiest-sliding-swing-door-wardrobe-in-8-designs-i.408149152.21160721530,"Homiest Sliding/Swing Door Wardrobe in 8 Designs",287,439,0,39,4.72,9,"HomiestLivingSG"
https://shopee.sg/flexidesignx-mitti-solid-wood-dining-table-120-140-150-180cm-walnut-beech-4-8-seater-i.179838813.3843395626,"Flexidesignx MITTI Solid Wood Dining Table 120 140 150 180cm Walnut/Beech 4–8 Seater",139,209,0,39,4.87,9,"Flexidesignx Furnitures"
https://shopee.sg/osum-high-quality-140cm-home-office-table-game-table-wooden-study-table-i.1286408733.24443095899,"OSUM High Quality 140cm Home Office Table Game Table Wooden study table桌子",69.23,109,0,38,4.21,9,"OSUM Official Store"
https://shopee.sg/living-mall-edo-series-study-tables-in-11-designs-i.92727875.3174871098,"Living Mall Edo Series Study Tables In 11 Designs",81.28,129,0,38,4.84,9,"Living Mall"
https://shopee.sg/lili-sg-computer-desk-home-student-desks-rental-house-simple-study-table-bedroom-table-work-small-a-i.1565985601.41310751860,"【LILI.SG】Computer desk home student desks rental house simple study table bedroom table work small apartment makeup desk",31.02,59,0,38,4.61,9,"LILI MALL.SG"
https://shopee.sg/sg-stock-adjustable-height-desk-computer-desk-ergonomic-stand-desk-smart-study-office-multifunctiona-i.1206628417.44426215974,"SG Stock Adjustable Height Desk Computer Desk Ergonomic Stand Desk Smart Study Office Multifunctional Table 135-190cm",113,169,0,38,4.84,9,"The Cocoon Living"
https://shopee.sg/foldable-desk-with-lockable-wheels-mobile-laptop-table-for-bedroom-study-office-portable-computer-st-i.1200983296.43072061422,"Foldable Desk with Lockable Wheels | Mobile Laptop Table for Bedroom, Study & Office | Portable Computer  Study Desk Space Saving 折叠书桌 电脑桌 简易书桌",43.89,69,0,38,4.76,9,"Home Life Store.SG"
https://shopee.sg/free-installation-hdb-solid-wood-pair-door-wardrobe-wardrobe-cabinet-wardrobe-with-drawers-closets-i.1436415167.29535213125,"[Free installation]HDB Solid Wood Pair Door Wardrobe | Wardrobe Cabinet |Wardrobe with Drawers | Closets",525.9,789,0,38,4.76,9,"DreamWard.sg"
https://shopee.sg/sg-ready-stock-3-door-wardrobe-with-removable-shelves-nso-i.75757672.13529018122,"SG Ready Stock 3 Door Wardrobe with Removable Shelves (NSO)",340,509,0,38,4.95,6,"furnituresale.sg"
https://shopee.sg/living-mall-adaline-single-size-metal-wood-bed-frame-with-mattress-i.92727875.13710831472,"Living Mall Adaline Single Size Metal/Wood Bed Frame with Mattress",91.34,139,0,38,4.55,5,"Living Mall"
https://shopee.sg/shopee-sg-favourite-adjustable-sofa-seating-ergonomic-stylish-ready-stock-i.1286408733.27739704689,"Shopee SG Favourite! Adjustable Sofa Seating - Ergonomic & Stylish | Ready Stock🎈",52.72,79,0,38,4.55,9,"OSUM Official Store"
https://shopee.sg/sg-stock-recliner-chair-lazy-sofa-recliner-sofa-single-sofa-adjustable-manual-electric-massage-chai-i.1236397393.44309371820,"【SG Stock】Recliner Chair Lazy Sofa Recliner Sofa Single sofa Adjustable Manual/Electric Massage Chair",287.04,439,0,38,4.63,9,"R&R Furniture Store"
https://shopee.sg/upgraded-study-desk-study-table-with-shelves-study-table-desk-i.1014133076.22770820970,"「Upgraded」Study Desk/Study Table With Shelves/Study Table/Desk",125,189,0,37,4.33,9,"Furni Urban Mall"
https://shopee.sg/free-installation-kenzzo-multifunctional-2-door-5-tier-wardrobe-cupboard-cabinet-2-door-wardrobe-fr-i.99825399.29915484520,"[FREE INSTALLATION] KENZZO : Multifunctional 2 door 5 tier wardrobe/cupboard/cabinet/2 door wardrobe/free delivery",90.38,139,0,37,4.65,9,"kenzzo.sg"
https://shopee.sg/salvo-l65cm-2-4-layers-wardrobe-large-capacity-clothes-storage-hang-cabinet-with-drawer-storage-clot-i.1374621362.27563357569,"Salvo L65cm（2-4 Layers）Wardrobe Large Capacity Clothes Storage Hang Cabinet With Drawer Storage Clothes Cabinet 衣櫃",61.55,99,0,37,4.78,9,"Salvo Home"
https://shopee.sg/free-shipping-free-installation-teck-seng-8-feet-sliding-doors-wardrobe-anti-jump-2-sliding-doors-s-i.397284974.17721394542,"(FREE Shipping & FREE Installation) TECK SENG 8 Feet Sliding Doors Wardrobe / Anti-Jump / 2 Sliding Doors / Spacious DB2",658,989,0,37,4.84,8,"TECK SENG FURNITURE @ SG"
https://shopee.sg/sg-ready-stock-5-door-wardrobe-with-removable-shelves-nso-i.75757672.12829017484,"SG Ready Stock 5 Door Wardrobe with Removable Shelves (NSO)",660,989,0,37,4.92,6,"furnituresale.sg"
https://shopee.sg/portable-metal-bed-frame-single-with-mattress-buy-option-available-i.30336969.519498219,"Portable Metal Bed Frame | Single | With Mattress Buy Option Available",138,209,0,37,4.84,9,"univonna"
https://shopee.sg/customizable-sizes-hdb-loft-iron-bed-frame-double-decker-bed-storage-bed-frame-i.1763891328.53706753797,"【Customizable sizes】HDB Loft iron Bed Frame/Double Decker Bed/Storage Bed Frame",140,209,0,37,4.92,9,"Maison1"
https://shopee.sg/sg-seller-baby-clothes-cabinet-kid-wardrobe-happy-childhood-clothes-shelf-wardrobe-i.497308831.11926122241,"<SG Seller > Baby Clothes Cabinet/Kid Wardrobe Happy Childhood Clothes Shelf Wardrobe",99,149,0,36,4.72,9,"BABYGOGO Official Store"
https://shopee.sg/furnituresg-sintered-stone-dining-table-set-and-dining-chair-i.9880889.22269538549,"(FurnitureSG) Sintered Stone Dining Table Set and Dining Chair",347.33,529,0,36,4.92,9,"FurnitureSG"
https://shopee.sg/snb-nordic-style-solid-wood-fabric-sofa-simple-modern-single-double-sofa-sofa-bed-chair-for-apartmen-i.1093115257.26142368755,"SNB Nordic Style Solid Wood Fabric Sofa Simple Modern Single Double Sofa Sofa Bed Chair For Apartmen",102.46,159,0,36,4.56,9,"SUNNY BIERE OS.sg "
https://shopee.sg/yhl-queen-size-storage-bed-frame-with-euro-top-spring-mattress-i.96886142.6454731610,"YHL Queen Size Storage Bed Frame With Euro Top Spring Mattress",612.72,919,0,36,5,6,"yongheng206"
https://shopee.sg/offigo-100cm-80cm-ergonomic-computer-table-electric-height-adjustable-standing-desk-office-table-i.1598458412.49256316974,"OffiGo 100CM/80CM Ergonomic Computer Table Electric Height Adjustable Standing Desk Office Table",136.8,209,0,35,4.86,9,"OffiGo"
https://shopee.sg/titan-steel-shoe-rack-stainless-steel-pp-4-tier-5-tier-6-tier-easy-assemble-local-seller-i.496280376.14364264465,"【TITAN Steel Shoe Rack】Stainless Steel/ PP / 4 Tier / 5 Tier / 6 Tier / Easy Assemble / Local Seller",8.8,39,0,35,4.64,8,"Lucky Home SG"
https://shopee.sg/hdb-solid-wood-pair-door-wardrobe-wardrobe-cabinet-2-3-4-5-6-door-wardrobe-i.1436415167.24142553092,"HDB Solid Wood Pair Door Wardrobe | Wardrobe Cabinet | 2/3/4/5/6 Door Wardrobe",126.5,189,0,35,4.89,9,"DreamWard.sg"
https://shopee.sg/flexidesignx-mamu-rattan-dining-set-armrest-chair-solid-wood-150cm-180cm-table-beech-walnut-i.179838813.29452380969,"Flexidesignx MAMU Rattan Dining Set Armrest Chair Solid Wood 150cm 180cm Table Beech Walnut",178.2,269,0,35,4.94,9,"Flexidesignx Furnitures"
https://shopee.sg/free-installation-french-travertine-slate-dining-table-rectangular-oval-home-dining-table-and-chair-i.1506202506.28186349935,"【Free Installation】French Travertine Slate Dining Table Rectangular/oval Home Dining Table And Chair Combination Small Apartment  JHTY",286.66,429,0,35,4.82,9,"JHTY.SG"
https://shopee.sg/1-2-day-delivery-rocking-chair-adjustable-backrest-lounger-sofa-lazy-sofa-reclinable-and-sleepable-i.1516164632.42956485662,"（1-2 DAY Delivery） Rocking Chair Adjustable Backrest Lounger Sofa Lazy Sofa Reclinable And Sleepable Single Chair Sofa Lazy Single Rocking Balcony Chair",109.9,169,0,35,4.57,9,"Fineseek furniture.sg"
https://shopee.sg/space-sofa-cabin-first-class-single-sofa-chair-for-lazy-people-leather-art-home-nap-lounge-chair-i.1236456767.29661426977,"Space sofa cabin first-class single sofa chair for lazy people, leather art home nap lounge chair",227.81,349,0,35,4.91,9,"YKPreferredChair.sg"
https://shopee.sg/luxe-luna-trundle-bed-frame-single-super-single-pull-out-bed-day-bed-i.950497811.22976360112,"Luxe: Luna Trundle Bed Frame |  Single & Super Single | Pull Out Bed | Day Bed",372.9,559,0,35,4.89,5,"Luxe Living"
https://shopee.sg/home-desktop-computer-desk-office-desk-study-desk-with-bookshelf-i.704355887.40122381021,"(HOME+) Desktop Computer Desk Office Desk Study Desk With Bookshelf",38.2,69,0,34,4.38,5,"HOME+SG"
https://shopee.sg/snb-l-shaped-corner-desk-office-table-computer-desk-workstation-study-table-writing-desk-home-modern-i.1093115257.26380825091,"SNB L-shaped Corner Desk Office Table Computer Desk Workstation Study Table Writing Desk Home Modern",150,229,0,34,3.41,9,"SUNNY BIERE OS.sg "
https://shopee.sg/free-installation-smart-desk-ergonomic-standing-desk-electric-height-adjustable-pc-gaming-study-tab-i.1130989140.51502199463,"【Free installation】Smart Desk Ergonomic Standing Desk Electric Height Adjustable PC Gaming Study Table Computer Desk4013",130.46,199,0,34,4.82,9,"Discus Life"
https://shopee.sg/afh-foldable-table-foldable-table-study-table-computer-desk-bed-dormitory-premium-bamboo-no-installa-i.1613057721.52753930642,"AFH Foldable Table / Foldable Table Study Table / Computer Desk Bed / Dormitory Premium Bamboo No Installation",25.36,59,0,34,4.74,9,"Verve bamboo.SG"
https://shopee.sg/living-mall-selah-series-2-door-sliding-door-wardrobe-i.92727875.18960900924,"Living Mall Selah Series 2-Door Sliding Door Wardrobe",254.08,389,0,34,4.46,9,"Living Mall"
https://shopee.sg/sg-seller-single-size-metal-bedframe-free-delivery-installation-i.94185530.1980152927,"[SG Seller] SINGLE SIZE METAL BEDFRAME (FREE DELIVERY+INSTALLATION)",99,149,0,34,4.26,5,"Furniture Specialist"
https://shopee.sg/snb-bay-window-table-writing-study-table-bed-table-in-the-dormitory-laptop-table-home-dormitory-mini-i.1093115257.50251539318,"SNB Bay Window Table Writing Study Table Bed Table In The Dormitory  Laptop Table Home Dormitory Mini Makeup 桌子",27.1,59,0,33,4.85,9,"SUNNY BIERE OS.sg "
https://shopee.sg/study-desk-adjustable-solid-wood-dual-motor-intelligent-computer-desk-office-learning-desk-i.1495444395.27483294913,"Study Desk Adjustable Solid Wood Dual Motor Intelligent Computer Desk Office Learning Desk",129.27,199,0,33,4.94,9,"meineee3.sg"
https://shopee.sg/2-door-metal-wardrobe-cabinet-lea-i.53927834.8773259668,"**2 door metal wardrobe/cabinet (LEA)",239,359,0,33,4.85,2,"LCF Furniture Store"
https://shopee.sg/salvo-45-65cm-bathroom-cabinet-bathroom-rack-foldable-storage-cabinet-with-wheels-bathroom-organiser-i.1374621362.40879105896,"Salvo 45-65CM Bathroom Cabinet Bathroom Rack Foldable Storage Cabinet With Wheels Bathroom Organiser",10.18,39,0,33,4.88,7,"Salvo Home"
https://shopee.sg/free-shipping-installation-kenzzo-2-door-4-door-wooden-wardrobe-adjustable-shelves-shoe-rack-i.99825399.29009618759,"FREE SHIPPING & INSTALLATION🆓🚚  KENZZO :  2 Door / 4 Door Wooden Wardrobe /Adjustable shelves/Shoe rack",83.68,129,0,33,4.55,9,"kenzzo.sg"
https://shopee.sg/sg-stock-inflatable-air-bed-mattress-built-in-integrated-cordless-pump-thick-camping-super-single-q-i.1520151629.29187928651,"[SG Stock] Inflatable Air Bed Mattress Built In Integrated Cordless Pump Thick Camping Super Single Queen",51.62,79,0,33,4.85,7,"SURMOUNT   STORE"
https://shopee.sg/breathable-bed-mattress-sore-bed-pressure-sore-prevention-mattress-medical-sore-bed-for-elderly-i.506029141.27676034572,"Breathable bed mattress sore bed pressure sore prevention mattress medical sore bed for elderly",29.9,59,0,33,4.82,8,"ZOBOL ELDERLY CARE SG"
https://shopee.sg/free-installation-kenzzo-victoria-luxury-sofa-pvc-classic-leather-fabric-sofa-3-seater-2-seater-pvc-i.99825399.26159758433,"FREE INSTALLATION🆓🚚KENZZO :Victoria Luxury Sofa PVC CLASSIC LEATHER & FABRIC /Sofa 3 Seater/2 Seater/PVC Sofa",153.87,239,0,33,4.67,8,"kenzzo.sg"
https://shopee.sg/living-mall-hilson-single-bed-frame-with-pull-out-bed-add-on-mattress-available-i.92727875.16284444903,"Living Mall Hilson Single Bed Frame with Pull Out Bed. Add On Mattress Available.",274.2,419,0,33,4.74,7,"Living Mall"
https://shopee.sg/glovosync-electric-height-adjustable-table-ergonomic-standing-desk-4-memory-height-120cm-office-stud-i.1543230813.41801779073,"GlovoSync Electric Height Adjustable Table Ergonomic Standing Desk 4 Memory Height 120cm Office Study Table Desk",119,179,0,32,4.78,9,"glovosync.furniture.store3.sg"
https://shopee.sg/flexidesignx-nikki-open-hanging-wardrobe-with-4-tier-shelves-clothes-closet-organizer-i.179838813.6378836373,"Flexidesignx NIKKI Open Hanging Wardrobe with 4 Tier Shelves Clothes Closet Organizer",130.7,199,0,32,5,4,"Flexidesignx Furnitures"
https://shopee.sg/living-mall-ken-solid-wood-dining-set-table-with-chair-and-bench-available-in-2-colours-i.92727875.18515060847,"Living Mall KEN Solid Wood Dining Set Table with Chair and Bench - Available in 2 Colours",314.1,479,0,32,4.63,8,"Living Mall"
https://shopee.sg/rossmax-pressure-relief-mattress-am40-reduce-risk-of-pressure-sore-ulcers-low-noise-i.23241064.6904559161,"Rossmax Pressure Relief Mattress AM40 | Reduce Risk of Pressure Sore Ulcers Low Noise",199.9,299,0,32,4.97,9,"Bionsg Official Store"
https://shopee.sg/snb-sofa-bed-hdb-foldable-sofa-bed-with-storage-folding-multifunctional-bolster-washable-sg-ndd-sing-i.1093115257.47359076186,"SNB Sofa Bed HDB Foldable Sofa Bed With Storage Folding Multifunctional Bolster Washable【SG NDD】Singapore Spot",70,109,0,32,4.56,9,"SUNNY BIERE OS.sg "
https://shopee.sg/ship-in-24h-upgraded-version-compression-sofa-washable-module-sofa-foldable-pet-friendly-sofa-bed-f-i.1695797111.53853114247,"【SHIP IN 24H】【Upgraded Version】Compression Sofa Washable Module Sofa Foldable Pet Friendly Sofa Bed For 2~4 Seaters",327,499,0,32,4.94,9,"Trikingsofa.sg"
https://shopee.sg/with-filling-bean-bag-s-m-l-bean-bag-sofa-stylish-bedroom-furniture-solid-color-single-bag-lazy-sofa-i.538670383.25222448558,"With filling bean bag S/M/L bean bag sofa Stylish Bedroom Furniture Solid Color Single Bag Lazy Sofa Cover bean",9.01,39,0,32,4.76,9,"littlequeenzr8.sg"
https://shopee.sg/jiji-sg-zermat-platform-metal-bed-frame-self-installation-steel-bed-frame-single-sg-i.31165845.42015582831,"(JIJI.SG) ZERMAT Platform Metal Bed Frame (Self-Installation) / Steel Bed Frame / Single / SG",53.56,89,0,32,4.91,9,"JIJI.SG Official Store"
https://shopee.sg/offigo-120cm-l-shaped-corner-desk-with-4-drawers-reversible-computer-desk-for-home-office-i.1598458412.55553976043,"OffiGo 120CM L Shaped Corner Desk with 4 Drawers Reversible Computer Desk for Home Office",66.5,99,0,31,4.9,7,"OffiGo"
https://shopee.sg/lili-sg-foldable-table-movable-sofa-side-table-computer-bed-study-desk-home-bedroom-girls-bedside-t-i.1565985601.43175309787,"【LILI.SG】Foldable table movable sofa side table computer bed study desk home bedroom girls bedside table",34.33,59,0,31,4.58,9,"LILI MALL.SG"
https://shopee.sg/sg-stock-algo-wide-double-shoe-rack-with-umbrella-holder-i.119313110.15350453044,"[SG Stock] Algo Wide Double Shoe Rack with Umbrella Holder",26.16,59,0,31,4.45,3,"Foh Foh Singapore Official Store"
https://shopee.sg/furnituresg-1-door-wooden-wardrobe-i.9880889.4919638417,"(FurnitureSG) 1 Door Wooden wardrobe",90.5,139,0,31,4.94,1,"FurnitureSG"
https://shopee.sg/moozzz-damon-table-chairs-1-4-dining-set-i.154892296.24305246199,"mooZzz Damon Table + Chairs (1 + 4 Dining Set)",209,319,0,31,4.94,7,"mooZzz Official Store"
https://shopee.sg/caq-dining-table-rock-slab-creamy-style-modern-and-simple-small-household-layout-island-table-integr-i.1377639678.29414597736,"CAQ Dining Table Rock Slab  Creamy Style, Modern And Simple Small Household Layout, Island Table, Integrated Oval Dining Table And Chair Combination",195.58,299,0,31,4.84,9,"Blissful.sg"
https://shopee.sg/nordic-round-dining-table-set-2-1-i.68947061.7785334470,"NORDIC Round Dining Table Set (2+1)",138.19,209,0,31,4.9,6,"LuluFuniture.SG"
https://shopee.sg/posture-guard-essential-series-four-star-mattress-medium-firm-8-0-i.471509765.15493244515,"Posture Guard | Essential Series Four Star Mattress | MEDIUM FIRM - 8.0",539,809,0,31,4.87,7,"Four Star Mattress Official Store"
https://shopee.sg/jarrons-co-happy-cot-4-high-density-anti-dust-mite-foam-oval-mattress-121cm-x-66cm-i.45380955.19955843498,"[Jarrons & Co] Happy Cot 4"" High Density Anti-Dust Mite Foam Oval Mattress (121cm x 66cm)",89,139,0,31,5,9,"Jarrons & Co Official Store"
https://shopee.sg/serene-furniture-fabric-sofa-simple-modern-solid-wood-sofa-bed-nordic-sofas-are-suitable-for-hdb-sma-i.1374659759.44122140252,"Serene Furniture Fabric Sofa Simple Modern Solid Wood Sofa Bed Nordic Sofas Are Suitable For HDB Small Rental Apartments",149.6,229,0,31,4.65,9,"Serene Furniture Official.sg"
https://shopee.sg/cozylant-crystal-fabric-sofa-3-seater-sofa-2-seater-white-grey-blue-pet-friendly-sofa-i.1010515154.20080988950,"Cozylant Crystal Fabric Sofa / 3 Seater Sofa / 2 Seater / White Grey Blue / Pet Friendly Sofa",290.71,439,0,31,4.97,9,"Cozylant Official Store"
https://shopee.sg/l-shape-bean-bag-with-filling-bean-breathable-fabric-lounger-lazy-sofa-cozy-couches-floor-chair-bean-i.1292605474.29337304804,"L-Shape Bean Bag with FILLING BEAN  Breathable Fabric Lounger Lazy Sofa Cozy Couches Floor Chair Bean Bag Furniture  （My ready stock）",8.38,39,0,31,4.81,9,"littlequeenz.sg"
https://shopee.sg/italian-minimalist-sofa-set-2-seater-3-seater-4-seater-in-pet-friendly-scratch-and-water-proof-fabr-i.1206181647.24076871439,"🇸🇬⚡Italian Minimalist Sofa Set 2 Seater 3 Seater 4 Seater In Pet Friendly Scratch And Water Proof Fabric Couch Sofa Set Living Room Recliner Sofa",237.16,359,0,31,4.45,9,"Monoline Furniture Official Store"
https://shopee.sg/luxe-carmen-single-super-single-trundle-bed-frame-pull-out-bed-modern-day-bed-super-single-i.950497811.23884611090,"Luxe: Carmen Single / Super Single Trundle Bed Frame | Pull Out Bed | Modern | Day Bed | Super Single",229.9,349,0,31,4.94,6,"Luxe Living"
https://shopee.sg/zayvi-full-fabric-bed-frame-divan-bed-12-colours-all-sizes-available-free-delivery-and-installation-i.84602591.7319295635,"Zayvi Full Fabric Bed Frame / Divan Bed (12 Colours) (All Sizes Available) (Free Delivery and Installation)",208,319,0,31,4.9,3,"INNDESIGN"
https://shopee.sg/afh-louvered-door-shoe-cabinet-4-doors-7-8-layers-multi-layer-dormitory-storage-large-capacity-shoe-i.1613057721.53703160652,"AFH  Louvered Door Shoe Cabinet, 4 Doors, 7-8 Layers, Multi-Layer Dormitory Storage, Large Capacity Shoe Rack",52.72,79,0,30,4.7,9,"Verve bamboo.SG"
https://shopee.sg/free-shipping-free-installation-teck-seng-8-feet-sliding-doors-wardrobe-anti-jump-2-sliding-doors-s-i.397284974.17312763573,"(FREE Shipping & FREE Installation) TECK SENG 8 Feet Sliding Doors Wardrobe / Anti-Jump / 2 Sliding Doors / Spacious 5A",658,989,0,30,4.87,8,"TECK SENG FURNITURE @ SG"
https://shopee.sg/sg-ready-stock-8-door-wardrobe-storage-with-top-cabinet-i.75757672.11834534117,"SG Ready Stock 8 Door Wardrobe / Storage with Top Cabinet",492,739,0,30,4.97,8,"furnituresale.sg"
https://shopee.sg/free-installation-dining-table-scratch-resistant-high-temperature-marble-square-table-rock-slab-din-i.1366405763.29316603073,"🇸🇬⚡【Free Installation】Dining Table Scratch Resistant High Temperature Marble Square Table Rock Slab Dining Table Set",655.33,989,0,30,4.63,9,"REBORN furniture.SG"
https://shopee.sg/foldable-dining-table-set-wooden-chair-space-saving-portable-stable-desk-stool-computer-tables-small-i.5354812.23438521401,"Foldable Dining Table Set Wooden Chair Space Saving Portable Stable Desk Stool Computer Tables Small Apartment Storage",12.9,39,0,30,4.71,9,"Ology Warehouse"
https://shopee.sg/dining-table-solid-wood-rock-board-black-walnut-log-french-american-high-end-italian-simple-dining-t-i.1506202506.29936344763,"Dining Table Solid Wood Rock Board Black / Walnut / Log French American High-end Italian Simple Dining Table And Chair Combination  JHTY",301.98,459,0,30,4.93,9,"JHTY.SG"
https://shopee.sg/dining-table-and-chair-combination-light-luxury-modern-simple-beige-style-dining-table-oval-slate-di-i.1408065526.24341074788,"Dining Table And Chair Combination Light Luxury Modern Simple Beige Style Dining Table Oval Slate Dining Table Small Apartment Home（HCC）",83.85,129,0,30,4.6,9,"Home Collection"
https://shopee.sg/foldable-mattress-foldable-foam-mattress-single-4-inch-kids-floor-mattress-skin-friendly-odour-free-i.1391751369.54100741187,"Foldable Mattress Foldable Foam Mattress Single 4 Inch Kids Floor Mattress Skin Friendly Odour Free Easy Clean",66.14,99,0,30,4.53,9,"Dream Hug.SG"
https://shopee.sg/sea-horse-2-foldable-solid-wood-bed-frame-folding-single-size-bed-kd-2fold-model-i.1488803618.41700845352,"SEA HORSE 2-Foldable Solid Wood Bed Frame Folding Single Size Bed KD-2FOLD Model",81.12,129,0,30,4.87,5,"Sea Horse Mattress"
https://shopee.sg/pu-leather-divan-bed-frame-u192-color-choice-single-super-single-queen-king-size-i.30336969.2231314979,"PU Leather Divan Bed Frame U192 - Color Choice - Single - Super Single - Queen - King size",245,369,0,30,5,6,"univonna"
https://shopee.sg/furnituresg-storage-bed-frame-single-super-queen-king-12-pvc-brown-ready-stock-i.9880889.21164769222,"(FurnitureSG) Storage Bed Frame Single Super Queen King *12"" PVC Brown Ready stock*",300.8,459,0,30,4.87,2,"FurnitureSG"
https://shopee.sg/reb-iron-loft-bed-customizable-sizes-loft-thicken-double-decker-organizational-storage-iron-bed-fram-i.1366405763.24486997487,"REB Iron Loft Bed 【Customizable sizes】Loft Thicken Double Decker Organizational Storage iron Bed Frame",559.86,839,0,30,4.6,9,"REBORN furniture.SG"
https://shopee.sg/wardrobe-choice-of-colour-add-on-drawer-mirror-free-shipping-open-door-wardrobe-i.75620248.1273967850,"Wardrobe|Choice of Colour|add on drawer|Mirror|Free Shipping|Open door! #wardrobe",88,139,0,29,4.83,9,"F31 Furniture Store"
https://shopee.sg/ssr-wardrobe-modern-and-minimalist-economical-sliding-small-unit-solid-wood-cabinet-for-rental-use-2-i.1314697887.27466271543,"Ssr Wardrobe Modern And Minimalist Economical Sliding Small Unit Solid Wood Cabinet For Rental Use 25 New",178.49,269,0,29,5,9,"HUhuhh.sg"
https://shopee.sg/ssr-sliding-door-wardrobe-white-wardrobe-modular-wardrobe-with-mirror-nordic-5ft-6ft-27-new-i.1314697887.27366271626,"Ssr Sliding Door Wardrobe White Wardrobe Modular Wardrobe With Mirror Nordic 5ft 6ft 27 New",359.92,539,0,29,5,9,"HUhuhh.sg"
https://shopee.sg/maxcoil-super-foam-2-3-4-foldable-mattress-i.326552380.10022259261,"MaxCoil Super Foam 2''/3''/4'' Foldable Mattress",149,229,0,29,5,4,"Catnap Lair"
https://shopee.sg/kids-sofa-chair-seat-child-sofa-children-sofa-lazy-sofa-high-quality-tatami-back-bedroom-small-sofa-i.66232769.22568572569,"kids sofa Chair Seat Child Sofa Children Sofa Lazy Sofa High Quality Tatami Back Bedroom Small Sofa",19.99,49,0,29,4.76,9,"❤️ Nat's World ❤️"
https://shopee.sg/free-shipping-electric-manual-adjustable-recliner-sofa-recliner-chair-single-sofa-chair-massage-cha-i.190939271.26026964058,"[Free Shipping] Electric/Manual Adjustable Recliner Sofa Recliner Chair Single Sofa Chair Massage Chair",299,449,0,29,4.97,9,"OlaMall"
https://shopee.sg/hdb-foldable-sofa-bed-2-seater-3-seater-4-seater-couch-multi-functional-lazy-sofa-bed-living-room-f-i.1206181647.25676320590,"🇸🇬⚡HDB Foldable Sofa Bed 2 Seater 3 Seater 4 Seater Couch Multi-Functional Lazy Sofa Bed Living Room Folding Bed Apartment Simple Sofa Chair Fabric Tech Leather",134.29,209,0,29,4.41,9,"Monoline Furniture Official Store"
https://shopee.sg/living-mall-lanca-3-seater-sofa-bed-high-density-comfortable-with-petfriendly-options-in-20-colours-i.92727875.25393714743,"Living Mall Lanca 3-Seater Sofa Bed High Density Comfortable with PetFriendly Options in 20 Colours",429.62,649,0,29,4.59,8,"Living Mall"
https://shopee.sg/furnituresg-8-inches-divan-and-2-inches-legs-rounded-corner-divan-bed-frame-single-super-single-que-i.9880889.22045321530,"(FurnitureSG) (8 inches divan and 2 inches legs) Rounded Corner Divan Bed Frame- Single, Super Single, Queen, King",100.48,159,0,29,4.97,7,"FurnitureSG"
https://shopee.sg/flexidesignx-dumee-metal-bed-frame-queen-single-steel-frame-white-black-adult-bed-i.179838813.8337212212,"Flexidesignx DUMEE Metal Bed Frame Queen/Single Steel Frame White/Black Adult Bed",154.9,239,0,29,4.74,7,"Flexidesignx Furnitures"
https://shopee.sg/living-mall-rinoa-series-woven-fabric-divan-bed-frame-in-4-model-designs-all-sizes-available-i.92727875.23203661750,"Living Mall Rinoa Series Woven Fabric Divan Bed Frame in 4 Model Designs  - All Sizes Available",182.77,279,0,29,4.79,9,"Living Mall"
https://shopee.sg/living-mall-rabby-divan-bed-frame-fabric-faux-leather-options-all-sizes-w-mattress-option-i.92727875.25909794430,"Living Mall Rabby Divan Bed Frame Fabric / Faux Leather Options All Sizes w/ Mattress Option",82.2,129,0,29,4.86,9,"Living Mall"
https://shopee.sg/twentyone-double-decker-metal-bed-frame-cheap-and-good-bedframe-i.269227881.6980801066,"Twentyone DOUBLE DECKER METAL BED FRAME(CHEAP AND GOOD BEDFRAME)",169,259,0,29,4.69,5,"TWENTYONE"
https://shopee.sg/sg-stock-acorn-ergonomic-electric-height-adjustable-study-computer-gaming-table-home-office-gaming-i.1334089221.53303930913,"【SG Stock】 ACORN Ergonomic Electric Height Adjustable Study Computer Gaming Table Home Office Gaming Standing Desk",115.3,179,0,28,4.89,9,"ACORN_Singapore"
https://shopee.sg/zaq-study-table-free-installation-computer-desk-hutch-all-in-one-table-home-bedroom-student-study-de-i.1506202517.27984062948,"ZAQ Study Table（Free Installation） Computer Desk Hutch All-in-one Table Home Bedroom Student Study Desktop Computer Desk Modern Light Luxury Double Writing Table Storage Cabinet",300,449,0,28,5,9,"Casey's Furniture.sg"
https://shopee.sg/living-mall-kenna-2-open-door-wardrobe-with-2-drawers-in-ivory-colour-free-installation-i.92727875.57461092192,"Living Mall KENNA 2 Open Door Wardrobe With 2 Drawers in Ivory  Colour - Free Installation",96.3,149,0,28,4.89,9,"Living Mall"
https://shopee.sg/jayce-3-door-wardrobe-white-dark-walnut-i.53927834.5323486700,"**JAYCE 3-Door Wardrobe (White / Dark Walnut)",187.2,289,0,28,4.93,4,"LCF Furniture Store"
https://shopee.sg/living-mall-fuego-series-5ft-2-door-sliding-door-wardrobe-models-mirror-inside-in-27-designs-i.92727875.18561087689,"Living Mall Fuego Series 5FT 2-Door Sliding Door Wardrobe Models Mirror Inside in 27 designs",406.77,619,0,28,4.28,9,"Living Mall"
https://shopee.sg/free-installation-travertine-dining-table-and-chair-set-marble-dining-table-set-for-4-6-person-i.1206181647.28886853725,"🇸🇬【Free Installation】⚡ Travertine Dining Table And Chair Set Marble Dining Table Set For 4/6 Person",1021.09,1539,0,28,4.89,9,"Monoline Furniture Official Store"
https://shopee.sg/wooden-dining-table-2-stools-and-1-bench-ss-dt711-i.53927834.13707743812,"**Wooden Dining Table + 2 Stools and 1 Bench (SS-DT711)",188,289,0,28,5,6,"LCF Furniture Store"
https://shopee.sg/ikehiko-premium-noa-tatami-igusa-rush-3-fold-mat-futon-mattress-bed-fragrance-bed-i.994573118.29062121376,"IKEHIKO Premium Noa Tatami Igusa Rush 3 Fold Mat Futon Mattress Bed Fragrance Bed",245.25,369,0,28,4.89,9,"ROK Japan.sg"
https://shopee.sg/mattress-latex-mattress-thailand-natural-latex-integrated-molding-7-5cm-thick-rubber-single-mattress-i.1377639721.26165031385,"Mattress Latex Mattress Thailand Natural Latex Integrated Molding 7.5cm Thick Rubber Single Mattress【sg Stock】",89.1,139,0,28,4.89,9,"chenxueqi01.sg"
https://shopee.sg/lazy-sofa-tatami-reclining-can-bedroom-lazy-chair-living-room-leisure-sofa-small-apartment-bean-bag-i.1292605474.28505803130,"Lazy Sofa Tatami Reclining Can Bedroom Lazy Chair Living Room Leisure Sofa Small Apartment Bean Bag Small Sofa  （My ready stock）",58.02,89,0,28,4.64,9,"littlequeenz.sg"
https://shopee.sg/cozylant-claudia-fabric-sofa-modular-white-pet-friendly-sofa-3-seater-4-seater-tofu-sofa-i.1010515154.25308201484,"Cozylant Claudia Fabric Sofa / Modular / White / Pet Friendly Sofa / 3 Seater / 4 Seater / Tofu Sofa",359.2,539,0,28,4.97,9,"Cozylant Official Store"
https://shopee.sg/f7-foldable-lazy-sofa-chair-legrest-adjustable-tatami-cushion-floor-sofa-backrest-multifunctional-i.96953349.23583617070,"F7 Foldable Lazy Sofa Chair/Legrest/Adjustable/Tatami Cushion/Floor Sofa/Backrest/Multifunctional",105.8,159,0,28,4.46,9,"Lucky Baby Mummy SG"
https://shopee.sg/sg-stock-foldable-bed-portable-folding-bed-metal-foldable-portable-bedroom-black-white-single-heavy-i.1786236765.57159539030,"SG Stock Foldable Bed Portable Folding Bed Metal Foldable Portable Bedroom Black/white Single Heavy Duty Bed Frame",47.14,79,0,28,4.82,9,"Confidence MALL"
https://shopee.sg/twentyone-jayla-bed-frame-all-sizes-available-free-delivery-and-installation-i.269227881.7141431826,"Twentyone Jayla Bed Frame All Sizes Available + Free delivery and installation",139,209,0,28,4.89,7,"TWENTYONE"
https://shopee.sg/living-mall-norrie-storage-bed-frame-linen-fabric-faux-leather-with-5-mattress-options-i.92727875.14795787680,"Living Mall Norrie Storage Bed Frame Linen Fabric/Faux Leather with 5 Mattress Options",301.62,459,0,28,4.75,9,"Living Mall"
https://shopee.sg/coco-sg-bedside-table-mobile-overbed-computer-desk-height-adjustable-study-writing-desk-home-laptop-i.1669432312.55854138917,"🔥COCO.SG🔥 Bedside Table Mobile Overbed Computer Desk Height Adjustable Study Writing Desk Home Laptop Foldable Table",11,39,0,27,4.85,8,"CONOCO  Store.SG"
https://shopee.sg/sg-stock-z-type-assembled-shoe-rack-simple-multi-layer-household-door-fabric-storage-shoe-rack-simpl-i.395347097.21380761176,"SG STOCK Z-type assembled shoe rack Simple multi-layer household door fabric storage shoe rack simple storage rack",7.99,39,0,27,3.69,9,"e_LIVING"
https://shopee.sg/youneed-l60-90cm-foldable-wardrobe-plastic-simple-wardrobe-for-adult-stackable-clothes-storage-cabin-i.1430486636.56400619278,"YOUNEED L60-90CM Foldable Wardrobe Plastic Simple Wardrobe For Adult Stackable Clothes Storage Cabinet",34.47,59,0,27,4.63,8,"YOUNAI"
https://shopee.sg/hisoa-bamboo-imitated-drawer-cabinet-for-clothes-with-wheels-stackable-wardrobe-storage-organizer-ho-i.1566721984.42173869023,"Hisoa Bamboo-imitated Drawer Cabinet For Clothes With Wheels Stackable Wardrobe Storage Organizer Home Organizer",21.39,49,0,27,4.81,8,"Hisoa Life"
https://shopee.sg/free-shipping-free-installation-teck-seng-8-feet-sliding-doors-wardrobe-anti-jump-2-sliding-doors-s-i.397284974.14357328988,"(FREE Shipping & FREE Installation) TECK SENG 8 Feet Sliding Doors Wardrobe / Anti-Jump / 2 Sliding Doors / Spacious 3B",658,989,0,27,4.93,8,"TECK SENG FURNITURE @ SG"
https://shopee.sg/dining-table-foldable-retractable-island-integrated-rock-board-solid-wood-small-household-table-and-i.1506202526.29535090064,"Dining Table Foldable Retractable Island Integrated Rock Board/solid Wood Small Household Table And Chair Combination  FBRL",1110.88,1669,0,27,5,9,"FBRL.SG"
https://shopee.sg/thicker-mattress-single-queen-king-tilam-bujang-tatami-mattress-foldable-matress-single-tatami-toppe-i.365052519.15796646065,"Thicker Mattress Single/Queen/King Tilam Bujang Tatami Mattress Foldable Matress Single Tatami Topper Tilam 床垫",31.5,59,0,27,4.65,9,"localgoodsdirect.sg"
https://shopee.sg/ready-stock-deliver-from-jb-monroe-l-shape-sofa-modern-l-shape-sofa-3-seater-l-shape-sofa-living-ro-i.485136122.21570280270,"【READY STOCK, DELIVER FROM JB】𝐒𝐆𝐅𝐔𝐑𝐍𝐈𝐓𝐔𝐑𝐄𝐋𝐀𝐁™: MONROE L Shape Sofa Modern L Shape Sofa 3-Seater L Shape Sofa Living Room",598.9,899,0,27,4.59,8,"SGFurnitureLab.com™ Official Store"
https://shopee.sg/lounger-lazy-floor-sofa-cozy-couches-floor-chair-bean-bag-furniture-bto-home-revamp-i.8360517.15975114734,"🇸🇬Lounger | Lazy floor sofa | Cozy couches | floor chair | Bean bag Furniture / BTO / HOME/ REVAMP",119,179,0,27,4.85,8,"JRKSG"
https://shopee.sg/offigo-120cm-computer-desk-with-drawers-reversible-office-desk-with-storage-for-home-i.1598458412.50853966560,"OffiGo 120CM Computer Desk with Drawers Reversible Office Desk with Storage for Home",53.6,89,0,26,4.85,8,"OffiGo"
https://shopee.sg/snb-office-computer-table-with-drawer-cabinet-home-wooden-student-study-table-writing-desk-with-cabi-i.1093115257.27011915590,"SNB Office Computer Table With Drawer Cabinet Home Wooden Student Study Table Writing Desk With Cabinet Storage Shelf办公桌",71.74,109,0,26,3.73,9,"SUNNY BIERE OS.sg "
https://shopee.sg/adjustable-foldable-narrow-computer-desk-storable-study-table-wall-mounted-adjustable-cross-bed-i.1392453488.51757212424,"Adjustable Foldable Narrow Computer Desk Storable Study Table Wall-Mounted Adjustable Cross-Bed",132.27,199,0,26,5,9,"guwwya01.sg"
https://shopee.sg/next-day-salvo-foldable-shoe-rack-stackable-shoe-storage-shelf-shoe-organizer-doorway-suit-for-bto-i.1374621362.47705192558,"Next Day Salvo Foldable Shoe Rack Stackable Shoe Storage Shelf Shoe Organizer Doorway Suit For BTO",13.92,39,0,26,4.77,8,"Salvo Home"
https://shopee.sg/foldable-shoe-rack-no-assembly-metal-shoe-rack-3-4-5-6-layer-space-saving-shoe-storage-organizer-i.1613885783.48053826888,"Foldable Shoe Rack No Assembly Metal Shoe Rack 3/4/5/6 Layer Space-Saving Shoe Storage Organizer  免安装可折叠鞋架",33.4,59,0,26,4.96,9,"Singular Home"
https://shopee.sg/dining-table-set-extendable-folding-dining-table-northern-europe-multifunctional-solid-wood-dining-t-i.1495444459.26486228731,"Dining Table Set Extendable Folding Dining Table Northern Europe Multifunctional Solid Wood Dining Table",661.34,999,0,26,5,9,"guaidheh2.sg"
https://shopee.sg/3s-furniture-solid-rubber-wood-dining-table-set-with-4-stool-chairs-for-4-6-free-delivery-installat-i.240290962.18484072437,"[3S  FURNITURE] Solid Rubber Wood Dining Table Set with 4 Stool Chairs for 4-6 * FREE DELIVERY＆INSTALLATION*",178.9,269,0,26,4.92,6,"3S Furnitures"
https://shopee.sg/hf-extendable-sintered-stone-dining-table-free-install-retractable-dining-table-long-table-i.8801197.16045401040,"👍HF Extendable Sintered Stone Dining Table Free Install Retractable Dining Table Long Table",189.87,289,0,26,4.81,9,"Home Factor"
https://shopee.sg/bundle-set-muji-mattress-with-legs-set-assembly-needed-i.257608708.27654409254,"[Bundle Set] MUJI Mattress with Legs Set ( Assembly needed )",502,759,0,26,4.93,8,"MUJI Official Store"
https://shopee.sg/king-koil-ortho-firm-super-plus-mattress-only-i.206450009.21179751327,"King Koil Ortho Firm Super Plus - Mattress Only",949,1429,0,26,4.74,7,"King Koil Official Store"
https://shopee.sg/s10-triangle-lazy-bean-bag-modern-sofa-chair-lounger-seat-for-living-room-bedroom-waterproof-pu-leat-i.96953349.40610733867,"S10 Triangle Lazy Bean Bag Modern Sofa Chair –  Lounger Seat for Living Room & Bedroom Waterproof PU Leather",48.8,79,0,26,4.77,9,"Lucky Baby Mummy SG"
https://shopee.sg/cozy-fabric-manual-recliner-sofa-water-repellent-pet-friendly-option-i.1289604467.29455230054,"Cozy Fabric Manual Recliner Sofa (Water Repellent & Pet-Friendly Option)",540.93,819,0,26,4.81,8,"Caler Home Singapore"
https://shopee.sg/glovosync-sg-local-sectional-sofa-cloud-couch-for-living-room-sleeper-sofa-with-chaise-lounge-ottoma-i.1166087438.25835520856,"GLOVOSYNC SG LOCAL Sectional Sofa Cloud Couch for Living Room Sleeper Sofa with Chaise Lounge, Ottoman & Pillows",529,799,0,26,5,9," glovosync.furniture.store.1.sg"
https://shopee.sg/mtbt-sofa-luxurious-style-for-small-spaces-trending-design-for-living-room-or-clothing-store-2-3-per-i.1230852548.25029345196,"MTBT Sofa Luxurious Style For Small Spaces-Trending Design For Living Room Or Clothing Store 2-3 Person Couch",650,979,0,26,5,9,"hcjin01.sg"
https://shopee.sg/free-installation-hdb-solid-wooden-bed-frame-storage-bed-super-single-tatami-mat-drawer-bed-king-be-i.1763891328.57907399298,"【Free installation】HDB Solid Wooden Bed Frame Storage bed Super Single Tatami Mat Drawer Bed king bed/queen bed",572.44,859,0,26,5,8,"Maison1"
https://shopee.sg/furnituresg-titan-fabric-bed-frame-available-in-4-colours-i.9880889.7848727415,"(FurnitureSG) Titan Fabric Bed Frame Available in 4 Colours",160,239,0,26,4.92,5,"FurnitureSG"
https://shopee.sg/living-mall-sifra-storage-bed-frame-linen-fabric-faux-leather-in-4-model-designs-i.92727875.20376348829,"Living Mall Sifra Storage Bed Frame Linen Fabric/Faux Leather in 4 Model Designs",301.62,459,0,26,4.65,9,"Living Mall"
https://shopee.sg/modular-solid-plywood-wardrobe-soft-close-door-2-3-4-5-6-doors-wardrobe-cabinet-i.84602591.20709860700,"🔥MODULAR SOLID PLYWOOD WARDROBE 🔥Soft-Close Door 2/3/4/5/6 Doors Wardrobe / Cabinet",240.9,369,0,25,4.68,9,"INNDESIGN"
https://shopee.sg/saq-dining-table-french-cream-wind-slate-dining-table-and-chairs-combination-household-small-househo-i.1506202495.43551113548,"SAQ Dining Table French Cream Wind Slate Dining Table And Chairs Combination Household Small Household Modern Simple New Island All-in-one Dining Table",291.96,439,0,25,4.92,9,"Wosen furniture.sg"
https://shopee.sg/bedroom-set-bedframe-8-10-firm-mattress-free-microfiber-pillow-protector-i.1190025829.41409289589,"[BEDROOM SET] 🔥Bedframe + 8”/10'' Firm Mattress | FREE Microfiber Pillow + Protector",129,199,0,25,4.88,9,"Mokuzen.os"
https://shopee.sg/foldable-bed-nap-relax-hk-bed-beach-relax-chair-3-fold-portable-i.250244757.7838511521,"Foldable bed. Nap. Relax. HK bed. Beach relax chair. 3- Fold. Portable.",44,69,0,25,4.76,9,"TheGoodFurniture"
https://shopee.sg/cotton-linen-lazy-sofa-soft-comfortable-couch-with-handy-side-pockets-home-furniture-double-seater-s-i.1292605474.26387281449,"Cotton Linen Lazy Sofa Soft Comfortable Couch with Handy Side Pockets Home Furniture沙发Double Seater Sofa with Filling （My ready stock）",8.38,39,0,25,4.88,9,"littlequeenz.sg"
https://shopee.sg/folding-sofa-bed-dual-use-small-apartment-simple-home-living-room-apartment-lazy-person-can-lie-down-i.961795458.52858729213,"Folding Sofa Bed Dual-use Small Apartment Simple Home Living Room Apartment Lazy Person Can Lie Down Or Sleep",120.96,189,0,25,4.92,9,"DM STORE.SG"
https://shopee.sg/radiant-bamboo-sofa-bed-100cm-sofa-katil-foldable-sofa-multifunctional-folding-sofa-chair-sofa-bed-i.1207024576.47251454869,"⚡RADIANT Bamboo Sofa Bed 100CM Sofa Katil Foldable Sofa  Multifunctional folding sofa/chair/sofa/bed with cushions",159.89,239,0,25,4.6,9,"RADIANT RETREAT HOME FURNISHINGS"
https://shopee.sg/yhl-pet-friendly-fabric-pvc-leather-1-2-3-seater-sofa-with-or-without-ottoman-i.96886142.26565308550,"YHL Pet Friendly Fabric / PVC Leather 1 / 2 / 3 Seater Sofa With Or Without Ottoman",84.55,129,0,25,5,8,"yongheng206"
https://shopee.sg/twentyone-metal-bed-frame-series-multiple-styles-can-be-selcted-i.269227881.7881267466,"Twentyone METAL BED FRAME SERIES(MULTIPLE STYLES CAN BE SELCTED)",99,149,0,25,4.84,9,"TWENTYONE"
https://shopee.sg/computer-desk-solid-wood-smart-electric-lifting-study-table-with-drawers-work-jhty-i.1506202506.28383759633,"Computer Desk Solid Wood Smart Electric Lifting Study Table With Drawers Work  JHTY",452.67,679,0,24,5,9,"JHTY.SG"
https://shopee.sg/living-mall-kenie-series-4ft-2-door-sliding-door-wardrobe-in-white-wash-or-walnut-in-5-design-i.92727875.25433345536,"Living Mall Kenie Series 4FT 2-Door Sliding Door Wardrobe in White Wash or Walnut in 5 Design",219.34,329,0,24,4.81,9,"Living Mall"
https://shopee.sg/youneed-foldable-wardrobe-clothes-storage-cabinet-installation-free-simple-wardrobe-bedroom-storage-i.1430486636.26175270405,"YOUNEED Foldable Wardrobe Clothes Storage Cabinet Installation Free Simple Wardrobe Bedroom Storage Organizer",34.47,59,0,24,4.67,9,"YOUNAI"
https://shopee.sg/teck-seng-juliet-scandinavian-solid-sintered-stone-rubber-wood-6-dining-table-set-1-table-bench-cha-i.397284974.18733534873,"[TECK SENG] JULIET Scandinavian Solid Sintered Stone + Rubber Wood 6 Dining Table Set 1 Table + Bench + Chairs",408,619,0,24,4.88,6,"TECK SENG FURNITURE @ SG"
https://shopee.sg/seahorse-foldable-mattress-2-sided-firm-soft-sg-ready-stock-i.313604019.24557862812,"SEAHORSE FOLDABLE MATTRESS (2 sided: Firm & Soft) SG READY STOCK!",135,209,0,24,4.8,8,"Tarik."
https://shopee.sg/italian-technical-fabric-sofa-couch-sofa-set-living-room-lounge-recliner-in-pet-friendly-scratch-an-i.1206181647.24325916841,"🇸🇬⚡Italian Technical Fabric Sofa Couch Sofa Set Living Room Lounge Recliner In Pet Friendly Scratch And Water Proof Fabric Single Sofa",321.53,489,0,24,4.63,9,"Monoline Furniture Official Store"
https://shopee.sg/coco-foldable-computer-desk-writing-desk-home-office-desk-bedroom-study-table-dormitory-no-assembly-i.1669432312.56604612112,"COCO Foldable Computer Desk Writing Desk Home Office Desk Bedroom Study Table Dormitory No Assembly Required Small",12,39,0,23,4.65,9,"CONOCO  Store.SG"
https://shopee.sg/styf-sg-local-seller-2026-new-bamboo-wood-shoe-rack-cabinet-with-door-entryway-grille-breathable-thi-i.1354739077.27475697791,"STYF【SG Local Seller】2026 New Bamboo Wood Shoe Rack Cabinet With Door Entryway Grille Breathable Thickened Laminate Slim",26.5,59,0,23,4.35,9,"S T Y F Furniture✅Home Living✅"
https://shopee.sg/wenbo-home-living-furniture-ins-style-wardrobe-easy-assemble-and-durable-dormitory-stainless-steel-s-i.203744407.16496717776,"Wenbo Home Living Furniture Ins Style Wardrobe Easy Assemble And Durable Dormitory Stainless Steel Storage Wardrobe",30.41,59,0,23,4.64,9,"Wenbo Official Store"
https://shopee.sg/dining-table-solid-wood-rock-slab-oval-simple-travertine-slab-small-apartment-home-dining-table-and-i.1506202506.43604948927,"Dining Table Solid Wood Rock Slab Oval Simple Travertine Slab Small Apartment Home Dining Table And Chair Combination JHTY",971.4,1459,0,23,4.87,9,"JHTY.SG"
https://shopee.sg/deliver-from-jb-navy-3-seater-l-shape-fabric-sofa-living-room-l-shape-sofa-minimalist-l-shape-sofa-i.485136122.23615684911,"【DELIVER FROM JB】𝐒𝐆𝐅𝐔𝐑𝐍𝐈𝐓𝐔𝐑𝐄𝐋𝐀𝐁™: NAVY 3-Seater L-Shape Fabric Sofa Living Room L Shape Sofa Minimalist L Shape Sofa",217.9,329,0,23,4.57,7,"SGFurnitureLab.com™ Official Store"
https://shopee.sg/french-style-cashmere-sofa-single-sofa-2-seater-3-seater-4-seater-creamy-style-set-living-room-in-p-i.1206181647.25174800268,"🇸🇬⚡ French-Style Cashmere Sofa Single Sofa 2 Seater 3 Seater 4 Seater Creamy Style Set Living Room In Pet Friendly Couch Lounge Sofa",285.39,429,0,23,4.35,9,"Monoline Furniture Official Store"
https://shopee.sg/cat-claw-leather-free-pedal-l-shape-bean-bag-chair-sofa-kerusi-4-kg-full-set-filling-durable-soft-so-i.1292605474.26637347383,"Cat claw leather FREE Pedal L-Shape Bean Bag Chair Sofa Kerusi 4 kg Full Set Filling Durable Soft Sofa Material懒人沙发 （My ready stock）",8.38,39,0,23,4.65,9,"littlequeenz.sg"
https://shopee.sg/lazy-sofa-tatami-double-bean-bag-sleepable-netizen-internet-bedroom-leisure-balcony-dormitory-rental-i.1292605474.42104002782,"Lazy SOFA Tatami Double Bean Bag Sleepable Netizen Internet  Bedroom Leisure Balcony Dormitory Rental House Small Sofa （My ready stock）",8.38,39,0,23,4.78,9,"littlequeenz.sg"
https://shopee.sg/muu-foldable-sofa-2-3-4-seater-couch-multi-functional-lazy-living-room-folding-apartment-simple-bed-i.1367125356.29917715828,"Muu Foldable Sofa 2 3 4 Seater Couch Multi-functional Lazy Living Room Folding Apartment Simple Bed Sofa Chair Fabric",200.39,309,0,23,4.78,6,"PPlikr.sg"
https://shopee.sg/living-mall-gianna-series-wooden-bed-frame-queen-and-king-size-in-26-designs-i.92727875.3388915108,"Living Mall Gianna Series Wooden Bed Frame Queen and King Size In 26 Designs",229.9,349,0,23,4.74,9,"Living Mall"
https://shopee.sg/furnituresg-faux-leather-fabric-front-drawers-storage-drawer-bedframe-base-no-headboard-choose-colo-i.9880889.23471600039,"(FurnitureSG) Faux Leather/Fabric Front Drawers Storage Drawer Bedframe Base No Headboard Choose Colour",181.94,279,0,23,4.71,5,"FurnitureSG"
https://shopee.sg/luxe-denise-pull-out-drawer-storage-bed-frame-single-super-single-bedroom-drawer-modern-i.950497811.28379477920,"Luxe: Denise Pull Out Drawer Storage Bed Frame | Single & Super Single | Bedroom | Drawer | Modern",299,449,0,23,4.52,6,"Luxe Living"
https://shopee.sg/serene-furniture-minimalist-metal-bed-iron-bed-bedroom-steel-frame-bed-frame-queen-size-bed-frame-i.1374659759.41427022757,"Serene Furniture Minimalist Metal Bed Iron Bed Bedroom Steel Frame Bed Frame - Queen Size Bed Frame",106.23,159,0,23,4.74,9,"Serene Furniture Official.sg"
https://shopee.sg/luxe-honey-d-bed-frame-single-super-single-children-bedroom-modern-i.950497811.19294663099,"Luxe: Honey-D Bed Frame | Single & Super Single | Children Bedroom | Modern",262.9,399,0,23,4.88,6,"Luxe Living"
https://shopee.sg/snb-foldable-table-desk-bedside-table-that-can-be-folded-lifted-and-freely-moved-lazy-table-for-hdb-i.1093115257.57063304558,"SNB Foldable Table desk Bedside table that can be folded, lifted, and freely moved—lazy table for HDB home use",27.1,59,0,22,4.18,9,"SUNNY BIERE OS.sg "
https://shopee.sg/ll-wardrobe-black-simple-sheing-metal-iron-open-wardrobe-sliding-door-i.1366405770.40052569484,"LL Wardrobe Black Simple Sheing Metal Iron Open Wardrobe Sliding Door",410.74,619,0,22,5,9,"LL Furniture.sg"
https://shopee.sg/free-installation-qsjj-wardrobe-home-bedroom-modern-simple-glass-cabinet-combination-rental-room-st-i.1516164649.42600825187,"【Free installation】QSJJ Wardrobe Home Bedroom Modern Simple Glass Cabinet Combination Rental Room Storage Wardrobe",323.4,489,0,22,5,9,"QSJJ.sg"
https://shopee.sg/dining-table-and-chairs-light-cream-small-apartment-style-round-coffee-set-dining-table-i.972294254.29775493777,"Dining Table and Chairs Light Cream Small Apartment Style Round Coffee Set Dining Table",242.84,369,0,22,4.95,8,"Momoko.Store.sg"
https://shopee.sg/doco-foldable-dining-table-folding-round-sintered-dining-table-set-extendable-stone-top-chair-combin-i.1251694719.28550169096,"DOCO Foldable Dining Table Folding Round Sintered Dining Table Set Extendable Stone Top Chair Combination Simple",291.64,439,0,22,5,9,"zhangyaqi04.sg"
https://shopee.sg/dreamax-andromeda-luxe-12-inch-cooling-7-zone-pocket-spring-mattress-latex-30cm-i.486967120.40058602764,"DREAMAX Andromeda Luxe 12 Inch Cooling 7 Zone Pocket Spring Mattress Latex 30cm",257.28,389,0,22,4.73,9,"DREAMAX"
https://shopee.sg/mattress-spring-mattress-20cm-pocket-single-super-single-queen-king-mattress-i.1377639721.29932360177,"Mattress Spring Mattress 20cm Pocket Single/ Super Single Queen King Mattress",87.12,139,0,22,4.59,9,"chenxueqi01.sg"
https://shopee.sg/pell-l-shaped-fabric-storage-sofabed-water-repellent-pet-friendly-option-i.1289604467.27506082088,"Pell L-Shaped Fabric Storage SofaBed (Water Repellent & Pet-Friendly Option)",512.43,769,0,22,4.82,7,"Caler Home Singapore"
https://shopee.sg/technology-cloth-sofa-2-seat-upholstered-loveseat-sofa-modern-couch-luxury-classic-for-living-room-b-i.1166087438.28213765567,"Technology Cloth Sofa, 2-Seat Upholstered Loveseat Sofa Modern Couch, Luxury Classic for Living Room Bedroom Apartment Office",229,349,0,22,4.55,8," glovosync.furniture.store.1.sg"
https://shopee.sg/living-mall-zahir-single-divan-bed-frame-with-drawer-petfriendly-scratch-resistant-i.92727875.41662741573,"Living Mall Zahir Single Divan Bed Frame with Drawer  - PetFriendly Scratch-Resistant",155.34,239,0,22,4.68,9,"Living Mall"
https://shopee.sg/flexidesignx-twiggy-stackable-solid-wood-single-bed-frame-standard-wooden-mattress-base-i.179838813.3171803796,"Flexidesignx TWIGGY Stackable Solid Wood Single Bed Frame Standard Wooden Mattress Base",122.91,189,0,22,4.48,5,"Flexidesignx Furnitures"
https://shopee.sg/living-mall-rosie-queen-size-metal-bed-frame-in-white-black-rose-gold-w-mattress-option-i.92727875.43825461794,"Living Mall Rosie Queen Size Metal Bed Frame in White, Black, Rose Gold - W/ Mattress Option",127.91,199,0,22,4.95,9,"Living Mall"
https://shopee.sg/livingmall-laura-single-metal-bunk-bed-frame-or-loft-bed-style-in-2-colour-with-mattress-i.92727875.40573290681,"LivingMall Laura Single Metal Bunk Bed Frame or Loft Bed Style in 2 Colour - with Mattress",228.48,349,0,22,5,9,"Living Mall"
https://shopee.sg/offigo-140cm-120cm-height-adjustable-electric-desk-with-drawer-and-usb-ergonomic-standing-computer-t-i.1598458412.50506305393,"OffiGo 140CM/120CM Height Adjustable Electric Desk with Drawer and USB Ergonomic Standing Computer Table",249.99,379,0,21,4.95,9,"OffiGo"
https://shopee.sg/desk-double-wall-long-table-home-american-retro-student-study-table-solid-wood-desk-hcc-i.1408065526.26176263057,"Desk Double Wall Long Table Home American Retro Student Study Table Solid Wood Desk（HCC）",363.81,549,0,21,4.86,9,"Home Collection"
https://shopee.sg/lili-foldable-shoe-rack-no-installation-multi-layer-space-saving-easy-storage-doorway-shoes-organize-i.1389128163.42528045188,"LILI Foldable Shoe Rack No Installation Multi-Layer Space Saving Easy Storage Doorway Shoes Organizer For Home",25.13,59,0,21,4.76,8,"LILI Home"
https://shopee.sg/wardrobe-sliding-door-walnut-glass-door-large-wardrobe-home-bedroom-modern-simple-transparent-solid-i.1408065526.29281432714,"Wardrobe Sliding Door Walnut Glass Door Large Wardrobe Home Bedroom Modern Simple Transparent Solid Wood Wardrobe（HCC）",390.06,589,0,21,4.86,9,"Home Collection"
https://shopee.sg/zxg-wardrobe-with-locker-closet-sliding-door-home-bedroom-locker-sliding-door-large-closet-i.1377639720.28867232103,"Zxg Wardrobe With Locker Closet Sliding Door Home Bedroom Locker Sliding Door Large Closet",551.32,829,0,21,5,9,"chenjiahuan02.sg"
https://shopee.sg/eurotex-fibregel-luxury-mattress-topper-100-cotton-cover-microfiber-inner-filling-i.195248375.15479845321,"Eurotex, Fibregel Luxury Mattress Topper, 100% Cotton Cover, Microfiber Inner Filling",205.34,309,0,21,4.77,3,"Eurotex Official Store"
https://shopee.sg/local-sg-seller-fastest-delivery-single-size-high-density-foam-type-mattress-i.288617904.10359835536,"[Local SG Seller | Fastest Delivery] Single Size High Density Foam Type Mattress",11.95,39,0,21,4.76,7,"AB Furniture - Best Mattress In SG"
https://shopee.sg/posture-comfort-essential-series-four-star-mattress-medium-firm-8-0-i.471509765.16686248419,"Posture Comfort | Essential Series Four Star Mattress | MEDIUM FIRM - 8.0",739,1109,0,21,4.86,7,"Four Star Mattress Official Store"
https://shopee.sg/tatami-mattress-japanese-mattress-topper-foldable-protector-4-size-option-i.1377639721.40350820712,"TATAMI Mattress Japanese Mattress Topper Foldable Protector (4 Size Option)",55.72,89,0,21,5,9,"chenxueqi01.sg"
https://shopee.sg/new-style-lazy-sofa-tatami-floor-small-sofa-minimalist-technology-cloth-small-apartment-rental-room-i.1292605474.41553775217,"[New style] Lazy sofa Tatami floor small sofa minimalist technology cloth small apartment rental room sofa懒人沙发 （My ready stock）",9.01,39,0,21,4.95,9,"littlequeenz.sg"
https://shopee.sg/metal-folding-bed-single-foldable-portable-bedroom-black-white-folding-bed-single-heavy-duty-bed-fra-i.1520151629.50450678167,"Metal Folding Bed Single Foldable Portable Bedroom Black/White Folding Bed Single Heavy Duty Bed Frame",64.65,99,0,21,4.9,9,"SURMOUNT   STORE"
https://shopee.sg/kids-study-table-with-shelf-ergonomic-height-adjustable-student-study-desk-kids-table-and-chair-set-i.1375174219.45358206583,"Kids Study Table With Shelf Ergonomic Height Adjustable Student Study Desk Kids Table And Chair Set儿童学习桌椅",148.32,229,0,20,4.35,9,"Playpark Singapore"
https://shopee.sg/interdesk-classic-electric-standing-desk-single-motor-ergonomic-desk-height-adjustable-cable-tray-i.1034385244.23483502896,"Interdesk Classic Electric Standing Desk | Single Motor | Ergonomic Desk | Height Adjustable | Cable Tray",499,749,0,20,4.85,9,"Interdesk"
https://shopee.sg/solid-wood-electric-lift-table-smart-computer-table-study-desk-home-office-desk-gaming-table-can-be-i.1516164646.40001702115,"Solid Wood Electric Lift Table Smart Computer Table Study Desk Home Office Desk Gaming Table Can Be Raised And Lowered （KUG）",404.2,609,0,20,5,9,"KUG.SG"
https://shopee.sg/hay-l-shaped-computer-home-bedroom-desktop-office-desk-double-corner-hole-board-study-table-i.1506202485.27635498011,"HAY L-shaped Computer Home Bedroom Desktop Office Desk Double Corner Hole Board Study Table",287.42,439,0,20,4.84,9,"hkyan098.sg"
https://shopee.sg/ll-study-table-computer-table-desk-bookshelf-combination-light-luxury-home-student-bedroom-study-wri-i.1366405770.27183151452,"LL Study Table Computer Table Desk Bookshelf Combination Light Luxury Home Student Bedroom Study Writing Desk Desk Bookcase",280.69,429,0,20,5,9,"LL Furniture.sg"
https://shopee.sg/ige-study-corner-desk-all-in-one-computer-desktop-study-table-bookcase-cream-style-home-office-desk-i.1506202488.44403682757,"IGE Study Corner Desk All-In-One Computer Desktop Study Table Bookcase Cream Style Home Office Desk Bookcase",225.4,339,0,20,4.9,8,"IGE.sg"
https://shopee.sg/ige-l-shaped-computer-desk-home-bedroom-desktop-desk-office-desk-double-corner-table-hole-board-stud-i.1506202488.26487329017,"IGE L-shaped Computer Desk Home Bedroom Desktop Desk Office Desk Double Corner Table Hole Board Study Table",450.6,679,0,20,5,9,"IGE.sg"
https://shopee.sg/free-shipping-free-installation-teck-seng-8-feet-sliding-doors-wardrobe-anti-jump-2-sliding-doors-s-i.397284974.16920223547,"(FREE Shipping & FREE Installation) TECK SENG 8 Feet Sliding Doors Wardrobe / Anti-Jump / 2 Sliding Doors / Spacious O3B",658,989,0,20,4.85,8,"TECK SENG FURNITURE @ SG"
https://shopee.sg/wardrobe-home-bedroom-solid-wood-plate-sliding-door-simple-large-capacity-wardrobe-i.1506704283.40201621489,"Wardrobe Home Bedroom Solid Wood Plate Sliding Door Simple Large Capacity Wardrobe",424,639,0,20,5,9,"FURNIbj.sg"
https://shopee.sg/living-mall-ogive-dining-set-table-with-chair-bench-petfriendly-fabric-in-natural-walnut-i.92727875.11095581499,"Living Mall OGIVE Dining Set  Table with Chair & Bench PetFriendly Fabric in Natural & Walnut",341.52,519,0,20,4.9,9,"Living Mall"
https://shopee.sg/sg-ready-stock-space-saver-fordable-smart-dining-table-free-delivery-i.246006.910890861,"SG🔥Ready Stock🔥Space Saver Fordable Smart Dining Table  - Free Delivery -",307.1,469,0,20,4.7,9,"MISS3STORE"
https://shopee.sg/hdb-sintered-stone-dining-table-extendable-dining-table-set-chairs-1m-1-8m-nordic-stone-slab-for-bto-i.1333089509.25684807829,"HDB Sintered stone Dining Table Extendable Dining Table Set Chairs 1m-1.8m Nordic Stone Slab For BTO Condo Customizable Table",312.75,469,0,20,4.82,9,"YUYE.SG"
https://shopee.sg/foldable-mattress-tilam-lipat-tilam-single-queen-king-size-soft-tatami-mattress-thicker-mattress-top-i.365052519.28803155430,"Foldable Mattress Tilam Lipat Tilam Single/Queen/King Size Soft Tatami Mattress Thicker Mattress Topper",18.68,49,0,20,4.73,9,"localgoodsdirect.sg"
https://shopee.sg/dh-sofa-bed-foldable-1-5m-compressed-dual-purpose-small-apartment-sg-stock-i.1391751369.56305713307,"DH Sofa Bed Foldable 1.5M Compressed Dual-purpose Small Apartment SG Stock",285.74,429,0,20,4.75,9,"Dream Hug.SG"
https://shopee.sg/nordic-technical-fabric-sofa-single-sofa-2-seater-3-seater-4-seater-small-sofa-living-room-set-i.1206181647.24325916792,"🇸🇬⚡Nordic Technical Fabric Sofa Single Sofa 2 Seater 3 Seater 4 Seater Small Sofa Living Room Set",146,219,0,20,4.38,9,"Monoline Furniture Official Store"
https://shopee.sg/living-mall-azia-series-fabric-divan-bed-frame-with-4-chrome-legs-in-4-design-i.92727875.7668250676,"Living Mall Azia Series Fabric Divan Bed Frame With 4"" Chrome Legs In 4 Design",127.91,199,0,20,4.75,7,"Living Mall"
https://shopee.sg/livingmall-izumi-wooden-bedframe-queen-king-size-in-2-colour-with-mattress-option-mdf-veneer-wood-i.92727875.41050735713,"LivingMall Izumi Wooden Bedframe Queen/King Size In 2 Colour with Mattress Option - MDF+Veneer Wood",178.2,269,0,20,4.75,8,"Living Mall"
https://shopee.sg/muji-acacia-bed-frame-assembly-only-provided-for-seller-own-fleet-option-i.257608708.47801071384,"MUJI Acacia Bed Frame ( ( Assembly only provided for seller own fleet option ) )",461.4,699,0,20,4.85,7,"MUJI Official Store"
https://shopee.sg/living-mall-nifton-single-super-single-bed-frame-side-rail-child-elderly-bed-w-mattress-option-i.92727875.26512767945,"Living Mall Nifton Single, Super Single Bed Frame Side Rail Child/Elderly Bed w/ Mattress Option",239.9,359,0,20,4.8,7,"Living Mall"
https://shopee.sg/snb-sturdy-and-durable-office-desk-study-desk-space-saving-computer-desk-wooden-desk-writing-desk-de-i.1093115257.41721615762,"SNB Sturdy and Durable Office Desk, Study Desk, Space-Saving Computer Desk, Wooden Desk, Writing Desk, Detachable桌子",48.68,79,0,19,4.37,9,"SUNNY BIERE OS.sg "
https://shopee.sg/snb-folding-table-home-study-table-coffee-table-low-table-bed-desk-tatami-table-balcony-tea-table-ba-i.1093115257.48854536064,"SNB Folding Table Home Study Table Coffee Table Low Table Bed Desk Tatami Table Balcony Tea Table Bay Window Small Table",35.93,69,0,19,4.11,9,"SUNNY BIERE OS.sg "
https://shopee.sg/solid-wood-computer-table-study-table-computer-desk-office-workbench-simple-double-study-desk-coffee-i.1392453444.27819443871,"Solid Wood Computer Table Study Table Computer Desk Office Workbench Simple Double Study Desk Coffee Table",230.51,349,0,19,5,9,"chiyum.sg"
https://shopee.sg/compact-space-saving-1-door-wardrobe-vs01-i.53927834.9837946224,"**Compact Space Saving 1-Door Wardrobe (VS01)",97.2,149,0,19,4.84,5,"LCF Furniture Store"
https://shopee.sg/furnituresg-one-door-wardrobe-i.9880889.5119890026,"(FurnitureSG) One Door Wardrobe",72.13,109,0,19,4.68,3,"FurnitureSG"
https://shopee.sg/3-door-wardrobe-yw-6507-i.53927834.21433661005,"**3 Door Wardrobe (YW-6507)",149,229,0,19,5,3,"LCF Furniture Store"
https://shopee.sg/naq-dining-chair-2025-spring-new-cream-wind-household-dining-chairs-light-luxury-backrest-stool-rest-i.1506202531.40602279292,"NAQ Dining Chair 2025 Spring New Cream Wind Household Dining Chairs Light Luxury Backrest Stool Restaurant Modern Simple Dining Table Chairs",24,49,0,19,5,9,"Home life.sg"
https://shopee.sg/dining-table-set-light-luxury-small-round-table-office-conference-table-jj-i.1506704294.28536833014,"Dining Table Set Light Luxury Small Round Table Office Conference Table (JJ)",273.07,409,0,19,4.89,9,"jiujiu086.sg"
https://shopee.sg/owllight-3d-back-care-medium-firm-memory-foam-mattress-topper-3-inch-thick-cooling-gel-infused-i.1245454313.29109905754,"Owllight 3D Back Care Medium Firm Memory Foam Mattress Topper - 3 Inch Thick (Cooling Gel-infused)",269,409,0,19,4.95,9,"Owllight-Sleep"
https://shopee.sg/hf-sofabed-leather-fabric-puffs-sofa-folding-sofa-back-adjust-sofa-cloth-sofa-bed-i.8801197.20947303345,"👍HF Sofabed Leather Fabric Puffs Sofa Folding Sofa Back Adjust Sofa Cloth sofa bed",141.1,219,0,19,4.79,9,"Home Factor"
https://shopee.sg/modern-living-room-couch-small-spaces-apartment-sofa-also-for-bedroom-i.1355652444.28514424272,"Modern Living Room Couch Small Spaces Apartment Sofa Also for Bedroom",216,329,0,19,4.89,9,"ydfgbbs3.sg"
https://shopee.sg/luna-storage-bedframe-base-only-no-headboard-i.1289604467.25842103749,"Luna Storage Bedframe Base Only (No Headboard)",184.68,279,0,19,4.53,6,"Caler Home Singapore"
https://shopee.sg/living-mall-emily-metal-daybed-bed-frame-single-with-pull-out-in-black-white-colour-w-mattress-i.92727875.26931148062,"Living Mall Emily Metal Daybed Bed Frame Single with Pull-Out in Black/White Colour w/ Mattress",182.77,279,0,19,4.89,8,"Living Mall"
https://shopee.sg/livia-metal-double-decker-bedframe-mattress-set-i.53927834.17436025446,"**Livia Metal Double Decker Bedframe + Mattress Set",195,299,0,19,5,7,"LCF Furniture Store"
https://shopee.sg/ready-stock-120cm-study-desk-computer-table-modern-double-layer-office-writing-desk-student-study-ta-i.1286408733.47400743395,"Ready Stock | 120cm Study Desk Computer Table | Modern Double Layer Office Writing Desk | Student Study Table",31.02,59,0,18,4.5,9,"OSUM Official Store"
https://shopee.sg/afh-folding-computer-desk-study-table-folding-small-desk-home-office-space-saving-i.1613057721.46004396957,"AFH Folding Computer Desk, Study Table Folding Small Desk, Home Office Space Saving",25.36,59,0,18,4.5,9,"Verve bamboo.SG"
https://shopee.sg/ab-computer-desk-bookcase-desk-integrated-study-room-living-room-bedroom-wardrobe-bookshelf-computer-i.1377639708.29676404462,"AB Computer Desk Bookcase Desk Integrated Study Room Living Room Bedroom Wardrobe Bookshelf Computer Study Table",371.36,559,0,18,4.83,8,"LJJ003.sg"
https://shopee.sg/sg-seller-sliding-door-wardrobe-home-storage-multi-function-unit-combination-hanging-wardrobe-i.1436415167.40120085746,"[SG Seller] Sliding Door Wardrobe Home Storage  Multi-function Unit Combination Hanging Wardrobe",494.7,749,0,18,4.06,8,"DreamWard.sg"
https://shopee.sg/gr-furniture-modern-2-door-hanging-wardrobe-3-layer-drawer-in-2-color-2-meter-height-i.1017791466.42855832252,"GR Furniture Modern 2 Door Hanging Wardrobe + 3 Layer Drawer In 2 Color 2 Meter Height",163.1,249,0,18,4.56,6,"GR Furniture"
https://shopee.sg/yhl-solid-plywood-30-inch-soft-closed-2-doors-wardrobe-i.96886142.18118028225,"YHL Solid Plywood 30 Inch Soft Closed 2 Doors Wardrobe",203,309,0,18,5,4,"yongheng206"
https://shopee.sg/2-door-2-drawer-wardrobe-ssh-8220-i.53927834.5593352914,"**2 door 2 drawer wardrobe (SSH-8220)",138,209,0,18,4.89,2,"LCF Furniture Store"
https://shopee.sg/sg-ready-stock-4-door-wardrobe-storage-km2418a-i.75757672.10534527852,"SG Ready Stock 4 Door Wardrobe / Storage KM2418A",249,379,0,18,4.72,8,"furnituresale.sg"
https://shopee.sg/customizable-extendable-dining-table-set-sintered-stone-dining-table-chairs-1m-2m-nordic-stone-slab-i.1333089513.40701685929,"Customizable/Extendable Dining Table Set Sintered stone Dining Table Chairs 1m-2m Nordic Stone Slab For HDB BTO Condo Landed",418,629,0,18,5,9,"U.M HOME"
https://shopee.sg/dining-table-and-chair-combination-rock-plate-rectangular-dining-table-modern-simple-living-room-din-i.1506202526.41955126454,"Dining Table And Chair Combination Rock Plate Rectangular Dining Table Modern Simple Living Room Dining Table Small Household FBRL",314.3,479,0,18,5,9,"FBRL.SG"
https://shopee.sg/itty-bitty-deluxe-mattress-pocket-spring-orthopedic-pressure-relieving-memory-foam-natural-latex-i.454578801.22466299899,"Itty Bitty Deluxe Mattress/ Pocket Spring/ Orthopedic Pressure Relieving/ Memory Foam/ Natural Latex",250,379,0,18,5,9,"Itty_Bitty"
https://shopee.sg/hay-mattress-latex-mattress-pocket-spring-latex-mattress-super-single-queen-king-i.1506202485.40452440421,"HAY Mattress Latex Mattress Pocket Spring Latex Mattress Super Single Queen / King",294.78,449,0,18,5,9,"hkyan098.sg"
https://shopee.sg/sg-seller-furniture-specialist-kalie-bed-frame-all-sizes-available-free-delivery-and-installation-i.94185530.13358737960,"[SG Seller] Furniture Specialist Kalie Bed Frame All Sizes Available + Free delivery and installation",109,169,0,18,4.42,9,"Furniture Specialist"
https://shopee.sg/bed-frame-iron-bunk-bed-modern-for-kids-adults-double-decker-bunk-bed-iron-small-household-iron-fbrl-i.1506202526.42305121790,"Bed Frame Iron Bunk Bed Modern For Kids Adults Double Decker Bunk Bed Iron Small Household Iron FBRL",408,619,0,18,5,9,"FBRL.SG"
https://shopee.sg/coco-sg-computer-desk-office-desk-writing-table-study-desk-high-load-bearing-capacity-i.1669432312.54954637243,"🔥COCO.SG🔥 Computer Desk Office Desk Writing Table Study Desk High Load-Bearing Capacity",20,49,0,17,4.29,9,"CONOCO  Store.SG"
https://shopee.sg/home-office-table-study-writing-table-computer-desk-room-desk-office-student-desk-for-bedroom-living-i.1118934096.25325121035,"Home Office Table Study Writing Table Computer Desk Room Desk Office Student Desk For Bedroom Living Room",27.86,59,0,17,3.89,9,"Gfweffc125furniture.sg"
https://shopee.sg/a51-modern-study-computer-table-office-study-desk-student-laptop-pc-local-stock-i.496280376.16201533249,"【A51】Modern Study Computer/Table/Office Study Desk Student Laptop PC/ local Stock",34.5,59,0,17,4.47,8,"Lucky Home SG"
https://shopee.sg/living-mall-julia-budget-offer-2-doors-3-doors-shoe-rack-shoe-cabinet-with-free-installation-i.92727875.54711086993,"Living Mall JULIA Budget Offer 2 Doors 3 Doors Shoe Rack / Shoe Cabinet With Free Installation",45.62,79,0,17,4.94,8,"Living Mall"
https://shopee.sg/free-installation-sliding-door-wardrobe-with-drawers-clothes-storage-cabinet-3-colours-i.1763891328.46857754606,"[Free Installation] Sliding Door Wardrobe with Drawers Clothes Storage Cabinet 3 Colours",564.24,849,0,17,4.94,9,"Maison1"
https://shopee.sg/living-mall-nancy-4ft-5ft-2-door-sliding-door-wardrobe-scratch-resistant-w-drawers-or-mirror-i.92727875.24245243380,"Living Mall Nancy 4FT/5FT 2-Door Sliding Door Wardrobe Scratch-Resistant - w/ Drawers or Mirror",199.9,299,0,17,4.65,4,"Living Mall"
https://shopee.sg/hbd-sliding-door-wardrobe-bedroom-sliding-door-large-wardrobe-solid-wood-small-closet-storage-custom-i.1436415167.26980901000,"HBD Sliding Door Wardrobe Bedroom Sliding Door Large Wardrobe Solid Wood Small Closet Storage Customizable Size",199.68,299,0,17,5,8,"DreamWard.sg"
https://shopee.sg/free-shipping-free-installation-teck-seng-8-feet-sliding-doors-wardrobe-anti-jump-2-sliding-doors-s-i.397284974.15058189573,"(FREE Shipping & FREE Installation) TECK SENG 8 Feet Sliding Doors Wardrobe / Anti-Jump / 2 Sliding Doors / Spacious O1A",658,989,0,17,4.89,9,"TECK SENG FURNITURE @ SG"
https://shopee.sg/hf-wardrobe-sliding-door-wardrobe-plywood-wardrobe-top-2-3-4-5-6-door-wardrobe-plywood-mdf-wardrobe-i.8801197.12959770886,"👍HF Wardrobe/Sliding Door Wardrobe /Plywood Wardrobe/+TOP 2/3/4/5/6 Door Wardrobe Plywood/MDF Wardrobe Free Delivery",219.22,329,0,17,4.67,9,"Home Factor"
https://shopee.sg/rhy-simple-bamboo-bedroom-multifunctional-storage-cabinet-multi-layer-assembled-wardrobe-i.1366405758.29314041159,"RHY Simple Bamboo Bedroom Multifunctional Storage Cabinet Multi-layer Assembled Wardrobe",49.95,79,0,17,4.82,9,"Strawberry Bear ❥Home.sg"
https://shopee.sg/cadista-dining-table-and-4-chairs-set-modern-space-saving-compact-table-showroom-multifunctional-fur-i.8360517.25350351210,"CADISTA Dining table and 4 chairs set  • modern space saving compact table • showroom multifunctional furniture",175.1,269,0,17,4.88,6,"JRKSG"
https://shopee.sg/ab-dining-table-dining-table-set-light-luxury-table-and-chair-combination-small-round-table-office-c-i.1377639708.28415352760,"AB Dining Table Dining Table Set Light Luxury Table And Chair Combination  Small Round Table Office Conference Table 80cm",244.54,369,0,17,4.82,9,"LJJ003.sg"
https://shopee.sg/free-installation-nordic-extendable-dining-table-sintered-stone-dining-table-and-chair-set-solid-wo-i.1206181647.24783162431,"🇸🇬【Free Installation】⚡Nordic Extendable Dining Table Sintered Stone Dining Table And Chair Set Solid Wood Legs HDB Dining Table",408.28,619,0,17,4.76,9,"Monoline Furniture Official Store"
https://shopee.sg/dining-table-french-cream-small-apartment-home-island-integrated-modern-simple-home-quiet-style-dini-i.1526522107.41258846970,"Dining Table French Cream Small Apartment Home Island Integrated Modern Simple Home Quiet Style Dining Table Set",438.38,659,0,17,4.88,9,"MartGo.SG"
https://shopee.sg/living-mall-peyton-2-seater-sofa-bed-high-density-comfortable-with-petfriendly-options-in-48-colours-i.92727875.24042366671,"Living Mall Peyton 2-Seater Sofa Bed High Density Comfortable with PetFriendly Options in 48 Colours",347.34,529,0,17,5,9,"Living Mall"
https://shopee.sg/kitchenz-leisure-designer-sofa-designer-chair-green-blue-s42-i.1911420491.44765541198,"KitchenZ Leisure Designer Sofa Designer Chair - Green/Blue S42",271.26,409,0,17,4.94,9,"kitchenz22.sg"
https://shopee.sg/living-mall-salem-bed-frame-with-drawer-king-size-with-diomire-mattress-i.92727875.3394002763,"Living Mall Salem Bed Frame with Drawer King Size with Diomire  Mattress",155.34,239,0,17,4.06,7,"Living Mall"
https://shopee.sg/living-mall-jenie-single-size-metal-bed-frame-in-white-black-w-mattress-option-i.92727875.42975477972,"Living Mall Jenie Single Size Metal Bed Frame in White, Black - W/ Mattress Option",77.62,119,0,17,4.82,9,"Living Mall"
https://shopee.sg/upgraded-round-corner-study-table-desk-desk-computer-desk-i.1014133076.21883285408,"「Upgraded」Round Corner Study Table/Desk/Desk/Computer Desk",49.8,79,0,16,4.31,9,"Furni Urban Mall"
https://shopee.sg/doco-computer-table-study-table-combined-office-desk-bookcase-corner-balcony-table-i.1251694719.24580644587,"DOCO Computer Table Study Table Combined Office Desk Bookcase Corner Balcony Table",235.44,359,0,16,5,9,"zhangyaqi04.sg"
https://shopee.sg/faq-study-table-with-wardrobe-solid-wood-desk-with-closet-all-in-one-bedroom-home-computer-desk-with-i.1516164632.41254282489,"FAQ Study Table With Wardrobe Solid Wood Desk With Closet All-in-one Bedroom Home Computer Desk With Closet Cabinet Combination Office Tables",517.88,779,0,16,5,9,"Fineseek furniture.sg"
https://shopee.sg/space-saving-foldable-shoe-rack-multi-tier-metal-shoe-shelf-for-home-no-tools-needed-dust-resistant-i.1200983301.55906078364,"Space-Saving Foldable Shoe Rack, Multi-Tier Metal Shoe Shelf for Home - No Tools Needed, Dust-Resistant Perfect for HDB Apartment & Rental",27,59,0,16,5,9,"Koalala.sg"
https://shopee.sg/inndesign-modula-wardrobe-soft-closing-wardrobe-with-aluminium-slim-handle-i.84602591.1415431213,"INNDESIGN MODULA WARDROBE / soft closing wardrobe with aluminium slim handle",239,359,0,16,4.25,8,"INNDESIGN"
https://shopee.sg/ll-wardrobe-modular-2-3-4-5-6-doors-wardrobe-white-i.1366405770.26927075641,"LL Wardrobe Modular 2/3/4/5/6 Doors Wardrobe White",496.98,749,0,16,5,9,"LL Furniture.sg"
https://shopee.sg/next-day-delivery-sliding-wardrobe-fully-assembled-and-free-delivery-i.84602591.5207676391,"[next day delivery] Sliding Wardrobe (Fully Assembled and Free Delivery)",383.9,579,0,16,4.69,5,"INNDESIGN"
https://shopee.sg/dining-table-foldable-and-retractable-rock-board-dining-table-italian-style-rectangular-table-and-ch-i.1506202506.41907996867,"Dining Table Foldable And Retractable Rock Board Dining Table Italian Style Rectangular Table And Chair Combination Small Apartment Home JHTY",263.22,399,0,16,5,9,"JHTY.SG"
https://shopee.sg/ac-medieval-style-solid-wood-dining-table-and-chair-combination-rectangular-simple-small-apartment-h-i.1377639708.26081485179,"AC Medieval Style Solid Wood Dining Table And Chair Combination Rectangular Simple Small Apartment Home Oval Dining Table",315.9,479,0,16,5,9,"LJJ003.sg"
https://shopee.sg/w-h-dining-table-and-chair-combination-semi-circular-walnut-colour-dining-table-solid-wood-dining-ta-i.1516164596.40156494994,"W▪H Dining Table And Chair Combination Semi-circular Walnut Colour Dining Table Solid Wood Dining Table Home Small Household",2136.6,3209,0,16,5,9,"WH.sg"
https://shopee.sg/free-installation-retractable-dining-table-set-nordic-multifunctional-folding-dining-table-chair-co-i.1506202490.44151616444,"【FREE Installation】Retractable Dining Table Set Nordic Multifunctional Folding Dining Table Chair Combination GUED",200.78,309,0,16,5,9,"GUED.sg"
https://shopee.sg/dining-table-black-retro-solid-wood-folding-home-modern-light-luxury-rectangular-retractable-small-a-i.1506202559.43457154733,"Dining Table Black Retro Solid Wood Folding Home Modern Light Luxury Rectangular Retractable Small Apartment Dining Table Set",1360,2039,0,16,5,9,"GxG.Pro.sg"
https://shopee.sg/dining-table-solid-wood-rock-board-ash-wood-walnut-dining-table-chairs-set-french-style-rectangular-i.1506202506.43208001033,"Dining Table Solid Wood Rock Board Ash Wood Walnut Dining Table Chairs Set French Style Rectangular Dining Table Small Apartment JHTY",452.33,679,0,16,5,9,"JHTY.SG"
https://shopee.sg/gued-folding-dining-table-dining-cabinet-integrated-invisible-furniture-set-multifunctional-solid-wo-i.1506202490.41551612126,"GUED Folding Dining Table Dining Cabinet Integrated Invisible Furniture Set Multifunctional Solid Wood Extendable Small Dining Table",1321.26,1989,0,16,5,9,"GUED.sg"
https://shopee.sg/sg-seller-blueberry-tatami-mattress-topper-mattress-protector-single-super-single-queen-king-i.94185530.9816417234,"[SG Seller] BLUEBERRY TATAMI MATTRESS TOPPER / MATTRESS PROTECTOR (SINGLE SUPER SINGLE QUEEN KING)",59,89,0,16,5,4,"Furniture Specialist"
https://shopee.sg/yhl-king-koil-premiere-spinal-guard-posturized-inner-spring-mattress-i.96886142.9141899040,"YHL King Koil Premiere Spinal Guard Posturized Inner Spring Mattress",497.28,749,0,16,4.88,5,"yongheng206"
https://shopee.sg/anju-storage-bed-frame-hydraulic-gas-lift-lift-up-bed-free-installation-single-super-single-queen-i.1633342652.47958473323,"ANJU Storage Bed Frame Hydraulic Gas Lift Lift Up Bed Free Installation Single Super Single Queen",430.54,649,0,16,4.88,9,"ANJU Furniture"
https://shopee.sg/afh-bamboo-bay-window-table-solid-wood-bay-window-small-table-folding-table-low-study-table-i.1613057721.53954361665,"AFH Bamboo bay window table, solid wood bay window small table folding table low study table",25.36,59,0,15,4.53,9,"Verve bamboo.SG"
https://shopee.sg/home-foldable-bed-desk-laptop-office-desk-bed-desk-i.704355887.52762598901,"(HOME+) Foldable Bed Desk Laptop Office Desk Bed Desk",17.59,49,0,15,4.93,6,"HOME+SG"
https://shopee.sg/ready-stock-sg-foldable-shoe-cabinet-no-installation-required-transparent-shoe-box-stackable-shoe-or-i.1203540016.44506783501,"Ready Stock SG Foldable Shoe Cabinet No Installation Required Transparent Shoe Box Stackable Shoe Organizer Storage Rack",15.84,49,0,15,5,9,"NestNook.sg"
https://shopee.sg/living-mall-malta-series-4-5-6-8x8ft-2-door-sliding-door-wardrobe-with-mirror-door-in-3-colours-i.92727875.55009965367,"Living Mall Malta Series 4/5/6/8x8FT 2-Door Sliding Door Wardrobe with Mirror Door in 3 Colours",341.52,519,0,15,4.87,9,"Living Mall"
https://shopee.sg/wardrobe-solid-wood-home-bedroom-sliding-door-cabinet-small-apartment-hot-sale-simple-rental-room-wi-i.1408065526.28875236116,"Wardrobe Solid Wood Home Bedroom Sliding Door Cabinet Small Apartment Hot Sale Simple Rental Room With Hanging Wardrobe Customization（HCC）",269.09,409,0,15,4.73,9,"Home Collection"
https://shopee.sg/wardrobe-swing-door-single-swing-door-storage-cabinet-with-drawer-storage-cabinet-wardrobe-single-do-i.123616217.4870527825,"WARDROBE SWING DOOR / SINGLE SWING DOOR STORAGE CABINET WITH DRAWER/ STORAGE CABINET/WARDROBE/SINGLE DOOR WARDROBE",179,269,0,15,4.81,4,"my home furnishing pte ltd"
https://shopee.sg/yhl-plastic-4-doors-wardrobe-cabinet-i.96886142.24289777792,"YHL Plastic 4 Doors Wardrobe / Cabinet",162.96,249,0,15,4.8,5,"yongheng206"
https://shopee.sg/ready-stock-2-door-metal-wardrobe-on-sales-i.75757672.1277102806,"Ready stock 2 Door Metal Wardrobe On Sales",500,749,0,15,4.5,6,"furnituresale.sg"
https://shopee.sg/free-installation-minimalist-sintered-stone-dining-table-marble-dining-table-and-chair-set-scratch-i.1206181647.28214605104,"🇸🇬【Free Installation】⚡Minimalist Sintered Stone Dining Table Marble  Dining Table And Chair Set Scratch Resistant High Temperature Square Dining Table",125.01,189,0,15,4.73,9,"Monoline Furniture Official Store"
https://shopee.sg/mattress-4-inch-memory-foam-mattress-pad-topper-back-pain-relief-softens-firm-mattress-single-queen-i.1391751369.53859251074,"Mattress 4-Inch Memory Foam Mattress Pad Topper Back Pain Relief Softens Firm Mattress Single Queen SG Stock",72.25,109,0,15,4.47,9,"Dream Hug.SG"
https://shopee.sg/furnituresg-single-super-queen-king-bedframe-and-spring-mattress-set-i.9880889.12312009301,"(FurnitureSG) Single/Super/Queen/King Bedframe and Spring Mattress Set",146.29,219,0,15,4.67,4,"FurnitureSG"
https://shopee.sg/serene-sg-solid-wood-bed-frame-with-headboard-soft-package-wooden-bed-super-double-queen-king-size-i.1374659759.51601566250,"🔥Serene.SG🔥 Solid Wood Bed Frame With Headboard Soft Package Wooden Bed Super Double/Queen/King Size 实木床",149.89,229,0,15,3.33,9,"Serene Furniture Official.sg"
https://shopee.sg/yhl-flora-solid-wooden-bed-frame-free-delivery-and-installation-i.96886142.5471112882,"YHL Flora Solid Wooden Bed Frame (Free Delivery And Installation)",240.96,369,0,15,4.88,5,"yongheng206"
https://shopee.sg/minimalist-study-desk-laptop-table-home-office-sturdy-wood-top-metal-frame-pc-table-space-saving-ren-i.17824459.57806029600,"Minimalist Study Desk Laptop Table - Home Office Sturdy Wood Top Metal Frame PC Table Space Saving Rental House Desk",20.8,49,0,14,4.71,7,"Singapore Dream"
https://shopee.sg/folding-desk-with-wheels-portable-standing-desk-for-study-office-bedroom-next-day-delivery-sg-stock-i.854304479.47211018397,"Folding Desk with Wheels Portable Standing Desk for Study Office Bedroom Next Day Delivery SG Stock",26,59,0,14,4.57,8,"BASISHOME Store"
https://shopee.sg/lili-sg-bedside-table-with-casters-movable-and-height-adjustable-bedside-study-writing-desk-lazy-of-i.1565985601.48305171059,"【LILI.SG】Bedside table with casters movable and height-adjustable bedside study/writing desk lazy office desk",33.38,59,0,14,4,9,"LILI MALL.SG"
https://shopee.sg/lucas-series-fully-laminated-soft-closing-wardrobe-with-without-mirror-top-i.53927834.27910392134,"**Lucas Series Fully Laminated Soft Closing Wardrobe With/Without Mirror Top",99,149,0,14,4.93,4,"LCF Furniture Store"
https://shopee.sg/flexidesignx-tenza-trending-dining-room-set-4-6-seater-solid-wood-table-with-chairs-i.179838813.23618547727,"Flexidesignx TENZA Trending Dining Room Set 4/6 Seater Solid Wood Table with Chairs",176,269,0,14,4.79,9,"Flexidesignx Furnitures"
https://shopee.sg/bed-bug-waterproof-mattress-encasement-premium-plus-super-saver-deal-i.122568948.7569178216,"Bed Bug Waterproof Mattress Encasement Premium Plus (Super Saver Deal)",66.41,99,0,14,4.86,8,"sleepcomfie"
https://shopee.sg/gr-furniture-pet-friendly-fabric-modern-apartment-home-furniture-family-sofa-living-room-fabric-i.1017791466.20983938646,"GR Furniture Pet Friendly Fabric Modern Apartment Home Furniture Family Sofa Living Room Fabric",1382.8,2079,0,14,4.93,4,"GR Furniture"
https://shopee.sg/devonne-faux-leather-bed-frame-i.154665307.13011681609,"Devonne Faux Leather Bed Frame",170.58,259,0,14,4.57,3,"Megafurniture Official Store"
https://shopee.sg/living-mall-talla-single-super-single-solid-wooden-bed-frame-available-in-cherry-walnut-or-white-i.92727875.52111346471,"Living Mall TALLA Single/Super Single Solid Wooden Bed Frame - Available in Cherry, Walnut, or White",126.9,199,0,14,4.14,9,"Living Mall"
https://shopee.sg/os-solid-wood-bed-frame-with-thick-wood-base-pu-leather-headboard-and-large-storage-space-double-que-i.1286408733.45552020759,"OS Solid Wood Bed Frame with Thick Wood Base, PU Leather Headboard and Large Storage Space – Double/Queen/King",60,89,0,14,4,9,"OSUM Official Store"
https://shopee.sg/living-mall-jenzie-single-metal-pull-out-bed-frame-w-mattress-add-on-available-i.92727875.24616764729,"Living Mall Jenzie Single Metal Pull-Out Bed Frame w/ Mattress Add On Available",82.2,129,0,14,4.57,9,"Living Mall"
https://shopee.sg/metal-bedframe-lc106-i.53927834.11317943105,"**Metal Bedframe (LC106)",99,149,0,14,5,4,"LCF Furniture Store"
https://shopee.sg/furnituresg-2-doors-wardrobe-with-drawers-fully-assembled-i.9880889.7219638639,"(FurnitureSG) 2 doors Wardrobe with Drawers (Fully Assembled)",139.43,209,0,13,4.69,5,"FurnitureSG"
https://shopee.sg/furnituresg-3-door-wooden-wardrobe-i.9880889.4777630132,"(FurnitureSG) 3-Door Wooden Wardrobe",171.89,259,0,13,4.85,2,"FurnitureSG"
https://shopee.sg/furnituresg-wooden-wardrobe-with-drawers-i.9880889.9403650417,"(FurnitureSG) Wooden Wardrobe with Drawers",181.03,279,0,13,4.62,2,"FurnitureSG"
https://shopee.sg/living-mall-london-mix-match-2-3-doors-solid-plywood-wardrobe-with-soft-closing-hinges-door-i.92727875.57411290684,"Living Mall LONDON Mix & Match 2/3 Doors Solid Plywood Wardrobe with Soft Closing Hinges Door",499.7,749,0,13,4.69,9,"Living Mall"
https://shopee.sg/wardrobe-nordic-style-sliding-door-wardrobe-small-size-home-bedroom-wood-grain-tempered-glass-door-f-i.1408065526.28775240832,"Wardrobe Nordic Style Sliding Door Wardrobe Small Size Home Bedroom Wood Grain Tempered Glass Door Finished Combination Wardrobe（HCC）",651,979,0,13,5,9,"Home Collection"
https://shopee.sg/2-3-4-5-6-8-doors-modular-wardrobe-grey-bedroom-0-8-1-2-1-4-1-6-1-8-2-2-2-2-4-3-3-2m-modern-luxury-i.60366738.21710082034,"2/3/4/5/6/8 Doors Modular Wardrobe Grey Bedroom 0.8/1.2/1.4/1.6/1.8/2/2.2/2.4/3/3.2m Modern Luxury",337.45,509,0,13,4.31,9,"HopefulLove"
https://shopee.sg/free-shipping-free-installation-teck-seng-8-feet-sliding-doors-wardrobe-anti-jump-2-sliding-doors-s-i.397284974.16021392364,"(FREE Shipping & FREE Installation) TECK SENG 8 Feet Sliding Doors Wardrobe / Anti-Jump / 2 Sliding Doors / Spacious D1B",658,989,0,13,5,9,"TECK SENG FURNITURE @ SG"
https://shopee.sg/furnituresg-modern-sintered-stone-dining-table-chairs-set-space-saving-design-easy-to-clean-sg-sell-i.9880889.40905168056,"(FurnitureSG) Modern Sintered Stone Dining Table Chairs Set | Space-Saving Design | Easy to Clean | SG Seller",223.36,339,0,13,4.62,9,"FurnitureSG"
https://shopee.sg/sg-seller-complete-set-1-dining-table-with-4-chairs-wooden-dining-table-and-wooden-chairs-dining-se-i.70650596.1187015265,"[SG SELLER] Complete Set 1 Dining Table with 4 Chairs. Wooden dining table and wooden chairs. Dining Set",598,899,0,13,4.86,8,"Home And Style"
https://shopee.sg/sg-stock-32cm-mattress-pocket-springs-5-zoned-latex-mattress-32cm-thickness-mattress-by-luxury-5-st-i.634941710.14830148459,"(SG Stock) 32cm Mattress | Pocket Springs 5 Zoned Latex Mattress | 32cm Thickness | Mattress by Luxury 5 Star* Hotels",469,709,0,13,4.77,9,"Hotel Bed Company"
https://shopee.sg/inflatable-flocking-sofa-living-room-decoration-chair-lazy-sofa-cushioned-sofa-angin-kerusi-malas-ru-i.1407292707.43818235572,"Inflatable Flocking Sofa Living Room Decoration Chair Lazy Sofa Cushioned Sofa Angin Kerusi Malas Ruang Tamu Bedroom Home 充气植绒沙发",13.8,39,0,13,4.54,9,"Peedimalls.sg"
https://shopee.sg/free-shipping-kenzzo-queen-size-wooden-bed-frame-with-headboard-2-drawers-modern-storage-bed-frame-i.99825399.28509648491,"FREE SHIPPING 🚚 KENZZO: Queen Size Wooden Bed Frame with Headboard & 2 Drawers | Modern Storage Bed Frame",125.6,189,0,13,4.92,9,"kenzzo.sg"
https://shopee.sg/living-mall-reagan-faux-leather-divan-bed-bedframe-cream-or-dark-brown-available-in-all-sizes-i.92727875.43081183075,"Living Mall Reagan Faux Leather Divan Bed / Bedframe Cream or Dark Brown - Available in All Sizes",85.32,129,0,13,5,7,"Living Mall"
https://shopee.sg/living-mall-mula-sbd-14-16-depth-storage-bedframe-w-drawers-petfriendly-w-mattress-option-i.92727875.50356630870,"Living Mall Mula SBD 14""/16"" Depth Storage Bedframe w/ Drawers PetFriendly- w/ Mattress Option",246.77,379,0,13,4.92,9,"Living Mall"
https://shopee.sg/living-mall-talla-solid-wooden-single-bed-frame-with-mattress-package-free-installation-i.92727875.49311338229,"Living Mall TALLA Solid Wooden Single Bed Frame With Mattress Package - Free Installation",166.9,259,0,13,5,9,"Living Mall"
https://shopee.sg/ashleah-fabric-drawer-bed-frame-water-repellent-i.154665307.9737369533,"Ashleah Fabric Drawer Bed Frame (Water Repellent)",333.43,509,0,13,4.92,3,"Megafurniture Official Store"
https://shopee.sg/living-mall-berto-queen-size-pull-out-bedframe-petfriendly-fabric-option-i.92727875.29020319714,"Living Mall Berto Queen Size Pull-Out Bedframe PetFriendly Fabric Option",508.25,769,0,13,4.62,8,"Living Mall"
https://shopee.sg/creamy-style-puff-bed-frame-fabric-and-solid-wood-bed-frame-storage-with-mattress-queen-size-king-s-i.1206181647.29451397179,"🇸🇬⚡Creamy Style Puff Bed Frame Fabric And Solid Wood Bed Frame Storage with Mattress Queen Size King Size Bed Frame",370.65,559,0,13,4.21,9,"Monoline Furniture Official Store"
https://shopee.sg/furnituresg-3-in-1-bedframe-with-storage-can-choose-colour-i.9880889.8103532982,"(FurnitureSG) 3 in 1 Bedframe With Storage (Can Choose Colour)",491.89,739,0,13,4.85,7,"FurnitureSG"
https://shopee.sg/free-installation-sg-stock-modern-computer-desk-simple-study-work-table-for-home-office-sturdy-spac-i.325686736.44955899608,"*FREE INSTALLATION*[SG Stock]Modern Computer Desk - Simple Study & Work Table for Home Office (Sturdy & Spacious)",95.99,149,0,12,4.75,4,"EZ Home Living"
https://shopee.sg/a363c-computer-table-minimalist-modern-study-table-work-desk-office-desk-work-from-home-desk-i.96953349.21879432179,"A363C Computer Table, Minimalist Modern Study Table, Work Desk, Office Desk, Work From Home Desk",79.8,119,0,12,4.69,9,"Lucky Baby Mummy SG"
https://shopee.sg/c-shaped-movable-side-table-space-saving-40x30cm-2-tier-sofa-bedside-table-with-wheels-for-sg-living-i.174052095.48560114879,"C-Shaped Movable Side Table Space-Saving 40x30cm 2-Tier Sofa Bedside Table with Wheels for SG Living Room Bedroom Office",17.18,49,0,12,4.67,9,"Hxr Mobile"
https://shopee.sg/70cm-shoe-rack-bench-3-tier-bamboo-shoe-storage-organizer-entryway-bench-holds-up-to-286-lb-for-ent-i.28159485.12985094451,"🇸🇬 (70cm) Shoe Rack Bench, 3-Tier Bamboo Shoe Storage Organizer, Entryway Bench, Holds Up to 286 lb, for Entryway",27.74,59,0,12,4.75,9,"NO1.SHOP"
https://shopee.sg/tall-compact-1-door-wardrobe-tk-101-i.53927834.22446255607,"*Tall Compact 1 door Wardrobe (TK-101)",168,259,0,12,5,9,"LCF Furniture Store"
https://shopee.sg/pocket-spring-mattress-free-next-day-delivery-single-mattress-queen-size-mattress-king-matresss-i.70650596.19337930461,"POCKET SPRING MATTRESS - Free Next Day Delivery - Single Mattress, Queen Size Mattress, King Matresss",256.68,389,0,12,4.42,9,"Home And Style"
https://shopee.sg/lazy-sofa-modern-ergonomic-recliner-chair-high-density-sponge-comfortable-lounge-sofa-for-hdb-flat-b-i.1391751369.44367092267,"Lazy Sofa Modern Ergonomic Recliner Chair High Density Sponge Comfortable Lounge Sofa for HDB Flat Bedroom",99.79,149,0,12,5,9,"Dream Hug.SG"
https://shopee.sg/furnituresg-luxury-convertible-sofa-bed-space-saving-fold-out-couch-bed-modern-design-living-room-f-i.9880889.22741430250,"(FurnitureSG) Luxury Convertible Sofa Bed | Space-Saving Fold-Out Couch Bed | Modern Design Living Room Furniture",163.66,249,0,12,4.83,5,"FurnitureSG"
https://shopee.sg/yhl-8-inch-bonnel-spring-mattress-with-divan-bed-frame-available-in-4-sizes-i.96886142.10603412607,"YHL 8 Inch Bonnel Spring Mattress With Divan Bed Frame (Available In 4 Sizes)",210.45,319,0,12,4.92,6,"yongheng206"
https://shopee.sg/living-mall-orthocoil-puffy-platform-bed-frame-pet-friendly-fabric-leather-with-mattress-all-size-i.92727875.27901065602,"Living Mall OrthoCoil Puffy Platform Bed Frame Pet-Friendly Fabric/Leather with Mattress All Size",164.48,249,0,12,4.67,8,"Living Mall"
https://shopee.sg/living-mall-eilert-single-super-single-pull-out-bed-frame-w-petfriendly-mattress-option-i.92727875.26924123360,"Living Mall Eilert Single./Super Single Pull-Out Bed Frame w/ PetFriendly & Mattress Option",260.48,399,0,12,5,9,"Living Mall"
https://shopee.sg/yhl-04-divan-bed-frame-available-in-4-sizes-i.96886142.7952452243,"YHL 04 Divan Bed Frame (Available In 4 Sizes)",102.43,159,0,12,4.67,2,"yongheng206"
https://shopee.sg/radiant-folding-table-lazy-bed-table-home-student-writing-table-simple-small-table-for-bedroom-dorm-i.1207024576.47004082042,"⚡RADIANT Folding table lazy bed table home student writing table simple small table for bedroom dormitory",25.36,59,0,11,4.18,9,"RADIANT RETREAT HOME FURNISHINGS"
https://shopee.sg/lucky-home-multi-purpose-foldable-laptop-table-lazy-table-bed-table-with-tablet-holder-for-work-stu-i.1132987842.40129820972,"🇸🇬Lucky Home🔥Multi-purpose Foldable Laptop Table Lazy Table Bed Table with Tablet Holder for Work Study",10.02,39,0,11,5,9,"Lucky Home Lifestyle"
https://shopee.sg/free-installation-of-children-s-wardrobe-simple-storage-cabinet-for-home-usefoldable-and-freely-comb-i.559094417.47803528411,"Free installation of children's wardrobe simple storage cabinet for home usefoldable and freely combinable storage",25.44,59,0,11,5,9,"Ding Dong home store"
https://shopee.sg/living-mall-felip-series-5ft-2-door-sliding-door-wardrobe-in-white-wash-or-walnut-in-5-design-i.92727875.29055127071,"Living Mall Felip Series 5FT 2-Door Sliding Door Wardrobe in White Wash or Walnut in 5 Design",345.51,519,0,11,4.73,9,"Living Mall"
https://shopee.sg/sg-ready-stock-sliding-wardrobe-with-removable-shelves-with-mirror-i.75757672.17762355014,"SG Ready Stock Sliding Wardrobe with removable shelves with mirror",439.36,659,0,11,5,9,"furnituresale.sg"
https://shopee.sg/2-3-4-doors-wardrobe-top-free-and-install-dark-brown-white-wash-cherry-i.8801197.8019353583,"2/3/4 Doors Wardrobe + Top(Free 🚚 and install )Dark brown,white wash Cherry",220.7,339,0,11,4.27,6,"Home Factor"
https://shopee.sg/dining-table-and-chair-set-rock-board-tabletop-solid-wood-frame-small-size-nordic-style-rectangular-i.1408065526.26630015450,"Dining Table And Chair Set Rock Board Tabletop Solid Wood Frame Small Size Nordic Style Rectangular Dining Table（HCC）",197.98,299,0,11,5,9,"Home Collection"
https://shopee.sg/dining-table-nordic-desk-simple-small-apartment-home-dining-table-chair-oak-custom-solid-wood-furnit-i.1408065526.27782834741,"Dining Table Nordic Desk Simple Small Apartment Home Dining Table Chair Oak Custom Solid Wood Furniture（HCC）",371.86,559,0,11,5,9,"Home Collection"
https://shopee.sg/free-installation-italian-extendable-dining-table-sintered-stone-dining-table-marble-dining-table-4-i.1206181647.23689648621,"🇸🇬【Free Installation】⚡Italian Extendable Dining Table Sintered Stone Dining Table Marble Dining Table 4 seaters 6 seaters 8 seaters",501.77,759,0,11,5,9,"Monoline Furniture Official Store"
https://shopee.sg/lazy-sofa-chair-bedroom-beanbag-cover-with-filling-double-seater-tatami-girl-lazy-chair-kerusi-malas-i.1292605474.41554270655,"Lazy Sofa chair Bedroom BeanBag Cover With Filling Double Seater tatami Girl Lazy Chair Kerusi Malas Besar Siap isi 懒人沙发 （My ready stock）",8.38,39,0,11,4.82,9,"littlequeenz.sg"
https://shopee.sg/living-mall-ginny-single-metal-daybed-bed-frame-copper-or-white-colour-w-mattress-option-i.92727875.40500273348,"Living Mall Ginny Single Metal Daybed Bed Frame Copper or White Colour - w/ Mattress Option",182.77,279,0,11,5,9,"Living Mall"
https://shopee.sg/furnituresg-sg-ready-stock-solid-rubber-wooden-single-size-double-deck-bed-bedframe-wood-bed-bunk-b-i.9880889.21656171434,"(FurnitureSG) [SG READY STOCK] Solid Rubber Wooden Single Size Double Deck bed / Bedframe / Wood Bed / Bunk Bed",821.94,1239,0,11,4.91,2,"FurnitureSG"
https://shopee.sg/3-in1-pull-out-bed-frame-fabric-upholstered-color-choice-i.30336969.7443837250,"3 in1 Pull Out Bed Frame - Fabric upholstered - Color Choice",460,689,0,11,4.91,6,"univonna"
https://shopee.sg/offigo-140cm-120cm-electric-height-adjustable-desk-ergonomic-table-with-memory-function-for-home-off-i.1598458412.47856321665,"OffiGo 140CM/120CM Electric Height Adjustable Desk Ergonomic Table with Memory Function for Home Office",155.8,239,0,10,4.8,8,"OffiGo"
https://shopee.sg/afh-solid-wood-foldable-table-home-small-table-student-bed-study-low-table-tea-table-i.1613057721.57904881528,"AFH Solid wood foldable table home small table student bed study low table tea table",42.34,69,0,10,4.4,9,"Verve bamboo.SG"
https://shopee.sg/nordic-minimalist-study-table-home-office-solid-wood-steel-frame-computer-table-writing-desk-i.96953349.26653201860,"Nordic Minimalist Study Table Home Office Solid Wood Steel Frame Computer Table Writing Desk",58.8,89,0,10,5,9,"Lucky Baby Mummy SG"
https://shopee.sg/3-door-wardrobe-ssh-9313-i.53927834.9779184148,"**3 Door Wardrobe (SSH-9313)",168,259,0,10,4.9,2,"LCF Furniture Store"
https://shopee.sg/flexidesignx-ecplise-2-door-wardrobe-white-clothes-cabinet-with-soft-close-doors-i.179838813.4579558087,"Flexidesignx ECPLISE 2 Door Wardrobe White Clothes Cabinet with Soft Close Doors",208.5,319,0,10,4.7,5,"Flexidesignx Furnitures"
https://shopee.sg/1-2-3-door-wardrobe-with-drawer-cabinet-storage-mirror-multiple-colors-styles-available-free-install-i.75620248.40709932254,"1-2-3 Door Wardrobe with Drawer / Cabinet/Storage /Mirror | Multiple Colors & Styles Available/Free Installation",78,119,0,10,5,7,"F31 Furniture Store"
https://shopee.sg/modular-wardrobe-2-3-sliding-door-morandi-light-pink-1-2-1-4-1-6-1-8-2-2-2-2-4m-wardrobe-modern-luxu-i.60366738.19509950521,"Modular Wardrobe 2/3 Sliding Door Morandi Light Pink 1.2/1.4/1.6/1.8/2/2.2/2.4m Wardrobe Modern luxury",340.45,519,0,10,4.82,9,"HopefulLove"
https://shopee.sg/free-type-000629-dining-table-set-simple-negotiation-stoic-table-and-4chairs-combination-4-people-m-i.8801197.20007360662,"👍（Free 🚚🛠️）Type 000629 Dining table SET Simple Negotiation Stoic Table and 4Chairs Combination 4 People&Meeting Table",315.64,479,0,10,5,9,"Home Factor"
https://shopee.sg/gr-furniture-modern-kitchen-dining-table-solid-rubber-wood-dining-set-with-6-chairs-i.1017791466.22873192421,"GR Furniture Modern Kitchen Dining Table Solid Rubber Wood Dining Set With 6 Chairs",320.54,489,0,10,5,4,"GR Furniture"
https://shopee.sg/free-delivery-customizable-foldable-dining-table-set-liz-white-gloss-dining-table-sintered-stone-di-i.1333089513.40951663834,"【Free Delivery】Customizable/Foldable Dining Table Set Liz White Gloss Dining Table Sintered Stone Dining Table Expandable HDB",367.9,559,0,10,5,9,"U.M HOME"
https://shopee.sg/ecosleep-sg-local-brand-30cm-plushtop-pocket-spring-mattress-cooling-comfort-5-years-warranty-singl-i.1627279011.26842991097,"🇸🇬 ECOSLEEP SG Local Brand 🇸🇬 30cm PlushTop Pocket Spring Mattress | Cooling Comfort | 5 Years Warranty | Single – Queen",139.2,209,0,10,4.1,9,"bestkoil"
https://shopee.sg/free-installation-kenzzo-oskar-canvas-fabric-sofa-2-seater-sofa-3-seater-sofa-sofa-free-shipping-i.99825399.29309753567,"🆓 FREE INSTALLATION | KENZZO:  Oskar canvas fabric sofa – 2 Seater sofa/ 3 seater sofa/sofa/free shipping",175.06,269,0,10,4.5,9,"kenzzo.sg"
https://shopee.sg/kitchenz-velvet-fabric-leisure-chair-lazy-chair-wide-seat-togo-sofa-with-ottoman-yellow-grey-cream-l-i.1911420491.49965528156,"KitchenZ Velvet Fabric Leisure Chair Lazy Chair Wide Seat Togo Sofa with Ottoman Yellow/Grey/Cream - LP1823+LP1825",826.65,1239,0,10,5,9,"kitchenz22.sg"
https://shopee.sg/furnituresg-dark-brown-queen-size-divan-i.9880889.21076541506,"(FurnitureSG) Dark Brown Queen Size Divan",86.86,139,0,10,4.8,1,"FurnitureSG"
https://shopee.sg/living-mall-enzo-fabric-bed-frame-in-3-colours-all-sizes-available-i.92727875.20368557400,"Living Mall Enzo Fabric Bed Frame in 3 Colours - All Sizes Available",109.62,169,0,10,4.9,9,"Living Mall"
https://shopee.sg/living-mall-delia-pull-out-bed-frame-slatted-wood-base-with-pull-out-bed-w-mattress-option-i.92727875.29836386204,"Living Mall Delia Pull-Out Bed Frame Slatted Wood Base with Pull-out Bed w/ Mattress Option",274.2,419,0,10,5,9,"Living Mall"
https://shopee.sg/yuta-storage-bed-frame-water-repellent-pet-friendly-option-i.1289604467.26061320459,"Yuta Storage Bed Frame (Water Repellent & Pet-Friendly Option)",221.73,339,0,10,5,7,"Caler Home Singapore"
https://shopee.sg/living-mall-crato-16-sbd-lift-up-storage-bed-base-bedframe-pet-friendly-option-mattress-option-i.92727875.25283639984,"Living Mall Crato 16"" SBD Lift Up Storage Bed Base Bedframe - Pet-Friendly Option / Mattress Option",365.62,549,0,10,5,9,"Living Mall"
https://shopee.sg/furnituresg-soild-wood-bedframe-with-pullout-or-drawer-natural-white-cappucino-i.9880889.27587134993,"(FurnitureSG) Soild Wood Bedframe with Pullout or Drawer (Natural/White/Cappucino)",136.23,209,0,10,4.9,2,"FurnitureSG"
https://shopee.sg/flexidesignx-gina-single-metal-bed-black-white-metal-frame-bed-frame-house-rental-i.179838813.8159948706,"Flexidesignx GINA Single Metal Bed Black/White Metal Frame/Bed Frame House Rental",92.6,139,0,10,3.73,8,"Flexidesignx Furnitures"
https://shopee.sg/furnituresg-white-bed-frame-with-foam-mattress-set-queen-i.9880889.6555285789,"(FurnitureSG) White Bed Frame with Foam Mattress Set (Queen)",294.4,449,0,10,4.6,2,"FurnitureSG"
https://shopee.sg/living-mall-sabita-series-5ft-sliding-wardrobe-scratch-resistant-in-11-designs-i.92727875.28229394442,"Living Mall Sabita Series 5ft Sliding Wardrobe Scratch Resistant in 11 Designs",335.45,509,0,9,4.89,9,"Living Mall"
https://shopee.sg/next-day-delivery-foldable-wardrobe-cabinet-with-wheels-storage-cabinet-with-magnetic-door-i.1389128163.54709472057,"【Next Day Delivery】Foldable Wardrobe Cabinet With Wheels Storage Cabinet With Magnetic Door",32.6,59,0,9,5,5,"LILI Home"
https://shopee.sg/yhl-sliding-door-wardrobe-with-2-drawers-i.96886142.24767279842,"YHL Sliding Door Wardrobe With 2 Drawers",185.3,279,0,9,5,5,"yongheng206"
https://shopee.sg/furnituresg-ceramic-top-dining-table-and-bench-set-i.9880889.29855630604,"(FurnitureSG) Ceramic Top Dining Table And Bench Set",209.37,319,0,9,4.89,2,"FurnitureSG"
https://shopee.sg/living-mall-reigh-series-natural-marble-dining-set-in-8-designs-i.92727875.6877355707,"Living Mall Reigh Series Natural Marble Dining Set In 8 Designs",228.48,349,0,9,3.67,6,"Living Mall"
https://shopee.sg/dining-table-and-chair-combination-solid-wood-rock-board-tabletop-with-drawer-storage-modern-simple-i.1408065526.29728587483,"Dining Table And Chair Combination Solid Wood Rock Board Tabletop With Drawer Storage Modern Simple Home Dining Table（HCC）",341.1,519,0,9,4.78,9,"Home Collection"
https://shopee.sg/dining-table-and-chair-combination-simple-small-apartment-cream-white-restaurant-rock-slab-dining-ta-i.1408065526.27572731141,"Dining Table And Chair Combination Simple Small Apartment Cream White Restaurant Rock Slab Dining Table (HC)",160.65,249,0,9,5,9,"Home Collection"
https://shopee.sg/lazy-sofa-tatami-double-rental-house-small-apartment-internet-famous-bedroom-bean-bag-leisure-balcon-i.1292605474.26037510550,"Lazy Sofa, Tatami, Double Rental House, Small Apartment, Internet Famous Bedroom, Bean Bag, Leisure Balcony, Lying Chair On The Ground 懒人沙发 （My ready stock）",8.38,39,0,9,4.89,9,"littlequeenz.sg"
https://shopee.sg/furnituresg-1-2-3-seater-premium-pu-leather-sofa-6-colours-i.9880889.24305487305,"(FurnitureSG) 1/2/3 Seater Premium PU Leather Sofa (6 Colours)",209.37,319,0,9,5,4,"FurnitureSG"
https://shopee.sg/livingmall-miglior-pelle-sofa-genuine-top-grain-thick-cowhide-full-leather-2-3-seater-l-shape-i.92727875.29550820128,"LivingMall MIGLIOR PELLE Sofa Genuine Top Grain Thick Cowhide Full Leather 2/3-Seater L-Shape",795.34,1199,0,9,4.67,9,"Living Mall"
https://shopee.sg/living-mall-diomire-leather-divan-bed-frame-with-13-5-pillow-top-medium-firm-mattress-all-sizes-i.92727875.5865857022,"Living Mall DIOMIRE Leather Divan Bed frame With 13.5"" Pillow Top Medium Firm Mattress - All Sizes",365.62,549,0,9,4.67,9,"Living Mall"
https://shopee.sg/foldable-bed-katil-lipat-single-bed-sofa-bed-frame-katil-single-besi-lipat-single-portable-office-na-i.365052519.20255287212,"Foldable Bed Katil Lipat Single Bed Sofa Bed Frame Katil Single Besi Lipat Single Portable Office Nap 单人折叠床架 Foldable Frame",66.14,99,0,9,4.92,9,"localgoodsdirect.sg"
https://shopee.sg/living-mall-chana-divan-bedframe-and-6-inch-foam-mattress-bundle-i.92727875.49060923331,"LIVING MALL CHANA DIVAN BEDFRAME AND 6 INCH FOAM MATTRESS BUNDLE",155.34,239,0,9,4.78,7,"Living Mall"
https://shopee.sg/living-mall-orthocoil-gerna-queen-king-leather-pet-friendly-fabric-pull-out-bed-frame-in-30-colors-i.92727875.24920929560,"Living Mall OrthoCoil Gerna Queen/King Leather/Pet-Friendly Fabric Pull-Out Bed Frame in 30 Colors",609.74,919,0,9,4.56,9,"Living Mall"
https://shopee.sg/metal-bedframe-with-stronger-base-support-lc-215-315-i.53927834.4656372803,"Metal Bedframe With Stronger Base Support (LC-215/315)",228,349,0,9,5,9,"LCF Furniture Store"
https://shopee.sg/yhl-8-inch-spring-mattress-and-divan-bedframe-i.96886142.2017637290,"YHL 8 INCH SPRING MATTRESS AND DIVAN BEDFRAME",203,309,0,9,4.89,5,"yongheng206"
https://shopee.sg/living-mall-bailey-storage-bed-frame-sbd14-fabric-faux-leather-in-4-colors-i.92727875.15290709988,"Living Mall Bailey Storage Bed Frame SBD14"" Fabric/ Faux Leather in 4 Colors",457.05,689,0,9,4.33,8,"Living Mall"
https://shopee.sg/valentino-storage-bed-frame-36cm-storage-height-fabric-upholstery-color-choice-free-delivery-free-in-i.30336969.6336180558,"Valentino Storage Bed Frame * 36cm Storage Height * Fabric Upholstery * Color Choice * Free Delivery * Free Installation",555,839,0,9,4.78,8,"univonna"
https://shopee.sg/standing-desk-mobile-adjustable-height-computer-desk-for-home-office-study-hdb-small-space-space-sav-i.854304479.56360955245,"Standing Desk Mobile Adjustable Height Computer Desk for Home Office Study HDB Small Space Space Saving Table SG",22.99,49,0,8,4.5,9,"BASISHOME Store"
https://shopee.sg/serene-sg-folding-table-home-study-table-coffee-table-low-table-bed-desk-tatami-computer-table-balc-i.1374659759.52110915812,"【Serene.SG】Folding Table Home Study Table Coffee Table Low Table Bed Desk Tatami Computer Table Balcony Tea Table",34.8,59,0,8,4.13,9,"Serene Furniture Official.sg"
https://shopee.sg/lili-sg-120-140-160-solid-wood-electric-adjustable-desk-smart-computer-desk-gaming-table-home-offic-i.1565985601.54207145562,"【LILI.SG】120/140/160 Solid Wood Electric Adjustable Desk, Smart Computer Desk, Gaming Table, Home Office Desk, Workbench",164.99,249,0,8,5,9,"LILI MALL.SG"
https://shopee.sg/free-installation-kenzzo-multifunctional-4-door-wardrobe-cupboard-cabinet-wardrobe-2-door-wardrobe-i.99825399.24144684162,"[FREE INSTALLATION] KENZZO : Multifunctional 4 door  wardrobe /cupboard/cabinet/ wardrobe/ 2 door wardrobe",89.47,139,0,8,4.63,9,"kenzzo.sg"
https://shopee.sg/2-door-wardrobe-with-shelves-ssh-6210-i.53927834.11715355790,"**2 Door Wardrobe With Shelves (SSH-6210)",138,209,0,8,4.5,4,"LCF Furniture Store"
https://shopee.sg/preorder-wardrobe-cloths-organizer-bedroom-storage-cabinet-with-mirror-cupboard-storage-cabinet-bed-i.123616217.6270544859,"(PREORDER)WARDROBE / CLOTHS ORGANIZER / BEDROOM STORAGE CABINET WITH MIRROR/CUPBOARD/STORAGE CABINET/BEDROOM CABINET",219,329,0,8,4.88,4,"my home furnishing pte ltd"
https://shopee.sg/wardrobe-home-bedroom-sliding-door-simple-modern-small-apartment-solid-wood-wardrobe-hc-i.1408065526.28222717513,"Wardrobe Home Bedroom Sliding Door Simple Modern Small Apartment Solid Wood Wardrobe（HC）",681.6,1029,0,8,5,9,"Home Collection"
https://shopee.sg/hf-sliding-door-wardrobe-free-delivery-install-plywood-internal-structure-available-i.8801197.27020138697,"👍HF Sliding Door Wardrobe (FREE DELIVERY&INSTALL)Plywood Internal Structure Available",410.78,619,0,8,5,9,"Home Factor"
https://shopee.sg/logan-sliding-door-wardrobe-i.1289604467.25335172033,"Logan Sliding Door Wardrobe",210.33,319,0,8,4.75,9,"Caler Home Singapore"
https://shopee.sg/free-shipping-installation-kenzzo-zanis-solid-wood-dining-table-set-dining-table-4-chairs-dining-set-i.99825399.29609901712,"FREE SHIPPING & INSTALLATION🆓🚚 Kenzzo : Zanis solid wood dining table set  / Dining Table + 4 Chairs / dining set",276.66,419,0,8,4.75,9,"kenzzo.sg"
https://shopee.sg/jiji-sg-soren-round-dining-table-diameter-80cm-i.31165845.4254731282,"(JIJI SG) Soren Round Dining Table - Diameter 80cm",105.5,159,0,8,4.75,5,"JIJI.SG Official Store"
https://shopee.sg/dining-chair-free-p99-leather-chair-light-luxury-style-dining-room-furniture-i.8801197.23022038752,"👍Dining Chair (Free🚚🔨)P99 Leather Chair Light Luxury Style Dining Room Furniture",73.81,119,0,8,4.89,8,"Home Factor"
https://shopee.sg/living-mall-orthocoil-10-posture-plush-euro-top-mattress-bonnell-spring-mattress-all-size-i.92727875.29930767340,"Living Mall Orthocoil 10"" Posture Plush Euro Top Mattress Bonnell Spring Mattress - All Size",164.48,249,0,8,5,9,"Living Mall"
https://shopee.sg/living-mall-diomire-13-5-black-royale-mattress-pocketed-spring-mattress-high-density-all-size-i.92727875.25193095687,"Living Mall Diomire 13.5"" Black Royale Mattress Pocketed Spring Mattress High Density - All Size",274.2,419,0,8,5,7,"Living Mall"
https://shopee.sg/messi-7-seater-corner-fabric-sofa-i.1289604467.26558703680,"Messi 7 Seater Corner Fabric Sofa",1030.93,1549,0,8,5,7,"Caler Home Singapore"
https://shopee.sg/kitchenz-mona-rocking-sofa-rocking-chair-leisure-chair-1seater-sofa-bed-free-stool-fabric-seat-metal-i.1911420491.44765541186,"KitchenZ Mona Rocking Sofa Rocking Chair Leisure Chair 1Seater Sofa Bed Free Stool Fabric Seat Metal Leg",678.72,1019,0,8,5,9,"kitchenz22.sg"
https://shopee.sg/living-mall-carmel-single-size-metal-bed-frame-in-2-colours-optional-4-foam-mattress-add-on-i.92727875.14113766986,"Living Mall Carmel Single Size Metal Bed Frame In 2 Colours Optional 4"" Foam Mattress Add On",137.05,209,0,8,4.67,7,"Living Mall"
https://shopee.sg/living-mall-twiggy-wooden-bed-standard-bed-fram-walnut-white-frame-easy-carry-bed-frame-durable-bed-i.92727875.14073244157,"Living Mall Twiggy Wooden Bed/Standard Bed Fram /Walnut/White Frame/Easy Carry Bed Frame/Durable Bed",100.48,159,0,8,4,9,"Living Mall"
https://shopee.sg/living-mall-dumee-metal-bed-frame-solid-durable-sturdy-heavy-duty-bedroom-furniture-black-white-i.92727875.16441191653,"Living Mall Dumee Metal Bed Frame / Solid Durable Sturdy / Heavy Duty /Bedroom Furniture/Black/White",163.57,249,0,8,4.63,9,"Living Mall"
https://shopee.sg/gr-furniture-german-pump-hydraulic-storage-bed-frame-only-all-size-modern-pet-friendly-fabric-i.1017791466.29791249061,"GR Furniture German Pump Hydraulic Storage Bed Frame Only All Size Modern Pet Friendly Fabric",345.5,519,0,8,5,5,"GR Furniture"
https://shopee.sg/living-mall-cecer-orthocoil-divan-bed-frame-pet-friendly-scratch-resist-fabric-w-mattress-add-on-i.92727875.25252381212,"Living Mall Cecer OrthoCoil Divan Bed Frame Pet Friendly Scratch-resist Fabric - W/ Mattress Add On",228.48,349,0,8,4.6,9,"Living Mall"
https://shopee.sg/living-mall-cadenza-series-fabric-divan-bed-frame-in-3-designs-all-sizes-available-i.92727875.7367257590,"Living Mall Cadenza Series Fabric Divan Bed Frame In 3 Designs- All Sizes Available",182.77,279,0,8,4,8,"Living Mall"
https://shopee.sg/living-mall-naga-fabric-bed-frame-with-10-diomire-ortho-supreme-mattress-package-in-4-colours-i.92727875.6865889340,"Living Mall Naga Fabric Bed Frame With 10"" Diomire Ortho Supreme Mattress Package In 4 Colours",301.62,459,0,8,4.13,9,"Living Mall"
https://shopee.sg/serene-furniture-shoe-rack-home-narrow-entryway-indoor-stylish-bedroom-dustproof-storage-organizer-s-i.1374659759.48160318052,"Serene Furniture Shoe Rack Home Narrow Entryway Indoor Stylish Bedroom Dustproof Storage Organizer Shoe Cabinet鞋柜",53.67,89,0,7,3.86,9,"Serene Furniture Official.sg"
https://shopee.sg/shoe-rack-carbon-steel-shoe-cabinet-with-wheels-cover-high-capacity-shoe-storage-organizer-multi-tie-i.1613885783.53858045508,"Shoe Rack Carbon Steel Shoe Cabinet with wheels&Cover High capacity Shoe Storage Organizer Multi-tier shoe Shelf 多层鞋架",85.19,129,0,7,5,9,"Singular Home"
https://shopee.sg/free-installation-kenzzo-luxury-ccc-tempared-glass-2-door-wardrobe-for-small-apartments-glass-wardro-i.99825399.23265029202,"Free Installation! KENZZO:Luxury CCC tempared Glass 2 door wardrobe for small apartments/glass wardrobe/cupboard/cabinet",199.9,299,0,7,5,9,"kenzzo.sg"
https://shopee.sg/large-2-door-wardrobe-sk-2280-i.53927834.14801955950,"Large 2 Door Wardrobe (SK-2280)",205,309,0,7,5,4,"LCF Furniture Store"
https://shopee.sg/furnituresg-2-door-wardrobe-with-free-delivery-and-installation-available-mirror-addon-i.9880889.28583753302,"(FurnitureSG) 2 Door Wardrobe With Free Delivery and Installation | Available Mirror Addon",128.05,199,0,7,4.43,3,"FurnitureSG"
https://shopee.sg/flexidesignx-mitti-150cm-dining-table-solid-wood-for-4-6-pax-walnut-beech-natural-i.179838813.5363528616,"Flexidesignx MITTI 150cm Dining Table Solid Wood For 4–6 Pax Walnut Beech Natural",178,269,0,7,4.86,7,"Flexidesignx Furnitures"
https://shopee.sg/free-installation-luxury-extendable-sintered-stone-dining-table-set-w-chair-scratch-resistant-high-i.1206181647.29251754513,"🇸🇬【Free Installation】⚡Luxury Extendable Sintered Stone Dining table Set w Chair Scratch Resistant High Temperature Foldable Dining Table Extendable Dining Table",441.57,669,0,7,4.71,9,"Monoline Furniture Official Store"
https://shopee.sg/livingmall-king-koil-hospitality-suites-13-3-mattress-extended-life-collection-w-pillow-all-size-i.92727875.26632482927,"LivingMall King Koil Hospitality Suites 13.3"" Mattress Extended Life Collection -w/ Pillow- All Size",830.28,1249,0,7,4.43,9,"Living Mall"
https://shopee.sg/bundle-set-muji-a-wooden-sofa-with-cover-set-assembly-only-provided-for-seller-own-fleet-option-i.257608708.43726092436,"[Bundle Set] Muji (A)Wooden Sofa With Cover Set ( Assembly only provided for seller own fleet option )",635.9,959,0,7,4.29,7,"MUJI Official Store"
https://shopee.sg/free-installation-kenzzo-foldable-sofa-bed-2-in-1-living-room-furniture-day-bed-3-seater-sofa-bed-fr-i.99825399.29318259823,"FREE INSTALLATION 🆓🚚 KENZZO : Foldable Sofa Bed/ 2-in-1 Living Room Furniture / Day Bed/3 seater sofa bed/free delivery",129.06,199,0,7,4.86,7,"kenzzo.sg"
https://shopee.sg/serene-sg-minimalist-metal-high-load-bearing-bed-frame-queen-size-single-double-king-apartment-iron-i.1374659759.58057165557,"🔥Serene.SG🔥 Minimalist Metal High Load Bearing Bed Frame Queen Size Single/Double/King Apartment Iron Bedstead",60.27,99,0,7,5,9,"Serene Furniture Official.sg"
https://shopee.sg/luxe-arielle-pull-out-bed-single-day-bed-super-single-bed-frame-trundle-bed-pull-out-drawer-bed-i.950497811.40109958909,"LUXE: ARIELLE Pull Out Bed | Single Day Bed | Super Single Bed Frame | Trundle Bed | Pull out | Drawer Bed",416.9,629,0,7,5,8,"Luxe Living"
https://shopee.sg/snb-140-120cm-office-table-with-drawer-cabinet-computer-table-home-modern-advanced-desk-study-table-i.1093115257.46307811464,"SNB 140/120CM Office Table With Drawer Cabinet Computer Table Home Modern Advanced Desk Study table",79.1,119,0,6,4.5,9,"SUNNY BIERE OS.sg "
https://shopee.sg/ready-stock-modern-study-desk-and-table-for-bedroom-or-home-office-good-for-wfh-delivery-and-assemb-i.70650596.9078221096,"[Ready Stock] Modern Study Desk and Table for Bedroom or Home Office | Good for WFH | Delivery and Assembly Included",89.9,139,0,6,4.67,9,"Home And Style"
https://shopee.sg/free-installation-kenzzo-meiji-wooden-wardrobe-cabinet-cupboard-drawer-storage-wardrobe-with-mirror-i.99825399.53601125535,"FREE INSTALLATION 🆓🚚 KENZZO : Meiji wooden wardrobe/ cabinet /cupboard & drawer storage/wardrobe with mirror door",116.74,179,0,6,4.17,8,"kenzzo.sg"
https://shopee.sg/livingmall-nalin-2-door-3-door-wardrobe-with-drawers-full-laminated-back-panel-in-6-colour-i.92727875.27320112947,"LivingMall Nalin 2-Door 3-Door Wardrobe with Drawers Full Laminated Back Panel in 6 Colour",182.77,279,0,6,5,9,"Living Mall"
https://shopee.sg/wahie-luxury-model-side-by-side-door-wardrobe-in-three-size-i.68947061.3862115488,"Wahie Luxury Model Side by Side door Wardrobe in Three Size",398.33,599,0,6,5,8,"LuluFuniture.SG"
https://shopee.sg/2-3-5-doors-wardrobe-on-sale-yw-2506-3506-i.53927834.28204573113,"**2/3/5 Doors Wardrobe On Sale (YW-2506/3506)",79,119,0,6,4.63,9,"LCF Furniture Store"
https://shopee.sg/wardrobe-2-door-storage-cabinet-2door-2drawer-cupboard-clothes-cabinet-i.123616217.9102488185,"WARDROBE 2 DOOR/ STORAGE CABINET 2DOOR + 2DRAWER/CUPBOARD/CLOTHES CABINET",149,229,0,6,4.67,4,"my home furnishing pte ltd"
https://shopee.sg/sg-next-day-delivery-hanging-wardrobe-organiser-foldable-closet-shelf-clothes-storage-bag-i.946575615.43532069839,"⚡SG Next Day Delivery⚡Hanging Wardrobe Organiser Foldable Closet Shelf Clothes Storage Bag",3.49,29,0,6,5,9,"Ysowks.sg"
https://shopee.sg/livingmall-miori-2-3-door-wooden-wardrobe-modern-clothes-cabinet-w-carb-p2-low-formaldehyde-board-i.92727875.50112492736,"LivingMall MIORI 2/3-Door Wooden Wardrobe Modern Clothes Cabinet w/ CARB-P2 Low Formaldehyde Board",153.9,239,0,6,5,9,"Living Mall"
https://shopee.sg/yhl-solid-plywood-45-inch-soft-closing-3-doors-wardrobe-with-top-optional-of-adding-mirror-inside-ou-i.96886142.20917576298,"YHL Solid Plywood 45 Inch Soft Closing 3 Doors Wardrobe With Top (Optional Of Adding Mirror Inside / Outside)",395.76,599,0,6,5,5,"yongheng206"
https://shopee.sg/uv-bright-painting-modular-wardrobe-2-3-4-5-6-doors-wardrobe-white-luxury-i.60366738.19844773313,"UV Bright Painting Modular Wardrobe 2/3/4/5/6 Doors Wardrobe White Luxury",310.5,469,0,6,4.33,9,"HopefulLove"
https://shopee.sg/free-shipping-free-installation-teck-seng-8-feet-sliding-doors-wardrobe-anti-jump-2-sliding-doors-s-i.397284974.14161857582,"(FREE Shipping & FREE Installation) TECK SENG 8 Feet Sliding Doors Wardrobe / Anti-Jump / 2 Sliding Doors /Spacious DB3B",658,989,0,6,4.17,8,"TECK SENG FURNITURE @ SG"
https://shopee.sg/sliding-door-wardrobe-free-delivery-install-type-d13-double-mirror-door-solid-plywood-grey-wardrobe-i.8801197.27421010759,"👍Sliding Door Wardrobe (FREE DELIVERY&INSTALL)Type D13 Double Mirror Door Solid Plywood Grey Wardrobe",410.78,619,0,6,4.83,9,"Home Factor"
https://shopee.sg/cozylant-tasaki-dining-table-set-sintered-stone-table-solid-white-ash-wood-dining-room-i.1010515154.27023704621,"Cozylant Tasaki Dining Table Set / Sintered Stone Table / Solid White Ash Wood / Dining Room",464.95,699,0,6,5,9,"Cozylant Official Store"
https://shopee.sg/furnituresg-soild-wood-dining-table-and-chairs-i.9880889.5120143109,"(FurnitureSG) Soild Wood Dining Table and Chairs",255.09,389,0,6,5,2,"FurnitureSG"
https://shopee.sg/mattress-topper-thick-luxurious-premium-cotton-grade-a-mattress-topper-4cm-thick-with-1350-gsm-filli-i.122568948.7207652504,"Mattress Topper - Thick Luxurious Premium Cotton Grade A Mattress Topper 4CM Thick with 1350 GSM Filling",72.31,109,0,6,5,3,"sleepcomfie"
https://shopee.sg/pre-order-getha-togetha-5-mattress-full-latex-i.212426596.29130021888,"[PRE-ORDER]  Getha Togetha 5 Mattress - Full Latex",674.25,1019,0,6,4.67,8,"Getha Singapore Official Store"
https://shopee.sg/sofa-bed-foldable-bed-multifunctional-storage-sofa-single-double-sofa-bed-sg-stock-i.1786887152.57161756621,"Sofa Bed Foldable Bed Multifunctional Storage Sofa Single/double Sofa Bed【SG Stock】",163.01,249,0,6,4.67,9,"Freedom MALL"
https://shopee.sg/hdb-foldable-2-3-4-seater-couch-multi-functional-lazy-living-room-folding-apartment-simple-bed-sofa-i.1241071966.29953862983,"⚡HDB Foldable 2 3 4 Seater Couch Multi-Functional Lazy Living Room Folding Apartment Simple Bed Sofa Chair Fabric Tech",204.78,309,0,6,4.67,8,"NetHome.sg"
https://shopee.sg/creamy-style-sofa-bed-foldable-sofa-bed-in-pet-friendly-single-2-seater-3-seater-4-seater-couch-mul-i.1206181647.25875179716,"🇸🇬⚡Creamy Style Sofa Bed Foldable Sofa Bed In Pet Friendly Single 2 Seater 3 Seater 4 Seater Couch Multifunctional Set Living Room Small Sofa",160.53,249,0,6,5,9,"Monoline Furniture Official Store"
https://shopee.sg/living-mall-sevyn-single-pull-out-type-bed-frame-w-mattress-option-fabric-and-faux-leather-i.92727875.21511231378,"Living Mall Sevyn Single Pull-Out Type Bed Frame w/ Mattress Option Fabric and Faux Leather",305.28,459,0,6,4.33,7,"Living Mall"
https://shopee.sg/livingmall-hattie-pull-out-bed-frame-single-super-single-w-mattress-and-petfriendly-option-i.92727875.41822759281,"LivingMall Hattie Pull-Out Bed Frame Single/Super Single w/ Mattress and PetFriendly Option",365.62,549,0,6,5,9,"Living Mall"
https://shopee.sg/living-mall-novah-divan-bed-frame-with-foam-padded-headboard-petfriendly-w-mattress-all-sizes-i.92727875.29410276014,"Living Mall Novah Divan Bed Frame with Foam Padded Headboard PetFriendly - w/ Mattress All Sizes",98.65,149,0,6,5,9,"Living Mall"
https://shopee.sg/luxe-debora-bed-frame-single-super-single-bedroom-designer-i.950497811.26861753701,"Luxe: Debora Bed Frame | Single & Super Single | Bedroom | Designer",251.9,379,0,6,4.6,6,"Luxe Living"
https://shopee.sg/metal-single-bedframe-lc111sq-i.53927834.22267612241,"**Metal Single Bedframe (LC111SQ)",75,119,0,6,5,3,"LCF Furniture Store"
https://shopee.sg/metal-single-bedframe-with-heavy-duty-base-lc-115-i.53927834.14897465631,"**Metal Single Bedframe With Heavy Duty Base (LC-115)",148,229,0,6,4.83,8,"LCF Furniture Store"
https://shopee.sg/customize-tatami-bed-frame-with-wardrobe-combination-multifunctional-storage-bed-high-quality-tatami-i.60366738.14259620602,"Customize Tatami Bed Frame with Wardrobe Combination Multifunctional Storage Bed High Quality Tatami Stoarage Bed",448.59,679,0,6,4.86,9,"HopefulLove"
https://shopee.sg/local-seller-local-seller-zahava-bedframe-single-super-single-size-i.84602591.8375309289,"[LOCAL SELLER] [LOCAL SELLER] Zahava Bedframe Single / Super Single Size",493.9,749,0,6,4.83,7,"INNDESIGN"
https://shopee.sg/snb-l-shaped-corner-desk-with-bookshelf-home-study-bedroom-dressing-table-integrated-computer-desk-i.1093115257.55456496892,"SNB L-shaped Corner Desk With Bookshelf Home Study Bedroom Dressing Table Integrated Computer Desk",99.9,149,0,5,4.4,9,"SUNNY BIERE OS.sg "
https://shopee.sg/ready-stock-60-80-100-120cm-foldable-office-table-study-table-desk-with-wheels-i.1232768558.28680049409,"🇸🇬Ready Stock🚚 60/80/100/120CM Foldable Office Table Study Table Desk With Wheels",49.9,79,0,5,4.4,9,"KiKi Living SG"
https://shopee.sg/nordic-study-table-rectangular-writing-desk-computer-desktop-table-office-living-room-classic-workst-i.496280376.13899944110,"Nordic Study Table Rectangular Writing Desk Computer Desktop Table Office Living Room Classic Workstation/Local Stock",54.8,89,0,5,4.4,9,"Lucky Home SG"
https://shopee.sg/serene-sg-computer-desk-desktop-desk-bookshelf-integrated-table-student-study-writing-table-househo-i.1374659759.56610955567,"【Serene.SG】Computer Desk Desktop Desk Bookshelf Integrated Table Student Study Writing Table Household Office Desk学习桌",63.1,99,0,5,4.6,7,"Serene Furniture Official.sg"
https://shopee.sg/study-table-with-bookself-combined-computer-table-home-bedside-study-desk-notebook-bookcase-writing-i.1118934096.25470981739,"Study Table With Bookself Combined Computer Table Home Bedside Study Desk Notebook Bookcase Writing Desk Office Desk",156.66,239,0,5,5,9,"Gfweffc125furniture.sg"
https://shopee.sg/hisoa-folding-shoe-box-home-transparent-shoe-storage-cabinet-no-installation-shoe-cabinet-i.1566721984.45409964925,"Hisoa Folding Shoe Box Home Transparent Shoe Storage Cabinet No Installation Shoe Cabinet",14.85,39,0,5,5,5,"Hisoa Life"
https://shopee.sg/wardrobe-free-delivery-wardrobe-household-large-capacity-storage-cabinet-i.8801197.24530290812,"👍Wardrobe (Free Delivery) Wardrobe Household Large Capacity Storage Cabinet",83.31,129,0,5,5,9,"Home Factor"
https://shopee.sg/furnituresg-3-door-wardrobe-with-swing-door-i.9880889.4757950587,"(FurnitureSG) 3-Door Wardrobe with Swing Door",145.36,219,0,5,5,2,"FurnitureSG"
https://shopee.sg/yhl-solid-plywood-single-door-1-door-wardrobe-with-soft-closing-hinged-door-i.96886142.25979696563,"YHL Solid Plywood Single Door / 1 Door Wardrobe With Soft Closing Hinged Door",201.13,309,0,5,4.8,6,"yongheng206"
https://shopee.sg/sg-next-day-delivery-hanging-wardrobe-organiser-foldable-closet-storage-shelf-for-clothes-i.1697509275.45662966221,"⚡SG Next Day Delivery⚡Hanging Wardrobe Organiser Foldable Closet Storage Shelf for Clothes",6.32,39,0,5,5,9,"EASY SMART HOME"
https://shopee.sg/99furniture-alona-melamine-modular-wardrobe-1-2-3-4-5-6doors-wardrobe-withdrawers-shelves-4-colours-i.1054017527.53251401561,"[𝗙𝗥𝗘𝗘 𝗜𝗡𝗦𝗧𝗔𝗟𝗟]99Furniture Alona Melamine Modular Wardrobe 1/2/3/4/5/6Doors wardrobe withDrawers & Shelves|4 Colours",249,379,0,5,5,6,"99 Furniture.SG"
https://shopee.sg/italian-solid-wood-wardrobe-large-storage-cabinet-simple-sliding-door-wardrobe-wardrobe-with-drawer-i.1206181647.26016969699,"🇸🇬⚡Italian Solid Wood Wardrobe Large Storage Cabinet Simple Sliding Door Wardrobe Wardrobe with Drawers",235.88,359,0,5,4.6,9,"Monoline Furniture Official Store"
https://shopee.sg/yhl-gg-solid-plywood-sliding-door-wardrobe-with-mirror-i.96886142.27908542778,"YHL GG Solid Plywood Sliding Door Wardrobe With Mirror",286.8,439,0,5,5,5,"yongheng206"
https://shopee.sg/free-shipping-free-installation-teck-seng-8-feet-sliding-doors-wardrobe-anti-jump-2-sliding-doors-s-i.397284974.17620256994,"(FREE Shipping & FREE Installation) TECK SENG 8 Feet Sliding Doors Wardrobe / Anti-Jump / 2 Sliding Doors / Spacious O5A",658,989,0,5,4.8,8,"TECK SENG FURNITURE @ SG"
https://shopee.sg/free-shipping-free-installation-teck-seng-8-feet-sliding-doors-wardrobe-anti-jump-2-sliding-doors-s-i.397284974.17520025524,"(FREE Shipping & FREE Installation) TECK SENG 8 Feet Sliding Doors Wardrobe / Anti-Jump / 2 Sliding Doors / Spacious O1B",658,989,0,5,4.8,9,"TECK SENG FURNITURE @ SG"
https://shopee.sg/free-shipping-free-installation-teck-seng-8-feet-sliding-doors-wardrobe-anti-jump-2-sliding-doors-s-i.397284974.17212768981,"(FREE Shipping & FREE Installation) TECK SENG 8 Feet Sliding Doors Wardrobe / Anti-Jump / 2 Sliding Doors / Spacious 5B",658,989,0,5,4.8,8,"TECK SENG FURNITURE @ SG"
https://shopee.sg/local-seller-ready-stock-with-bigger-size-4ft-wardrobe-free-delivery-and-installation-i.84602591.7131842061,"[LOCAL SELLER] [Ready Stock With Bigger Size] 4ft Wardrobe [Free Delivery and Installation]",361.9,549,0,5,4.4,5,"INNDESIGN"
https://shopee.sg/86x86-foldable-utility-square-table-chair-dining-table-local-stock-i.496280376.18444700821,"【86x86】Foldable Utility Square Table/Chair/Dining Table/Local Stock",69.8,109,0,5,5,8,"Lucky Home SG"
https://shopee.sg/free-installation-mcm-marble-dining-table-set-travertine-dining-table-rectangular-dining-table-i.1206181647.29587269284,"🇸🇬【Free Installation】⚡ MCM Marble Dining Table Set Travertine Dining Table Rectangular Dining Table",553.84,839,0,5,5,9,"Monoline Furniture Official Store"
https://shopee.sg/teck-seng-dining-set-solid-wood-ratten-dining-table-set-set-meja-makan-meja-makan-4-kerusi-meja-mak-i.397284974.27913330794,"[TECK SENG DINING SET] - SOLID WOOD/ RATTEN DINING TABLE SET/ SET MEJA MAKAN / MEJA MAKAN 4 KERUSI / MEJA MAKAN 6",268,409,0,5,5,9,"TECK SENG FURNITURE @ SG"
https://shopee.sg/dining-table-set-sintered-stone-dining-table-with-chairs-heavy-duty-nordic-dining-table-i.60366738.29687665771,"Dining Table Set Sintered Stone Dining Table with Chairs Heavy Duty Nordic Dining Table",172.77,259,0,5,4.2,9,"HopefulLove"
https://shopee.sg/cozylant-snow-cooling-mattress-firm-pocket-spring-mattress-single-super-single-queen-king-size-mattr-i.1010515154.54708289572,"Cozylant Snow Cooling Mattress / Firm Pocket Spring Mattress / Single, Super Single, Queen, King Size Mattress",348.22,529,0,5,5,9,"Cozylant Official Store"
https://shopee.sg/somnuz-roman-grandiose-14-inch-individual-pocketed-spring-cooling-mattress-i.154665307.29270818401,"Somnuz Roman Grandiose 14 Inch Individual Pocketed Spring Cooling Mattress",599.34,899,0,5,5,9,"Megafurniture Official Store"
https://shopee.sg/bone-health-tri-fold-foldable-mattress-aloe-vera-care-3-inch-thick-multi-purpose-space-saving-portab-i.1323514610.29423864966,"Bone Health Tri-Fold Foldable Mattress (Aloe Vera Care, 3 inch Thick, Multi-Purpose, Space Saving, Portable Convenient)",139,209,0,5,5,7,"Mattress King SG"
https://shopee.sg/sofa-bed-sg-stock-foldable-and-dual-purpose-single-person-sliding-bed-living-room-study-balcony-cord-i.1408065526.47108997585,"Sofa Bed【SG Stock】Foldable And Dual-purpose Single-person Sliding Bed Living Room Study Balcony Corduroy Retro Fabric Small-sized Sofa For Small Spaces",144.76,219,0,5,3.6,9,"Home Collection"
https://shopee.sg/living-mall-nivie-fabric-and-leather-storage-bed-frame-sbd-16-in-8-colors-i.92727875.7058923922,"Living Mall Nivie Fabric And Leather Storage Bed Frame SBD 16"" in 8 Colors",310.77,469,0,5,4.2,9,"Living Mall"
https://shopee.sg/queensize-metal-bedframe-lc203-i.53927834.10918529533,"Queensize Metal Bedframe (LC203)",139,209,0,5,5,3,"LCF Furniture Store"
https://shopee.sg/free-shipping-kenzzo-arial-metal-foldable-bed-frame-single-bed-frame-folding-bed-compact-folding-bed-i.99825399.24885452131,"FREE SHIPPING !! KENZZO: ARIAL METAL FOLDABLE BED FRAME  / Single Bed Frame /Folding Bed, Compact Folding Bed/Mattress",75.1,119,0,5,4.4,9,"kenzzo.sg"
https://shopee.sg/living-mall-shilo-simple-solid-wooden-bed-frame-in-cherry-all-sizes-available-free-installation-i.92727875.45461173622,"Living Mall SHILO Simple Solid Wooden Bed Frame in Cherry - All Sizes Available - Free Installation",126.9,199,0,5,4.8,7,"Living Mall"
https://shopee.sg/living-mall-orthocoil-blake-drawer-divan-bed-frame-petfriendly-scratch-resistant-mattress-option-i.92727875.29162907463,"Living Mall OrthoCoil Blake Drawer Divan Bed Frame - PetFriendly Scratch-Resistant / Mattress Option",146.2,219,0,5,5,9,"Living Mall"
https://shopee.sg/living-mall-felix-single-daybed-bed-frame-slatted-wood-base-mdf-veneer-w-mattress-option-i.92727875.41000261059,"Living Mall Felix Single Daybed Bed Frame Slatted Wood Base MDF+Veneer w/ Mattress Option",274.2,419,0,5,5,9,"Living Mall"
https://shopee.sg/yhl-thick-solid-mahogany-wood-single-super-single-bed-frame-mattress-not-included-i.96886142.11591268992,"YHL Thick Solid Mahogany Wood Single / Super Single Bed Frame (Mattress Not Included)",267,409,0,5,5,4,"yongheng206"
https://shopee.sg/living-mall-oliver-solid-wooden-double-decker-bed-frames-with-foam-mattresses-i.92727875.7759860106,"Living Mall Oliver Solid Wooden Double Decker Bed Frames With Foam Mattresses",399.9,599,0,5,4.4,9,"Living Mall"
https://shopee.sg/flexidesignx-vita-affordable-sleeping-bed-single-bed-frame-for-adult-helper-bed-house-rental-i.179838813.6563524351,"Flexidesignx VITA Affordable Sleeping bed, Single Bed Frame for Adult/Helper Bed/House Rental",69.9,109,0,5,3.8,7,"Flexidesignx Furnitures"
https://shopee.sg/serene-sg-bedside-table-mobile-overbed-computer-desk-height-adjustable-study-writing-desk-laptop-fo-i.1374659759.43380625066,"🔥Serene.SG🔥 Bedside Table Mobile Overbed Computer Desk Height Adjustable Study Writing Desk Laptop Foldable Table",34.33,59,0,4,5,8,"Serene Furniture Official.sg"
https://shopee.sg/serene-sg-computer-desk-office-desk-with-drawer-student-study-desk-multifunctional-storage-space-sa-i.1374659759.57559971757,"🔥Serene.SG🔥Computer Desk Office Desk with Drawer Student Study Desk Multifunctional Storage Space Saving办公桌",69.23,109,0,4,3.75,8,"Serene Furniture Official.sg"
https://shopee.sg/simple-stylish-minimalist-computer-table-simple-look-study-table-waterproof-table-top-office-table-i.96953349.23258240185,"Simple Stylish Minimalist Computer Table, Simple Look Study Table, Waterproof Table Top Office Table",48.8,79,0,4,4.75,8,"Lucky Baby Mummy SG"
https://shopee.sg/free-installation-ergonman-study-table-electric-height-adjustable-table-computer-table-single-motor-i.459924393.23222927669,"[ Free Installation ] ErgonMan Study Table Electric Height Adjustable Table Computer Table Single Motor MDF Desk",280.32,429,0,4,5,9,"ErgonMan"
https://shopee.sg/l-shape-electric-standing-desk-ergonomic-carbon-fiber-corner-desk-with-drawer-hook-anti-collision-no-i.1286408733.46707426913,"L-Shape Electric Standing Desk-Ergonomic Carbon Fiber Corner Desk with Drawer & Hook-Anti-Collision Non-Abdominal Design",164.99,249,0,4,4.25,9,"OSUM Official Store"
https://shopee.sg/afh-shoe-cabinetfor-home-entrancesmulti-tier-dustproof-high-capacity-shoe-cabinet-i.1613057721.40727003488,"AFH   Shoe CabinetFor Home EntrancesMulti-Tier Dustproof High-Capacity Shoe Cabinet",49.89,79,0,4,4.75,9,"Verve bamboo.SG"
https://shopee.sg/sg-seller-lily-modular-18mm-thick-e0-solid-plywood-2-3-4-doors-wardrobe-12-months-warranty-i.68947061.28002110822,"🇸🇬SG Seller🇸🇬 LILY Modular 18mm Thick E0 Solid Plywood 2|3|4 Doors Wardrobe 12 Months Warranty",268.09,409,0,4,4.75,9,"LuluFuniture.SG"
https://shopee.sg/free-installation-kenzzo-e1-grade-premium-quality-2-door-wardrobe-drawer-cabinet-wardrobe-cupboard-i.99825399.29230294344,"🔥FREE INSTALLATION! KENZZO:E1 Grade Premium Quality 2 door wardrobe/ drawer cabinet | wardrobe cupboard | small wardrobe",205.95,309,0,4,4.25,9,"kenzzo.sg"
https://shopee.sg/living-mall-kenlee-5ft-sliding-door-wardrobe-2-colours-w-8-internal-layouts-to-choose-i.92727875.20387406794,"Living Mall Kenlee 5FT Sliding Door Wardrobe - 2 Colours w/ 8 Internal Layouts to Choose",508.25,769,0,4,5,9,"Living Mall"
https://shopee.sg/yhl-gg-solid-plywood-sliding-door-wardrobe-i.96886142.49500854754,"YHL GG Solid Plywood Sliding Door Wardrobe",229.07,349,0,4,5,6,"yongheng206"
https://shopee.sg/sliding-door-wardrobe-white-wardrobe-modular-wardrobe-with-mirror-nordic-wardrobe-5ft-wardrobe-6ft-w-i.60366738.21179317540,"Sliding Door Wardrobe White Wardrobe Modular Wardrobe with Mirror Nordic Wardrobe 5ft Wardrobe 6ft Wardrobe",434.42,659,0,4,5,9,"HopefulLove"
https://shopee.sg/free-shipping-free-installation-teck-seng-10-feet-sliding-doors-wardrobe-anti-jump-3-sliding-doors-i.397284974.16427405382,"(FREE Shipping & FREE Installation) TECK SENG 10 Feet Sliding Doors Wardrobe / Anti-Jump / 3 Sliding Doors / Spacious 1A",1108,1669,0,4,4.75,8,"TECK SENG FURNITURE @ SG"
https://shopee.sg/sg-seller-klass-upsized-tempered-glass-wardrobe-walnut-colour-i.68947061.14913768759,"🇸🇬SG Seller🇸🇬 KLASS Upsized Tempered Glass Wardrobe - Walnut Colour",680.52,1029,0,4,4.75,7,"LuluFuniture.SG"
https://shopee.sg/free-installation-kenzzo-e1-grade-milan-2-door-wardrobe-drawer-cabinet-wardrobe-cupboard-small-wardr-i.99825399.40900477866,"FREE INSTALLATION ! KENZZO:E1 Grade Milan 2 door wardrobe/ drawer cabinet | wardrobe / cupboard / small wardrobe",180.19,279,0,4,4.5,9,"kenzzo.sg"
https://shopee.sg/free-installation-kenzzo-umia-series-ccc-tempared-glass-door-wardrobe-2-door-wardrobe-glass-door-wa-i.99825399.28267787071,"[FREE INSTALLATION] Kenzzo :Umia series CCC tempared glass door wardrobe/ 2 door wardrobe/glass door wardrobe/ 衣橱",270.76,409,0,4,5,9,"kenzzo.sg"
https://shopee.sg/resortia-fitted-mattress-pad-fabric-silky-soft-microfibre-anti-dustmites-size-s-s-s-q-and-k-hotel-qu-i.268015327.4236159399,"Resortia Fitted Mattress Pad | Fabric: Silky Soft Microfibre | Anti-Dustmites | Size: S,S/S,Q and K | Hotel Quality",28.7,59,0,4,5,3,"Nature Basics"
https://shopee.sg/luxury-mattress-toppers-7cm-2-pieces-1000g-pillow-5-star-hotel-egyptian-cotton-cooling-i.82208624.17981035417,"Luxury Mattress Toppers (7cm) + 2 Pieces 1000g Pillow. 5 Star Hotel Egyptian Cotton. Cooling",166,249,0,4,5,5,"NileValley"
https://shopee.sg/jiji-sg-chiara-lazy-sofa-fabric-floor-chair-bedroom-living-furniture-i.31165845.42069948439,"(JIJI.SG) CHIARA Lazy Sofa -  Fabric / Floor Chair / Bedroom / Living / Furniture",153.14,229,0,4,5,9,"JIJI.SG Official Store"
https://shopee.sg/snb-lazy-sofa-bed-foldable-sofa-bed-dual-use-folding-sofa-multifunctional-small-sized-bedroom-single-i.1093115257.47759069448,"SNB Lazy Sofa Bed Foldable Sofa Bed Dual-use Folding sofa Multifunctional Small-sized Bedroom Single/Double【SG.NDD】",150,229,0,4,3.25,9,"SUNNY BIERE OS.sg "
https://shopee.sg/sea-horse-sof53c-sofa-hecom-electric-function-leather-sofa-and-sofa-chair-i.83541083.25637430197,"SEA HORSE SOF53C Sofa HECOM Electric Function Leather Sofa and Sofa Chair!",551.4,829,0,4,4.75,9,"SEA HORSE "
https://shopee.sg/pu-tech-cloth-foldable-sofabed-simple-bed-lazy-folding-sofa-i.96953349.22228796846,"PU Tech Cloth Foldable Sofabed/ Simple Bed/Lazy/Folding/ Sofa",268,409,0,4,4.5,9,"Lucky Baby Mummy SG"
https://shopee.sg/furnituresg-charlie-sofa-set-available-6-colours-i.9880889.21823537614,"(FurnitureSG) Charlie Sofa Set (Available 6 colours)",208.46,319,0,4,5,8,"FurnitureSG"
https://shopee.sg/f31-vensa-queen-bedframe-brown-pvc-leather-strong-wooden-base-thick-headboard-solid-flat-support-i.75620248.44211009497,"F31 Vensa Queen Bedframe – Brown PVC Leather, Strong Wooden Base, Thick Headboard, Solid Flat Support",99,149,0,4,4.75,3,"F31 Furniture Store"
https://shopee.sg/all-sizes-storage-bed-bedframe-headboard-divan-bed-storage-bed-i.84602591.4461763220,"(All Sizes) Storage Bed Bedframe / Headboard / Divan Bed / Storage Bed",439,659,0,4,5,4,"INNDESIGN"
https://shopee.sg/katil-lipat-foldable-bed-frame-single-bed-frame-katil-besi-metal-bed-frame-i.365046567.16197761643,"Katil Lipat Foldable Bed Frame Single Bed Frame Katil Besi Metal Bed Frame",75.76,119,0,4,4.79,9,"ft73xys01a.sg"
https://shopee.sg/lucky-home-portable-foldable-table-travel-outdoor-folding-table-dinning-table-tables-study-table-de-i.1132987842.51111713168,"🇸🇬Lucky Home 🔥Portable Foldable Table Travel Outdoor Folding Table Dinning Table Tables Study Table Deskdisuse",34.19,59,0,3,5,7,"Lucky Home Lifestyle"
https://shopee.sg/coco-computer-desk-desktop-desk-bookshelf-integrated-table-bedroom-student-study-writing-table-house-i.1669432312.49856562228,"COCO Computer Desk Desktop Desk Bookshelf Integrated Table Bedroom Student Study Writing Table Household Office Desk",30,59,0,3,4.67,7,"CONOCO  Store.SG"
https://shopee.sg/coco-foldable-computer-desk-office-desk-study-desk-training-table-multifunctional-small-apartment-sp-i.1669432312.54706239079,"COCO Foldable Computer Desk Office Desk Study Desk Training Table Multifunctional Small Apartment Space Saving Storage",27,59,0,3,5,9,"CONOCO  Store.SG"
https://shopee.sg/snb-foldable-desk-with-bookshelf-space-saving-laptop-table-small-desk-with-storage-function-for-home-i.1093115257.55162526160,"SNB Foldable Desk with Bookshelf, Space-Saving Laptop Table, Small Desk with Storage Function For Home Office",30,59,0,3,4.67,9,"SUNNY BIERE OS.sg "
https://shopee.sg/double-layer-simple-style-table-minimalist-study-table-with-bookshelf-computer-table-pc-desk-furnitu-i.96953349.24212667219,"Double Layer Simple Style Table Minimalist Study Table with Bookshelf Computer Table PC Desk Furniture",58.8,89,0,3,4.67,9,"Lucky Baby Mummy SG"
https://shopee.sg/2-door-wardrobe-ssh-8210-i.53927834.8473260195,"**2 door wardrobe (SSH-8210)",128,199,0,3,5,2,"LCF Furniture Store"
https://shopee.sg/free-installation-kenzzo-e1-grade-lumina-glass-door-wardrobe-cabinet-glass-wardrobe-cupboard-clothes-i.99825399.42429523575,"Free installation ! Kenzzo :E1 Grade LUMINA Glass Door Wardrobe Cabinet /glass wardrobe/cupboard clothes/3 door wardrobe",235.76,359,0,3,4.33,9,"kenzzo.sg"
https://shopee.sg/free-shipping-free-installation-teck-seng-8-feet-sliding-doors-wardrobe-anti-jump-2-sliding-doors-s-i.397284974.11688287482,"(FREE Shipping & FREE Installation) TECK SENG 8 Feet Sliding Doors Wardrobe / Anti-Jump / 2 Sliding Doors / Spacious 3A",658,989,0,3,4.67,8,"TECK SENG FURNITURE @ SG"
https://shopee.sg/hf-sliding-door-wardrobe-sg-stock-free-delivery-large-storage-space-bedroom-furniture-i.8801197.29551722620,"HF Sliding Door Wardrobe【SG Stock】Free Delivery Large Storage Space Bedroom Furniture",241.82,369,0,3,4.67,8,"Home Factor"
https://shopee.sg/modular-wardrobe-white-wardrobe-2-3-4-5-6-doors-wardrobe-white-luxury-i.60366738.20944760441,"Modular Wardrobe White Wardrobe 2/3/4/5/6 Doors Wardrobe White Luxury",542.25,819,0,3,5,9,"HopefulLove"
https://shopee.sg/wooden-modular-wardrobe-2-3-4-5-6-door-wardrobe-light-pink-large-big-wardrobe-i.60366738.19148840516,"Wooden Modular Wardrobe 2/3/4/5/6 Door Wardrobe Light Pink Large Big Wardrobe",243.96,369,0,3,3.67,9,"HopefulLove"
https://shopee.sg/free-shipping-free-installation-teck-seng-8-feet-sliding-doors-wardrobe-anti-jump-2-sliding-doors-s-i.397284974.17012478410,"(FREE Shipping & FREE Installation) TECK SENG 8 Feet Sliding Doors Wardrobe / Anti-Jump / 2 Sliding Doors / Spacious 1B",658,989,0,3,5,9,"TECK SENG FURNITURE @ SG"
https://shopee.sg/free-shipping-free-installation-teck-seng-8-feet-sliding-doors-wardrobe-anti-jump-2-sliding-doors-s-i.397284974.15861992128,"(FREE Shipping & FREE Installation) TECK SENG 8 Feet Sliding Doors Wardrobe / Anti-Jump / 2 Sliding Doors /Spacious DB5A",658,989,0,3,4.67,8,"TECK SENG FURNITURE @ SG"
https://shopee.sg/living-mall-stell-series-6x8ft-2-door-sliding-door-wardrobe-in-white-wash-or-walnut-in-5-design-i.92727875.25983394827,"Living Mall Stell Series 6x8FT 2-Door Sliding Door Wardrobe in White Wash or Walnut in 5 Design",609.74,919,0,3,5,9,"Living Mall"
https://shopee.sg/free-installation-kenzzo-nordic-mino-dinning-table-dining-set-dining-table-set-table-with-4-chair-fr-i.99825399.27559906750,"FREE INSTALLATION  !! KENZZO : Nordic Mino dinning table / dining set/dining table set /table with 4 chair/free delivery",143,219,0,3,4.33,9,"kenzzo.sg"
https://shopee.sg/free-installation-sintered-stone-dining-table-dining-table-and-chair-set-solid-wood-dining-room-fur-i.1206181647.27719927608,"🇸🇬【Free Installation】⚡Sintered Stone Dining Table Dining Table And Chair Set Solid Wood Dining Room Furniture Marble Table",686.44,1029,0,3,4.67,9,"Monoline Furniture Official Store"
https://shopee.sg/light-luxury-marble-dining-table-set-modern-minimalist-dining-table-chair-combination-modern-simple-i.397284974.25917892195,"Light luxury marble dining table set Modern minimalist dining table & chair combination modern simple rectangular table",618,929,0,3,5,9,"TECK SENG FURNITURE @ SG"
https://shopee.sg/cozylant-tank-dining-table-set-solid-oak-wood-study-table-small-table-study-desk-nordic-i.1010515154.27758807007,"Cozylant Tank Dining Table Set / Solid Oak Wood / Study Table / Small Table / Study Desk / Nordic",472.71,709,0,3,5,9,"Cozylant Official Store"
https://shopee.sg/free-installation-nordic-solid-wood-dining-table-retro-conference-table-dining-table-and-chair-set-i.1206181647.28214605105,"🇸🇬【Free Installation】⚡Nordic Solid Wood Dining Table Retro Conference Table Dining Table And Chair Set Luxury Office Desk Square Dining Table",166.04,249,0,3,4.33,9,"Monoline Furniture Official Store"
https://shopee.sg/free-installation-extendable-dining-table-nordic-sintered-stone-dining-table-square-dining-modern-t-i.1206181647.26064761321,"🇸🇬【Free Installation】Extendable Dining Table Nordic Sintered Stone Dining Table Square Dining Modern Table And Chair Set Scratch Resistant High Temperature",608.38,919,0,3,4.67,9,"Monoline Furniture Official Store"
https://shopee.sg/online-exclusive-stylemaster-winks-mattress-only-i.206450009.25183052571,"(Online Exclusive) StyleMaster Winks - Mattress only",539,809,0,3,5,6,"King Koil Official Store"
https://shopee.sg/living-mall-king-koil-luxury-rest-13-5-mattress-luxury-hotel-collection-3-0-w-pillow-all-sizes-i.92727875.28183004326,"Living Mall King Koil Luxury REST 13.5"" Mattress Luxury Hotel Collection 3.0 - w/ Pillow - All Sizes",1033.05,1549,0,3,3.67,9,"Living Mall"
https://shopee.sg/dreamland-therapy-care-orthopaedic-mattress-extra-firm-for-backcare-i.266293125.29870992762,"Dreamland ( Therapy Care )  Orthopaedic Mattress Extra Firm for backcare",685.61,1029,0,3,5,7,"Valuelux Furnishing OS"
https://shopee.sg/foldable-sofa-bed-single-double-seater-space-saving-folding-bed-lazy-sofa-for-office-lunch-break-hom-i.1286408733.52060524398,"Foldable Sofa Bed Single Double Seater Space Saving Folding Bed Lazy Sofa for Office Lunch Break Home Furniture 沙发床",136.7,209,0,3,5,9,"OSUM Official Store"
https://shopee.sg/living-mall-raven-faux-leather-divan-bedframe-with-2-inch-fibre-legs-all-size-available-i.92727875.51110846904,"Living Mall RAVEN Faux Leather Divan Bedframe With 2 Inch Fibre Legs - All Size Available",65.74,99,0,3,5,7,"Living Mall"
https://shopee.sg/living-mall-daphne-headboard-bedframe-divan-only-3-model-designs-all-sizes-available-i.92727875.22303631462,"Living Mall Daphne Headboard Bedframe Divan Only 3 Model Designs- All Sizes Available",91.34,139,0,3,5,9,"Living Mall"
https://shopee.sg/furnituresg-fabric-bedframe-available-in-queen-king-size-i.9880889.5969314054,"(FurnitureSG) Fabric Bedframe - Available in Queen/King Size",370.29,559,0,3,4,2,"FurnitureSG"
https://shopee.sg/serene-furniture-bedside-table-movable-home-bedroom-student-desk-minimalist-small-table-simple-heigh-i.1374659759.42480776905,"Serene Furniture Bedside Table Movable Home Bedroom Student Desk Minimalist Small Table Simple Height Adjustable Table",36.21,69,0,2,4,9,"Serene Furniture Official.sg"
https://shopee.sg/b5-foldable-bookshelf-computer-table-laptop-study-desk-cross-pc-table-i.96953349.14057569394,"【B5】Foldable bookshelf/ computer table/ laptop study desk/CROSS PC TABLE",68.8,109,0,2,5,9,"Lucky Baby Mummy SG"
https://shopee.sg/radiant-japanese-style-bay-window-table-bedside-study-table-tatami-table-simple-coffee-table-small-i.1207024576.53103946254,"⚡RADIANT  Japanese-style bay window table bedside study table tatami table simple coffee table small tea table",43.29,69,0,2,5,9,"RADIANT RETREAT HOME FURNISHINGS"
https://shopee.sg/serene-sg-height-adjustable-table-computer-desk-gaming-desk-student-home-study-table-minimalist-off-i.1374659759.53060295699,"🔥Serene.SG🔥 Height Adjustable Table Computer Desk Gaming Desk Student Home Study Table Minimalist Office Desk 电脑桌",94.91,149,0,2,4,8,"Serene Furniture Official.sg"
https://shopee.sg/snb-computer-desk-electric-lifting-table-legs-e-sports-desk-desk-study-desk-small-bedroom-i.1093115257.42159316716,"SNB Computer desk electric lifting table legs e-sports desk desk study desk small bedroom",170.46,259,0,2,5,8,"SUNNY BIERE OS.sg "
https://shopee.sg/metal-shoe-rack-4-5-6-7-tier-multi-layer-space-saving-storage-organizer-entryway-i.96953349.50861993295,"Metal Shoe Rack / 4/5/6/7 Tier / Multi-Layer / Space Saving / Storage Organizer / Entryway",21.8,49,0,2,5,8,"Lucky Baby Mummy SG"
https://shopee.sg/free-installation-kenzzo-multi-functional-2-door-wardrobe-cupboard-small-wardrobe-cabinet-free-shipp-i.99825399.29059617435,"FREE INSTALLATION !! KENZZO: Multi Functional 2 door wardrobe/ cupboard/ small wardrobe /cabinet/free shipping",99.53,149,0,2,4.5,9,"kenzzo.sg"
https://shopee.sg/local-seller-ine-2-3-doors-plywood-wardrobe-i.84602591.2284222479,"[LOCAL SELLER] Ine 2/3 Doors Plywood Wardrobe",287.1,439,0,2,5,3,"INNDESIGN"
https://shopee.sg/living-mall-haidee-series-2-door-sliding-door-wardrobe-in-5-colors-7-door-designs-i.92727875.25278082955,"Living Mall Haidee Series 2-Door Sliding Door Wardrobe in 5 Colors 7 Door Designs",274.2,419,0,2,5,9,"Living Mall"
https://shopee.sg/2-3-4-5-6door-wardrobe-free-delivery-install-type-281-long-door-wardrobe-plywood-wardrobe-i.8801197.27808263430,"👍2/3/4/5/6Door Wardrobe(FREE DELIVERY&INSTALL)Type 281 Long Door Wardrobe Plywood Wardrobe",180.99,279,0,2,5,9,"Home Factor"
https://shopee.sg/sliding-door-wardrobe-free-delivery-install-type-hmw-large-capacity-wardrobe-log-color-i.8801197.28202740818,"👍Sliding Door Wardrobe(Free Delivery&Install)Type HMW Large Capacity  Wardrobe Log Color",189.66,289,0,2,5,9,"Home Factor"
https://shopee.sg/sliding-door-wardrobe-free-type-y009-bedroom-large-capacity-wardrobe-i.8801197.22561178294,"👍Sliding Door Wardrobe(Free🚚🔨) Type Y009/Bedroom Large Capacity Wardrobe",315.74,479,0,2,4,9,"Home Factor"
https://shopee.sg/large-modular-glass-door-wood-wardrobe-cream-milk-white-wardrobe-bedroom-2-door-modern-minimalist-li-i.60366738.20754947416,"Large Modular Glass Door Wood Wardrobe Cream Milk White Wardrobe Bedroom 2 Door Modern Minimalist Light  Luxury",328.58,499,0,2,3.5,9,"HopefulLove"
https://shopee.sg/free-shipping-free-installation-teck-seng-10-feet-sliding-doors-wardrobe-anti-jump-3-sliding-doors-i.397284974.16527564428,"(FREE Shipping & FREE Installation) TECK SENG 10 Feet Sliding Doors Wardrobe / Anti-Jump / 3 Sliding Doors / Spacious 1B",1108,1669,0,2,5,8,"TECK SENG FURNITURE @ SG"
https://shopee.sg/free-shipping-free-installation-teck-seng-8-feet-sliding-doors-wardrobe-anti-jump-2-sliding-doors-s-i.397284974.16413744453,"(FREE Shipping & FREE Installation) TECK SENG 8 Feet Sliding Doors Wardrobe / Anti-Jump / 2 Sliding Doors / Spacious 6A",658,989,0,2,5,8,"TECK SENG FURNITURE @ SG"
https://shopee.sg/free-shipping-free-installation-teck-seng-8-feet-sliding-doors-wardrobe-anti-jump-2-sliding-doors-s-i.397284974.16220603421,"(FREE Shipping & FREE Installation) TECK SENG 8 Feet Sliding Doors Wardrobe / Anti-Jump / 2 Sliding Doors / Spacious O6B",658,989,0,2,3,8,"TECK SENG FURNITURE @ SG"
https://shopee.sg/2-3-4doors-wardrobe-27inch-31-5inch-40-5inch-47inch-54inch-i.8801197.25735847615,"👍2/3/4Doors Wardrobe 27inch/31.5inch/40.5inch/47inch/54inch",167.9,259,0,2,3,9,"Home Factor"
https://shopee.sg/sliding-door-wardrobe-free-delivery-install-type-w13-plywood-120-154cm-bedroom-wardrobe-i.8801197.26227250836,"👍Sliding Door Wardrobe(FREE DELIVERY&INSTALL)Type W13 Plywood 120/154cm Bedroom Wardrobe",410.78,619,0,2,5,8,"Home Factor"
https://shopee.sg/local-seller-bigger-size-2-doors-wardrobe-with-bigger-depth-size-3-colors-i.84602591.1431390358,"[LOCAL SELLER] [BIGGER SIZE] 2 DOORS WARDROBE WITH BIGGER DEPTH SIZE (3 COLORS)",262.9,399,0,2,4.5,8,"INNDESIGN"
https://shopee.sg/yhl-solid-plywood-2-long-door-wardrobe-with-soft-closing-hinged-door-i.96886142.5153746168,"YHL Solid Plywood 2 Long Door Wardrobe With Soft Closing Hinged Door",203,309,0,2,4,3,"yongheng206"
https://shopee.sg/free-installation-kenzzo-marson-solid-wood-dining-table-set-dining-table-4-chairs-table-i.99825399.24235593280,"FREE INSTALLATION 🆓🚚 KENZZO: Marson solid wood Dining Table set / dining table + 4 chairs /table",570.05,859,0,2,5,9,"kenzzo.sg"
https://shopee.sg/free-installation-sintered-stone-dining-table-luxury-dining-table-and-chair-set-dining-set-for-4-sq-i.1206181647.27719927610,"🇸🇬【Free Installation】⚡Sintered Stone Dining Table Luxury Dining Table And Chair Set Dining Set For 4 Square Small Table",356.06,539,0,2,5,9,"Monoline Furniture Official Store"
https://shopee.sg/cream-style-dining-table-free-delivery-install-type-301-white-marbling-light-luxury-dining-table-ap-i.8801197.25175598335,"👍Cream Style Dining Table（Free Delivery&Install)Type 301 White Marbling Light Luxury Dining Table Apartment Restaurant",405.9,609,0,2,5,9,"Home Factor"
https://shopee.sg/furnituresg-wooden-dining-table-and-chairs-set-i.9880889.4061902771,"(FurnitureSG) Wooden Dining Table and Chairs Set",254.17,389,0,2,5,1,"FurnitureSG"
https://shopee.sg/dining-set-1-6-solid-wood-dining-table-set-kitchen-dining-furniture-i.123616217.24003348501,"Dining Set 1+6 Solid Wood Dining Table & Set Kitchen Dining Furniture",549,829,0,2,5,3,"my home furnishing pte ltd"
https://shopee.sg/livingmall-kaye-1-table-4-chairs-dining-set-marble-top-dining-table-with-dining-chairs-i.92727875.11645772868,"Livingmall Kaye 1 Table +  4 Chairs Dining Set-  Marble Top Dining Table with Dining Chairs",457.05,689,0,2,3.5,9,"Living Mall"
https://shopee.sg/sg-seller-full-set-1-dining-table-with-4-chairs-wooden-dining-table-and-chairs-dining-set-free-asse-i.70650596.1607744771,"[SG SELLER] FULL Set 1 Dining Table with 4 Chairs. Wooden dining table and  chairs. Dining Set (Free ASSEMBLY)",598,899,0,2,4,9,"Home And Style"
https://shopee.sg/iron-solid-wood-dinning-table-set-wooden-dining-table-bench-set-industrial-style-bar-bistro-restaura-i.60366738.22152551439,"Iron Solid Wood Dinning Table Set Wooden Dining Table Bench Set Industrial Style Bar Bistro Restaurant Dining Table",275.71,419,0,2,5,9,"HopefulLove"
https://shopee.sg/free-installation-solid-wood-dining-table-dining-room-furniture-square-dining-table-modern-dining-t-i.1206181647.29315044408,"🇸🇬【Free Installation】⚡ Solid Wood Dining Table Dining Room Furniture Square Dining Table Modern Dining Table And Chair Set Solid Wood Office Desk",442.9,669,0,2,5,9,"Monoline Furniture Official Store"
https://shopee.sg/lavista-dining-set-modern-minimalist-marble-top-solid-wood-chairs-set-designer-creative-oval-dining-i.397284974.27727716506,"LAVISTA Dining Set Modern Minimalist Marble Top Solid Wood Chairs Set Designer Creative Oval Dining Table",618,929,0,2,5,9,"TECK SENG FURNITURE @ SG"
https://shopee.sg/free-installation-luxury-sintered-stone-dining-table-marble-modern-table-scratch-resistant-high-tem-i.1206181647.26064761322,"🇸🇬【Free Installation】⚡Luxury Sintered Stone Dining Table Marble Modern Table Scratch Resistant High Temperature Dining Table And Chair Set Dining",422.95,639,0,2,3,9,"Monoline Furniture Official Store"
https://shopee.sg/pre-order-online-exclusive-getha-miracle-latex-mattress-i.212426596.50908272565,"[PRE-ORDER] [Online Exclusive] Getha Miracle Latex Mattress",899,1349,0,2,5,8,"Getha Singapore Official Store"
https://shopee.sg/pre-order-getha-togetha-comfort-mattress-king-queen-super-single-single-i.212426596.24441337311,"[PRE-ORDER]  Getha Togetha Comfort Mattress - King/Queen/Super Single/Single",1124.25,1689,0,2,5,9,"Getha Singapore Official Store"
https://shopee.sg/sleepy-night-foldable-mattress-i.235401000.7460036006,"Sleepy Night Foldable Mattress",168,259,0,2,5,4,"sleeppost_official"
https://shopee.sg/livingmall-honey-11-13-sensice-series-bonnel-spring-cooling-fabric-mattress-all-sizes-i.92727875.41203014344,"LivingMall Honey  11"" / 13"" SensICE Series Bonnel Spring Cooling Fabric Mattress - All Sizes",310.9,469,0,2,5,9,"Living Mall"
https://shopee.sg/living-mall-diomire-10-latex-anti-static-mattress-individual-pocketed-spring-all-sizes-i.92727875.29608850367,"Living Mall Diomire 10"" LATEX Anti-Static Mattress Individual Pocketed Spring - All Sizes",274.2,419,0,2,5,8,"Living Mall"
https://shopee.sg/furnituresg-king-koil-luxfirm-innerspring-mattress-free-pillows-and-protector-i.9880889.26388564511,"(FurnitureSG) King Koil Luxfirm Innerspring Mattress (Free Pillows and Protector)",423.4,639,0,2,5,5,"FurnitureSG"
https://shopee.sg/sea-horse-pvc-sofabed-foldable-sofa-2-seater-sb56-q-dou-pv-sofa-with-double-seats-i.83541083.48610573981,"SEA HORSE PVC Sofabed Foldable Sofa 2-Seater(SB56-Q-DOU-PV) Sofa with Double Seats",215.95,329,0,2,5,5,"SEA HORSE "
https://shopee.sg/living-mall-rhea-pet-friendly-fabric-leather-1-2-3-seater-sofa-with-or-without-ottoman-50-colours-i.92727875.46660855620,"Living Mall RHEA Pet-Friendly Fabric/Leather 1/2/3 Seater Sofa with or without Ottoman - 50 Colours",84.94,129,0,2,5,9,"Living Mall"
https://shopee.sg/morden-sofa-set-living-room-sofa-2-seater-sofa-3-seater-sofa-4-seater-sofa-in-pet-friendly-scratch-i.1206181647.24792143696,"🇸🇬⚡Morden Sofa Set Living Room Sofa 2 Seater Sofa 3 Seater Sofa 4 Seater Sofa In Pet Friendly Scratch And Water Proof Fabric Couch Sofa Set",396.66,599,0,2,3,9,"Monoline Furniture Official Store"
https://shopee.sg/sofa-free-type-cz3457-2seater-3seater-sofa-nordic-light-luxury-sofa-small-apartment-living-room-mod-i.8801197.22539104913,"👍Sofa(Free🚚🔨) Type CZ3457 2Seater/3Seater Sofa/Nordic light luxury sofa small apartment living room modern",273.5,419,0,2,5,9,"Home Factor"
https://shopee.sg/teck-seng-modern-minimalist-leather-sofa-cowhide-l-shape-sofa-nordic-inspired-sofa-in-various-color-i.397284974.21912089224,"[TECK SENG] Modern Minimalist Leather Sofa Cowhide/ L Shape Sofa/ Nordic Inspired Sofa/ In Various Color Choices",1718,2579,0,2,5,9,"TECK SENG FURNITURE @ SG"
https://shopee.sg/kaki-sg-walnut-metal-bed-frame-single-super-single-queen-size-storage-heavy-duty-bed-frame-embedded-i.1535261768.54113176959,"【Kaki.SG】Walnut Metal Bed Frame Single/Super Single/Queen Size Storage Heavy Duty Bed Frame /Embedded Mattress Design",93.9,149,0,2,5,8,"Home Kaki.sg"
https://shopee.sg/free-installation-kenzzo-swiss-foundation-divan-single-bed-frame-bedframe-super-single-bed-single-be-i.99825399.43381956638,"Free Installation !  KENZZO : Swiss foundation divan single  bed frame/bedframe /super single bed/single bed/mattress",139.8,209,0,2,5,9,"kenzzo.sg"
https://shopee.sg/living-mall-douuan-faux-leather-storage-bed-frame-sbd-16-i.92727875.2737894682,"Living Mall Douuan Faux Leather Storage Bed Frame SBD 16""",548.48,829,0,2,5,9,"Living Mall"
https://shopee.sg/local-seller-6-foam-mattress-pvc-bedframe-free-delivery-and-installation-i.84602591.8316464631,"[LOCAL SELLER] 6"" FOAM MATTRESS + PVC BEDFRAME (FREE DELIVERY AND INSTALLATION)",196.9,299,0,2,4.5,4,"INNDESIGN"
https://shopee.sg/flexidesignx-metal-bed-frame-single-queen-white-powder-coated-with-headboard-camila-i.179838813.11234224179,"Flexidesignx Metal Bed Frame Single/Queen White Powder Coated with Headboard – CAMILA",136.2,209,0,2,5,2,"Flexidesignx Furnitures"
https://shopee.sg/local-seller-pole-pull-out-lift-up-metal-bed-frame-free-delivery-and-installation-i.84602591.8313954323,"[LOCAL SELLER] POLE PULL OUT / LIFT UP METAL BED FRAME (FREE DELIVERY AND INSTALLATION)",252,379,0,2,5,2,"INNDESIGN"
https://shopee.sg/modern-wrought-iron-bed-frame-no-headboard-row-thickened-reinforced-m-tatami-ribbed-bed-frame-i.1206181647.44079241077,"🇸🇬⚡️Modern Wrought Iron Bed Frame No Headboard Row Thickened Reinforced M Tatami Ribbed Bed Frame",123.7,189,0,2,5,8,"Monoline Furniture Official Store"
https://shopee.sg/yhl-single-super-single-metal-bedframe-mattress-not-included-i.96886142.19069567823,"YHL Single / Super Single Metal Bedframe (Mattress Not Included)",238.08,359,0,2,5,7,"yongheng206"
https://shopee.sg/12-16-inches-deep-storage-bed-frame-in-5-colours-all-sizes-available-i.92727875.14207473577,"12/16 Inches Deep Storage Bed Frame In 5 Colours- All Sizes Available",411.34,619,0,2,4.5,9,"Living Mall"
https://shopee.sg/double-decker-wooden-3-bed-single-bed-solid-wood-bunk-bed-double-decker-bed-wooden-bed-bedframe-bed-i.123616217.7962568140,"DOUBLE DECKER WOODEN 3' BED/SINGLE BED/SOLID WOOD BUNK BED/DOUBLE DECKER BED/WOODEN BED/BEDFRAME/BED/DOUBLE LAYER BED",309,469,0,2,4.5,2,"my home furnishing pte ltd"
https://shopee.sg/snb-hdb-computer-desk-home-office-writing-study-table-multipurpose-desk-for-student-bedroom-living-r-i.1093115257.53912820451,"SNB HDB Computer Desk Home Office Writing Study Table Multipurpose Desk for Student Bedroom Living Room Workplace",62.64,99,0,1,5,9,"SUNNY BIERE OS.sg "
https://shopee.sg/jiji-sg-calva-height-adjustable-kids-desk-standing-table-study-office-computer-i.31165845.57259739100,"JIJI.SG Calva Height Adjustable Kids Desk Standing Table Study Office Computer",47.9,79,0,1,5,9,"JIJI.SG Official Store"
https://shopee.sg/adjustable-bedside-table-with-wheels-mobile-height-adjustable-laptop-desk-study-table-for-bedroom-ho-i.17824459.48310904499,"Adjustable Bedside Table with Wheels | Mobile Height Adjustable Laptop Desk Study Table for Bedroom Home",22.94,49,0,1,5,9,"Singapore Dream"
https://shopee.sg/coco-sg-solid-wood-folding-desk-bookcase-small-apartment-computer-desk-home-student-kids-study-desk-i.1669432312.51962655815,"🔥COCO.SG🔥Solid Wood Folding Desk Bookcase Small Apartment Computer Desk Home Student Kids Study Desk Study Office Desk",59.4,89,0,1,5,9,"CONOCO  Store.SG"
https://shopee.sg/serene-sg-space-saving-folding-desk-household-computer-writing-table-student-bedroom-bedside-office-i.1374659759.52762849314,"🔥Serene.SG🔥 Space Saving Folding Desk Household Computer Writing Table Student Bedroom Bedside Office Study Furniture",40,69,0,1,5,9,"Serene Furniture Official.sg"
https://shopee.sg/snb-solid-wood-folding-table-mini-computer-desk-compact-student-study-writing-desk-hdb-home-workbenc-i.1093115257.49911177113,"SNB Solid Wood Folding Table Mini Computer Desk Compact Student Study Writing Desk HDB Home Workbench",30,59,0,1,1,9,"SUNNY BIERE OS.sg "
https://shopee.sg/flexidesignx-nikki-study-desk-with-shelving-metal-frame-working-table-home-office-i.179838813.5290488046,"Flexidesignx NIKKI Study Desk with Shelving Metal Frame Working Table Home Office",128.1,199,0,1,5,3,"Flexidesignx Furnitures"
https://shopee.sg/2-door-wardrobe-cloths-cabinet-swing-door-wardrobe-cupboard-with-locks-storage-cabinet-i.123616217.23204746938,"2 Door Wardrobe Cloths Cabinet Swing Door Wardrobe Cupboard With Locks Storage Cabinet",199,299,0,1,5,6,"my home furnishing pte ltd"
https://shopee.sg/furnituresg-4ft-sliding-door-wardrobe-with-interior-sliding-mirror-i.9880889.28032673127,"(FurnitureSG) 4FT Sliding Door Wardrobe With Interior Sliding Mirror",345.6,519,0,1,3,1,"FurnitureSG"
https://shopee.sg/living-mall-haidee-series-2-door-sliding-door-wardrobe-with-internal-mirror-in-5-colors-and-7-door-i.92727875.24628096159,"Living Mall Haidee Series 2-Door Sliding Door Wardrobe with Internal Mirror in 5 Colors And 7 Door",301.62,459,0,1,5,9,"Living Mall"
https://shopee.sg/free-shipping-free-installation-teck-seng-8-feet-sliding-doors-wardrobe-anti-jump-2-sliding-doors-s-i.397284974.16713751403,"(FREE Shipping & FREE Installation) TECK SENG 8 Feet Sliding Doors Wardrobe / Anti-Jump / 2 Sliding Doors / Spacious 6B",658,989,0,1,5,8,"TECK SENG FURNITURE @ SG"
https://shopee.sg/free-shipping-free-installation-teck-seng-8-feet-sliding-doors-wardrobe-anti-jump-2-sliding-doors-s-i.397284974.16220236041,"(FREE Shipping & FREE Installation) TECK SENG 8 Feet Sliding Doors Wardrobe / Anti-Jump / 2 Sliding Doors / Spacious O4A",658,989,0,1,5,8,"TECK SENG FURNITURE @ SG"
https://shopee.sg/free-shipping-free-installation-teck-seng-8-feet-sliding-doors-wardrobe-anti-jump-2-sliding-doors-s-i.397284974.16212572405,"(FREE Shipping & FREE Installation) TECK SENG 8 Feet Sliding Doors Wardrobe / Anti-Jump / 2 Sliding Doors / Spacious 4A",658,989,0,1,5,8,"TECK SENG FURNITURE @ SG"
https://shopee.sg/free-shipping-free-installation-teck-seng-8-feet-sliding-doors-wardrobe-anti-jump-2-sliding-doors-s-i.397284974.13381601061,"(FREE Shipping & FREE Installation) TECK SENG 8 Feet Sliding Doors Wardrobe / Anti-Jump / 2 Sliding Doors /Spacious DB6A",658,989,0,1,2,8,"TECK SENG FURNITURE @ SG"
https://shopee.sg/free-shipping-free-installation-teck-seng-como-sliding-doors-wardrobe-anti-jump-2-sliding-doors-5-6-i.397284974.50200248933,"(FREE Shipping & FREE Installation) TECK SENG COMO Sliding Doors Wardrobe / Anti-Jump / 2 Sliding Doors /5-6-8 FT",608,919,0,1,5,9,"TECK SENG FURNITURE @ SG"
https://shopee.sg/wardrobe-home-solid-wood-combination-two-door-three-door-cabinet-modern-light-simple-large-wardrobe-i.1436415167.44150570862,"Wardrobe home solid wood combination two-door three-door cabinet modern light simple large wardrobe",283.71,429,0,1,5,9,"DreamWard.sg"
https://shopee.sg/sliding-door-wardrobe-free-delivery-install-type-d15-glass-door-solid-plywood-wardrobe-i.8801197.27471011041,"👍Sliding Door Wardrobe (FREE DELIVERY&INSTALL)Type D15 Glass Door Solid Plywood Wardrobe",410.78,619,0,1,5,9,"Home Factor"
https://shopee.sg/sliding-door-wardrobe-type-d10-free-delivery-install-solid-plywood-grey-wardrobe-i.8801197.27721010339,"👍Sliding Door Wardrobe Type D10(FREE DELIVERY&INSTALL) Solid Plywood Grey Wardrobe",410.78,619,0,1,5,9,"Home Factor"
https://shopee.sg/sliding-door-wardrobe-free-delivery-install-type-d1-plywood-bedroom-grey-wardrobe-i.8801197.25789560494,"👍Sliding Door Wardrobe (FREE DELIVERY&INSTALL)Type D1 Plywood Bedroom Grey Wardrobe",410.78,619,0,1,5,9,"Home Factor"
https://shopee.sg/eames-dining-table-free-small-apartment-living-room-square-table-meeting-table-stusy-table-type-g1-i.8801197.529529593,"👍Eames Dining Table(Free🚚🔨)Small apartment living room/Square table/Meeting table/Stusy Table/Type G1",125.66,189,0,1,3,9,"Home Factor"
https://shopee.sg/free-installation-kenzzo-contemporary-dining-table-with-bench-set-4-seater-dining-set-modern-dining-i.99825399.25195245959,"FREE INSTALLATION ! KENZZO:Contemporary Dining Table with Bench Set | 4-Seater Dining Set | Modern Dining Furniture",169.82,259,0,1,5,9,"kenzzo.sg"
https://shopee.sg/free-installation-marble-dining-table-italian-dining-table-set-for-4-dining-table-and-chair-set-sma-i.1206181647.44001408971,"🇸🇬【Free Installation】⚡Marble Dining Table Italian Dining Table Set For 4 Dining Table And Chair Set Small Dining Table",908.09,1369,0,1,5,9,"Monoline Furniture Official Store"
https://shopee.sg/dining-room-set-for-4-cafe-table-set-small-family-dining-set-2-room-dining-table-set-flexidesignx-hi-i.179838813.29762862606,"Dining Room Set for 4 / Cafe Table Set / Small Family Dining Set / 2 Room Dining Table Set Flexidesignx HINO",302.7,459,0,1,5,8,"Flexidesignx Furnitures"
https://shopee.sg/free-installation-sintered-stone-dining-table-solid-wood-dining-table-and-chair-set-square-dining-t-i.1206181647.29880008875,"🇸🇬【Free Installation】Sintered Stone Dining Table Solid Wood Dining Table And Chair Set Square Dining Table",435.74,659,0,1,4,9,"Monoline Furniture Official Store"
https://shopee.sg/free-installation-nordic-sintered-stone-dining-table-minimalist-dining-table-and-chair-set-solid-wo-i.1206181647.27360877953,"🇸🇬【Free Installation】⚡Nordic Sintered Stone Dining Table Minimalist Dining Table And Chair Set Solid Wood Dining Table Scratch Resistant High Temperature Marble",498.11,749,0,1,5,9,"Monoline Furniture Official Store"
https://shopee.sg/free-installation-kenzzo-sloten-elegant-4-seater-dining-table-set-waterproof-scratch-resistant-eco-f-i.99825399.29372972683,"FREE INSTALLATION ! KENZZO: SLOTEN Elegant 4-Seater Dining Table Set | Waterproof, Scratch-Resistant |Eco-Friendly",252.84,379,0,1,5,8,"kenzzo.sg"
https://shopee.sg/furnituresg-sintered-stone-dining-table-with-metal-leg-i.9880889.18484407838,"(FurnitureSG) Sintered Stone Dining Table With Metal Leg",163.66,249,0,1,5,4,"FurnitureSG"
https://shopee.sg/dining-set-1-8-solid-wood-dining-set-2-0m-dining-table-rectangle-table-i.123616217.18886932926,"Dining Set 1+8  Solid Wood Dining Set 2.0m Dining Table Rectangle Table",799,1199,0,1,5,3,"my home furnishing pte ltd"
https://shopee.sg/sg-ready-stock-dining-table-fast-delivery-free-assembly-i.70650596.8894259310,"[SG Ready Stock] Dining Table | Fast Delivery (Free Assembly)",159.9,239,0,1,4,9,"Home And Style"
https://shopee.sg/solid-wood-dining-table-set-solid-wood-table-and-chair-bench-set-customize-new-zealand-wooden-dining-i.60366738.41355184881,"Solid Wood Dining Table Set Solid Wood Table and Chair Bench Set Customize New Zealand Wooden Dining Table 5cm Pine Wood",140.9,219,0,1,1,9,"HopefulLove"
https://shopee.sg/cozylant-transform-extendable-dining-table-set-foldable-table-sintered-stone-rubber-wood-i.1010515154.29787236486,"Cozylant Transform Extendable Dining Table Set / Foldable Table / Sintered Stone / Rubber Wood",527.04,799,0,1,5,9,"Cozylant Official Store"
https://shopee.sg/free-installation-sintered-stone-dining-table-oval-table-and-chair-marble-dining-table-sintered-sto-i.1206181647.29000196363,"🇸🇬【Free Installation】⚡Sintered Stone Dining Table Oval Table And Chair Marble Dining Table Sintered Stone Dining Table Set Scratch Resistant High Temperature",377.49,569,0,1,3,9,"Monoline Furniture Official Store"
https://shopee.sg/free-installation-modern-minimalist-marble-top-dining-table-rectangle-table-dining-table-set-dining-i.397284974.28661117191,"【Free Installation】Modern Minimalist Marble Top Dining Table Rectangle Table Dining Table Set Dining Chair Free Shipping",598,899,0,1,5,9,"TECK SENG FURNITURE @ SG"
https://shopee.sg/free-installation-extendable-dining-table-sintered-stone-dining-table-and-chair-set-round-dining-ta-i.1206181647.28230022504,"🇸🇬【Free Installation】⚡Extendable Dining Table Sintered Stone Dining Table And Chair Set Round Dining Table Small Dining Table",546.18,819,0,1,5,9,"Monoline Furniture Official Store"
https://shopee.sg/furnituresg-dining-table-set-with-4-chairs-i.9880889.28205343782,"(FurnitureSG) Dining Table Set With 4 Chairs",347.43,529,0,1,5,1,"FurnitureSG"
https://shopee.sg/free-installation-creamy-style-sintered-stone-dining-table-luxury-dining-table-and-chair-set-marble-i.1206181647.26064761311,"🇸🇬【Free Installation】⚡Creamy Style Sintered Stone Dining Table Luxury Dining Table And Chair Set Marble Dining Table Set For 4",350.74,529,0,1,5,9,"Monoline Furniture Official Store"
https://shopee.sg/my-tilam-tatami-mattress-foldable-single-queen-king-mattress-i.365046567.9007235311,"MY Tilam Tatami Mattress Foldable Single/Queen/King Mattress",22.73,49,0,1,4.81,9,"ft73xys01a.sg"
https://shopee.sg/99furniture-cozy-mattress-with-9-bonnel-spring-coolmax-fabric-anti-dust-mite-3-ft-3-5ft-5ft-6ft-que-i.1054017527.26020695715,"[𝗙𝗥𝗘𝗘 𝗜𝗡𝗦𝗧𝗔𝗟𝗟]99Furniture Cozy Mattress with 9"" Bonnel Spring/Coolmax Fabric Anti-Dust mite 3 ft/3.5ft/5ft/6ft Queen",199,299,0,1,5,3,"99 Furniture.SG"
https://shopee.sg/latex-mattress-tilam-single-s-single-queen-king-foldable-mattress-tatami-tilam-latex-thick-mattress-i.365052519.19555287953,"Latex Mattress Tilam Single/S. Single/Queen/King Foldable Mattress Tatami Tilam Latex Thick Mattress",61.59,99,0,1,4.79,9,"localgoodsdirect.sg"
https://shopee.sg/living-mall-king-koil-qi-cool-firm-14-mattress-luxury-hotel-collection-3-0-w-pillow-all-sizes-i.92727875.29933031654,"Living Mall King Koil Qi-Cool FIRM 14"" Mattress Luxury Hotel Collection 3.0 - w/ Pillow - All Sizes",1628.7,2449,0,1,5,9,"Living Mall"
https://shopee.sg/thick-mattress-9cm-latex-tilam-single-student-tatami-foldable-mattress-cooling-mattress-i.365040540.29758347587,"Thick Mattress 9CM Latex Tilam Single Student Tatami Foldable Mattress Cooling Mattress",57.66,89,0,1,4.74,9,"klhouse.sg"
https://shopee.sg/11-5inch-mattress-cooling-silk-pocket-spring-memory-foam-free-delivery-install-type-corefit-mattres-i.8801197.29362037949,"👍【11.5INCH】Mattress Cooling Silk+Pocket Spring+Memory Foam(FREE DELIVERY&INSTALL)Type Corefit  Mattress",421.34,639,0,1,5,9,"Home Factor"
https://shopee.sg/livingmall-king-koil-luxury-gentle-13-7-mattress-luxury-hotel-collection-3-0-w-pillow-all-sizes-i.92727875.29233354405,"LivingMall King Koil Luxury GENTLE 13.7"" Mattress Luxury Hotel Collection 3.0 - w/ Pillow- All Sizes",1499.34,2249,0,1,5,9,"Living Mall"
https://shopee.sg/livingmall-honey-ice-snow-11-sensice-series-bonnel-spring-cooling-fabric-mattress-all-sizes-i.92727875.27187083166,"LivingMall Honey Ice Snow 11"" SensICE Series Bonnel Spring Cooling Fabric Mattress - All Sizes",310.9,469,0,1,5,9,"Living Mall"
https://shopee.sg/living-mall-honey-11-13-smart-cool-series-bonnel-pocket-spring-cooling-silk-mattress-all-sizes-i.92727875.24645370400,"Living Mall Honey 11""/13"" Smart Cool Series Bonnel/Pocket Spring Cooling Silk Mattress - All Sizes",260.9,399,0,1,5,8,"Living Mall"
https://shopee.sg/kaki-sg-3-in-1-foldable-sofa-bed-single-spring-mattress-corduroy-lounge-chair-guest-bed-lazy-sofa-w-i.1535261768.51113370008,"【Kaki.SG】3-In-1 Foldable Sofa Bed Single Spring Mattress Corduroy Lounge Chair Guest Bed Lazy Sofa With 2 Free Pillows",203,309,0,1,5,9,"Home Kaki.sg"
https://shopee.sg/living-mall-darah-luxury-couch-velvet-sofa-in-green-colour-for-living-room-i.92727875.40101490264,"Living Mall Darah Luxury Couch Velvet Sofa in Green Colour For Living Room",365.62,549,0,1,5,5,"Living Mall"
https://shopee.sg/new-style-technical-fabric-sofa-lounge-sofa-2-seater-3-seater-4-seater-sofa-set-single-sofa-couch-s-i.1206181647.24030638445,"🇸🇬⚡New Style Technical Fabric Sofa Lounge Sofa 2 Seater 3 Seater 4 Seater Sofa Set Single Sofa Couch Sofa Set Living Room",472.93,709,0,1,5,9,"Monoline Furniture Official Store"
https://shopee.sg/kitchenz-3-in-1-sofa-set-easy-clean-fabric-recliner-with-2-3-seater-sf-p143-i.1911420491.55715506868,"KitchenZ 3 IN 1 Sofa Set Easy Clean Fabric Recliner with 2/3 Seater - SF-P143",1549.5,2329,0,1,5,5,"kitchenz22.sg"
https://shopee.sg/sea-horse-solid-pinewood-bed-frame-kd07z-n-model-3-size-option-i.1488803618.56909128730,"SEA HORSE Solid Pinewood Bed Frame KD07Z-N Model 3 Size Option!",126.19,189,0,1,5,7,"Sea Horse Mattress"
https://shopee.sg/living-mall-adana-upholstered-queen-platform-bed-frame-with-a-vertical-channel-wingback-headboard-i.92727875.12878028274,"Living Mall Adana Upholstered Queen Platform Bed Frame with a Vertical Channel Wingback Headboard",365.62,549,0,1,1,5,"Living Mall"
https://shopee.sg/livingmall-amelia-queen-size-platform-bed-frame-w-mattress-option-in-cobalt-blue-i.92727875.17104548383,"Livingmall Amelia Queen Size Platform Bed Frame w/ Mattress Option In Cobalt Blue",365.62,549,0,1,5,6,"Living Mall"
https://shopee.sg/yhl-04-storage-bed-frame-available-in-4-sizes-i.96886142.4530066067,"YHL 04 Storage Bed Frame (Available In 4 Sizes)",520.54,789,0,1,5,8,"yongheng206"
https://shopee.sg/furnituresg-geraldine-fabric-bedframe-dark-grey-i.9880889.7569297109,"(FurnitureSG) Geraldine Fabric Bedframe (Dark Grey)",235.89,359,0,1,4,2,"FurnitureSG"
https://shopee.sg/living-mall-lemon-leather-storage-bed-frame-sbd-12-in-10-colors-i.92727875.2734442715,"Living Mall Lemon Leather Storage Bed Frame SBD 12"" In 10 Colors",365.62,549,0,1,5,6,"Living Mall"
https://shopee.sg/yhl-promo-3-in-1-bedframe-only-free-delivery-and-installation-i.96886142.12514680616,"YHL ProMo 3 in 1 Bedframe Only (Free Delivery And Installation)",237.45,359,0,1,5,5,"yongheng206"
https://shopee.sg/furniture-metal-folding-bed-single-foldable-portable-bedroom-black-white-folding-bed-single-heavy-du-i.1786887152.49110175669,"Furniture Metal Folding Bed Single Foldable Portable Bedroom Black/White Folding Bed Single Heavy Duty Bed Frame",72.45,109,0,1,5,9,"Freedom MALL"
https://shopee.sg/sg-delivery-office-metal-folding-bed-thickened-sponge-triple-fold-nap-bed-heavy-duty-bed-frame-with-i.1697509275.42827890892,"⚡SG Delivery⚡Office Metal Folding Bed Thickened Sponge Triple fold Nap Bed Heavy Duty Bed Frame With Mattress",85.34,129,0,1,5,9,"EASY SMART HOME"
https://shopee.sg/jiji-sg-marco-sandro-metal-bed-frame-single-add-on-wooden-support-board-90x190cm-i.31165845.45959739082,"JIJI.SG Marco/Sandro Metal Bed Frame Single Add-On Wooden Support Board 90x190cm",31.58,59,0,1,5,9,"JIJI.SG Official Store"
https://shopee.sg/yhl-pvc-divan-bed-frame-with-10-inch-euro-top-spring-mattress-i.96886142.27352386038,"YHL PVC Divan Bed Frame With 10 Inch Euro Top Spring Mattress",259.8,389,0,1,5,6,"yongheng206"
https://shopee.sg/living-mall-tadeo-queen-king-solid-rubberwood-bed-frame-w-underbed-space-with-mattress-option-i.92727875.28812805416,"Living Mall Tadeo Queen/King Solid Rubberwood Bed Frame w/ Underbed Space - With Mattress Option",499.9,749,0,1,5,6,"Living Mall"
https://shopee.sg/gr-furniture-bedroom-solid-minimalist-rubber-wood-single-and-queen-bed-bedframe-i.1017791466.27421786401,"GR Furniture Bedroom Solid Minimalist Rubber Wood Single And Queen Bed Bedframe",91.92,139,0,1,5,9,"GR Furniture"
https://shopee.sg/wooden-bedframe-bedroom-set-furniture-wood-bed-queen-size-bed-double-bed-solid-wooden-bed-katil-kayu-i.123616217.24572978857,"WOODEN BEDFRAME/ BEDROOM SET FURNITURE / WOOD BED/ QUEEN SIZE BED/DOUBLE BED/SOLID WOODEN BED/ KATIL KAYU / BEDFRAME",379,569,0,1,5,8,"my home furnishing pte ltd"
https://shopee.sg/pull-out-bed-frame-sturdy-frame-free-installation-free-delivery-i.30336969.7959173641,"Pull Out Bed Frame * Sturdy Frame * Free Installation * Free delivery",310,469,0,1,5,7,"univonna"
https://shopee.sg/cactus-double-decker-bed-frame-black-white-avail-i.94185530.7040535645,"CACTUS DOUBLE DECKER BED FRAME (BLACK / WHITE AVAIL)",269,409,0,1,3,5,"Furniture Specialist"
https://shopee.sg/storage-bed-frame-single-super-single-queen-king-5-colours-and-6-headboard-designs-i.244018232.7026779678,"Storage Bed Frame - Single / Super Single / Queen / King - 5 colours and 6 Headboard Designs",759,1139,0,1,5,4,"Save Money Lah"
https://shopee.sg/furnituresg-viro-by-mattress-international-storage-bedframe-5-headboard-choices-5-year-warranty-on-i.9880889.6356621432,"(FurnitureSG) Viro (by Mattress International) Storage Bedframe | 5 Headboard Choices *5 Year Warranty on Hydraulic*",759,1139,0,1,4,4,"FurnitureSG"
https://shopee.sg/yhl-07-storage-bed-frame-available-in-4-sizes-i.96886142.5930060228,"YHL 07 Storage Bed Frame (Available In 4 Sizes)",650.9,979,0,1,5,8,"yongheng206"